{
    "l29w1.0sml128": [
        {
            "batch_size": 1,
            "mean_ttft": 248098.7345178922,
            "std_ttft": 1381.7203723593996,
            "mean_tbt": 145035.6417297018,
            "std_tbt": 321.6742062510278
        },
        {
            "batch_size": 2,
            "mean_ttft": 289558.1915767656,
            "std_ttft": 19373.05569086799,
            "mean_tbt": 226767.03511775832,
            "std_tbt": 104.51411125101085
        },
        {
            "batch_size": 4,
            "mean_ttft": 354934.281648861,
            "std_ttft": 2214.9709936659237,
            "mean_tbt": 228349.7850648036,
            "std_tbt": 101.88472190488622
        }
    ]
}