{"ttft": [{"1": [1, 0.2015764405950904], "2": [1, 0.16534615214914083], "3": [1, 0.16272660344839096], "4": [1, 0.1626243144273758], "5": [1, 0.16273227240890265], "6": [1, 0.16298199072480202], "7": [1, 0.15967645030468702], "8": [1, 0.1587105905637145], "9": [1, 0.15968403965234756], "10": [1, 0.16058147884905338], "11": [1, 0.15803883876651525], "12": [1, 0.1609545759856701], "13": [1, 0.16213009133934975], "14": [1, 0.16992560867220163], "15": [1, 0.16247552633285522], "16": [1, 0.15925574488937855], "17": [1, 0.15922416653484106], "18": [1, 0.15914809703826904], "19": [1, 0.15951878298074007], "20": [1, 0.1774852992966771], "21": [1, 0.16312512010335922], "22": [1, 0.161503529176116], "23": [1, 0.15936333499848843], "24": [1, 0.15998748783022165], "25": [1, 0.1616683378815651], "26": [1, 0.15955853275954723], "27": [1, 0.1615490186959505], "28": [1, 0.16100311744958162], "29": [1, 0.17044512275606394], "30": [1, 0.16318092122673988], "31": [1, 0.16068676114082336], "32": [1, 0.15972631238400936], "33": [1, 0.16077829897403717], "34": [1, 0.16039002407342196], "35": [1, 0.15940666664391756], "36": [1, 0.15828759875148535], "37": [1, 0.15878216363489628], "38": [1, 0.16181594785302877], "39": [1, 0.1609336081892252], "40": [1, 0.1593108968809247], "41": [1, 0.15953370463103056], "42": [1, 0.1584348175674677], "43": [1, 0.1586806047707796], "44": [1, 0.16102178860455751], "45": [1, 0.1606320310384035], "46": [1, 0.15834113024175167], "47": [1, 0.15890757273882627], "48": [1, 0.1595730846747756], "49": [1, 0.1603501858189702], "50": [1, 0.1616494795307517], "51": [1, 0.15992061141878366], "52": [1, 0.15910590067505836], "53": [1, 0.15821528248488903], "54": [1, 0.15938653703778982], "55": [1, 0.1613511350005865], "56": [1, 0.16070123203098774], "57": [1, 0.16460082679986954], "58": [1, 0.1615618821233511], "59": [1, 0.16250593215227127], "60": [1, 0.16086753085255623], "61": [1, 0.15960237476974726], "62": [1, 0.16029409784823656], "63": [1, 0.16072483360767365], "64": [1, 0.16245600208640099], "65": [1, 0.16243853140622377], "66": [1, 0.16290337778627872], "67": [1, 0.16161701176315546], "68": [1, 0.16215230710804462], "69": [1, 0.16050043608993292], "70": [1, 0.16184327006340027], "71": [1, 0.15867264848202467]}, {"1": [2, 0.20354886539280415], "2": [2, 0.19332242663949728], "3": [2, 0.17814698722213507], "4": [2, 0.17685303185135126], "5": [2, 0.18763692490756512], "6": [2, 0.17886817920953035], "7": [2, 0.20223874226212502], "8": [2, 0.20016589760780334], "9": [2, 0.18377807084470987], "10": [2, 0.1848067156970501], "11": [2, 0.1881481958553195], "12": [2, 0.18255657330155373], "13": [2, 0.18112648092210293], "14": [2, 0.18619155045598745], "15": [2, 0.18517159298062325], "16": [2, 0.21566724870353937], "17": [2, 0.17909437604248524], "18": [2, 0.19698175229132175], "19": [2, 0.17954001016914845], "20": [2, 0.19097333494573832], "21": [2, 0.18952116183936596], "22": [2, 0.1898603681474924], "23": [2, 0.1778142126277089], "24": [2, 0.17290299013257027], "25": [2, 0.19422585610300303], "26": [2, 0.17478465754538774], "27": [2, 0.181466119363904], "28": [2, 0.1832311488687992], "29": [2, 0.17816114891320467], "30": [2, 0.17824598774313927], "31": [2, 0.1762000322341919], "32": [2, 0.18261297512799501], "33": [2, 0.17336988635361195], "34": [2, 0.17921407520771027], "35": [2, 0.18004415649920702], "36": [2, 0.1922947997227311], "37": [2, 0.17502063605934381], "38": [2, 0.18980946112424135], "39": [2, 0.18167143687605858], "40": [2, 0.1858926573768258], "41": [2, 0.18766518589109182], "42": [2, 0.17770898435264826], "43": [2, 0.1787488628178835], "44": [2, 0.17777346447110176], "45": [2, 0.1779198832809925], "46": [2, 0.20104301813989878], "47": [2, 0.1744707329198718], "48": [2, 0.1867433488368988], "49": [2, 0.17352379485964775], "50": [2, 0.18779437616467476], "51": [2, 0.1788856415078044], "52": [2, 0.1890500420704484], "53": [2, 0.17437061574310064], "54": [2, 0.18621961493045092], "55": [2, 0.17696996498852968], "56": [2, 0.1764690214768052], "57": [2, 0.17566045187413692], "58": [2, 0.17575806006789207], "59": [2, 0.17915561888366938], "60": [2, 0.18740782141685486], "61": [2, 0.1750228190794587], "62": [2, 0.19091640040278435], "63": [2, 0.18061386328190565], "64": [2, 0.18920998089015484], "65": [2, 0.17689375672489405], "66": [2, 0.1863603051751852], "67": [2, 0.1761431684717536], "68": [2, 0.17597748059779406], "69": [2, 0.17723559588193893], "70": [2, 0.1875132229179144], "71": [1, 0.1613169852644205]}, {"1": [4, 0.2636052407324314], "2": [4, 0.22519050724804401], "3": [4, 0.22766744811087847], "4": [4, 0.24279467854648829], "5": [4, 0.22881585359573364], "6": [4, 0.23088603001087904], "7": [4, 0.2375986399129033], "8": [4, 0.22986106108874083], "9": [4, 0.22647521179169416], "10": [4, 0.22812996245920658], "11": [4, 0.2293833876028657], "12": [4, 0.23029734753072262], "13": [4, 0.2249503806233406], "14": [4, 0.23138253390789032], "15": [4, 0.23357002902776003], "16": [4, 0.24062542617321014], "17": [4, 0.22447455674409866], "18": [4, 0.2401473317295313], "19": [4, 0.23034716863185167], "20": [4, 0.22944201808422804], "21": [4, 0.2339378846809268], "22": [4, 0.22629858553409576], "23": [4, 0.23060412425547838], "24": [4, 0.22628259751945734], "25": [4, 0.2412317991256714], "26": [4, 0.22745229303836823], "27": [4, 0.24017211236059666], "28": [4, 0.2251813393086195], "29": [4, 0.22660447284579277], "30": [4, 0.23236255533993244], "31": [4, 0.22845800034701824], "32": [4, 0.22518368158489466], "33": [4, 0.23462881799787283], "34": [4, 0.23120538890361786], "35": [4, 0.22796559799462557], "36": [4, 0.22982432506978512], "37": [4, 0.22672655247151852], "38": [4, 0.22570521477609873], "39": [4, 0.22615697048604488], "40": [4, 0.23114106990396976], "41": [4, 0.22866898868232965], "42": [4, 0.2401030333712697], "43": [4, 0.22528774105012417], "44": [4, 0.22680140286684036], "45": [4, 0.2321423189714551], "46": [4, 0.22931965347379446], "47": [4, 0.22616960015147924], "48": [4, 0.23967550974339247], "49": [4, 0.22723436821252108], "50": [4, 0.23437605425715446], "51": [4, 0.22535273991525173], "52": [4, 0.24329634755849838], "53": [4, 0.22963271755725145], "54": [4, 0.2409686241298914], "55": [4, 0.22715887613594532], "56": [4, 0.22731552366167307], "57": [4, 0.22722212597727776], "58": [4, 0.22831660229712725], "59": [4, 0.22537621669471264], "60": [4, 0.23004207201302052], "61": [4, 0.2265966832637787], "62": [4, 0.22828766331076622], "63": [4, 0.22624217718839645], "64": [4, 0.24214097950607538], "65": [4, 0.23046844638884068], "66": [4, 0.22948112804442644], "67": [4, 0.23040514811873436], "68": [4, 0.2267720913514495], "69": [4, 0.22869816794991493], "70": [4, 0.2244666963815689], "71": [1, 0.16101258248090744]}], "tbt": [{"1": [1, 127, 0.09731215678566084], "2": [1, 127, 0.09533771610723471], "3": [1, 127, 0.09591783036837193], "4": [1, 127, 0.09455596302877965], "5": [1, 127, 0.09614280326013255], "6": [1, 127, 0.09517317454469955], "7": [1, 127, 0.09491872016017831], "8": [1, 127, 0.09454422012176805], "9": [1, 127, 0.09460151114127063], "10": [1, 127, 0.0954228679862196], "11": [1, 127, 0.09522440913683317], "12": [1, 127, 0.09486552300004977], "13": [1, 127, 0.09836109068362027], "14": [1, 127, 0.09845365595629835], "15": [1, 127, 0.09493017652050012], "16": [1, 127, 0.09449952327477651], "17": [1, 127, 0.09462175519007632], "18": [1, 127, 0.09476748839988718], "19": [1, 127, 0.09784249944509718], "20": [1, 127, 0.09446178184543538], "21": [1, 127, 0.09459852208713378], "22": [1, 127, 0.09473502478290965], "23": [1, 127, 0.09462766823776829], "24": [1, 127, 0.09977488537267672], "25": [1, 127, 0.09439355020565311], "26": [1, 127, 0.09471753081966808], "27": [1, 127, 0.0960464986979844], "28": [1, 127, 0.09464241782071318], "29": [1, 127, 0.09440336669758549], "30": [1, 127, 0.09399514830135923], "31": [1, 127, 0.09400077002841657], "32": [1, 127, 0.09385740713722358], "33": [1, 127, 0.09387314969336423],