{"l19w1.0sml64mnt128": [{"batch_size": 1, "mean_ttft": 163554.7328926623, "std_ttft": 951.2461857809046, "mean_tbt": 99577.58224679259, "std_tbt": 78.33007090642957}, {"batch_size": 2, "mean_ttft": 177708.70741456747, "std_ttft": 7253.152829581097, "mean_tbt": 153653.6149560349, "std_tbt": 190.93845389346947}, {"batch_size": 4, "mean_ttft": 188371.8817308545, "std_ttft": 5949.934628581892, "mean_tbt": 153699.40243368075, "std_tbt": 122.20831527556408}]}