{"ttft": [{"1": [1, 0.2653845399618149], "2": [1, 0.2370297210291028], "3": [1, 0.23321971576660872], "4": [1, 0.23680386319756508], "5": [1, 0.23331116326153278], "6": [1, 0.23632160760462284], "7": [1, 0.2335040494799614], "8": [1, 0.23419910110533237], "9": [1, 0.23631434701383114], "10": [1, 0.236434874124825], "11": [1, 0.2358426908031106], "12": [1, 0.23304471280425787], "13": [1, 0.23617583699524403], "14": [1, 0.23619226645678282], "15": [1, 0.23452975321561098], "16": [1, 0.23527186643332243], "17": [1, 0.23482449911534786], "18": [1, 0.2344606351107359], "19": [1, 0.23909842129796743], "20": [1, 0.2341310577467084], "21": [1, 0.23626853432506323], "22": [1, 0.23440678417682648], "23": [1, 0.23580375779420137], "24": [1, 0.23345663398504257], "25": [1, 0.23568362835794687], "26": [1, 0.23429004289209843], "27": [1, 0.23719019163399935], "28": [1, 0.23547246865928173], "29": [1, 0.23468635883182287], "30": [1, 0.23600583337247372], "31": [1, 0.2374187372624874], "32": [1, 0.23339156154543161], "33": [1, 0.23344113025814295], "34": [1, 0.2328822175040841], "35": [1, 0.23630890808999538], "36": [1, 0.2375249145552516], "37": [1, 0.2370255384594202], "38": [1, 0.23443202767521143], "39": [1, 0.23419320117682219], "40": [1, 0.23473738506436348], "41": [1, 0.2347832629457116], "42": [1, 0.2336996365338564], "43": [1, 0.23814062494784594], "44": [1, 0.23781966790556908], "45": [1, 0.23741589300334454], "46": [1, 0.23263188637793064], "47": [1, 0.23542588483542204], "48": [1, 0.23430225625634193], "49": [1, 0.233473245985806], "50": [1, 0.23523057624697685], "51": [1, 0.2375529780983925], "52": [1, 0.23466046154499054], "53": [1, 0.23532868456095457], "54": [1, 0.23415200784802437], "55": [1, 0.23647987004369497], "56": [1, 0.2358187474310398], "57": [1, 0.23595133516937494], "58": [1, 0.2362654423341155], "59": [1, 0.2370712673291564], "60": [1, 0.23492008168250322], "61": [1, 0.23521693795919418], "62": [1, 0.2338677030056715], "63": [1, 0.23601766768842936], "64": [1, 0.23546206392347813], "65": [1, 0.23337700869888067], "66": [1, 0.23731399327516556], "67": [1, 0.23550076317042112], "68": [1, 0.23528378549963236], "69": [1, 0.23435675632208586], "70": [1, 0.23911273200064898], "71": [1, 0.23492999002337456]}, {"1": [2, 0.2880315100774169], "2": [2, 0.2908354476094246], "3": [2, 0.25906463246792555], "4": [2, 0.2552883252501488], "5": [2, 0.26389741618186235], "6": [2, 0.2576406477019191], "7": [2, 0.25122777093201876], "8": [2, 0.29666284937411547], "9": [2, 0.25787615310400724], "10": [2, 0.27511306665837765], "11": [2, 0.2569020055234432], "12": [2, 0.3015211522579193], "13": [2, 0.27964960411190987], "14": [2, 0.26992586348205805], "15": [2, 0.27035343926399946], "16": [2, 0.2608817471191287], "17": [2, 0.2943758312612772], "18": [2, 0.2850176403298974], "19": [2, 0.27054242696613073], "20": [2, 0.29799775034189224], "21": [2, 0.2550905020907521], "22": [2, 0.25978616811335087], "23": [2, 0.2559328330680728], "24": [2, 0.28567556105554104], "25": [2, 0.25307812448590994], "26": [2, 0.2705481220036745], "27": [2, 0.25451713614165783], "28": [2, 0.2862038007006049], "29": [2, 0.25905392318964005], "30": [2, 0.2968990979716182], "31": [2, 0.26783820148557425], "32": [2, 0.2594182873144746], "33": [2, 0.2524848375469446], "34": [2, 0.301426705904305], "35": [2, 0.26618413906544447], "36": [2, 0.25834664050489664], "37": [2, 0.3005963144823909], "38": [2, 0.30082695186138153], "39": [2, 0.25373484287410975], "40": [2, 0.3049487825483084], "41": [2, 0.25988960172981024], "42": [2, 0.25777102168649435], "43": [2, 0.301055402494967], "44": [2, 0.2603860814124346], "45": [2, 0.266539310105145], "46": [2, 0.25836771447211504], "47": [2, 0.2671186635270715], "48": [2, 0.2565346648916602], "49": [2, 0.2584827234968543], "50": [2, 0.2650463776662946], "51": [2, 0.2588636986911297], "52": [2, 0.30119459982961416], "53": [2, 0.2672963012009859], "54": [2, 0.2521498342975974], "55": [2, 0.29513936024159193], "56": [2, 0.2594582810997963], "57": [2, 0.2586715193465352], "58": [2, 0.25399790331721306], "59": [2, 0.2594797406345606], "60": [2, 0.2539881942793727], "61": [2, 0.26025620102882385], "62": [2, 0.30872581247240305], "63": [2, 0.29511007852852345], "64": [2, 0.25657312385737896], "65": [2, 0.2611874211579561], "66": [2, 0.2576559605076909], "67": [2, 0.30539773032069206], "68": [2, 0.26102822180837393], "69": [2, 0.3035340020433068], "70": [2, 0.2993239788338542], "71": [1, 0.24768729507923126]}, {"1": [4, 0.367356326431036], "2": [4, 0.33207286335527897], "3": [4, 0.33185848500579596], "4": [4, 0.3461343413218856], "5": [4, 0.32973221130669117], "6": [4, 0.33766166772693396], "7": [4, 0.33525543566793203], "8": [4, 0.33421423844993114], "9": [4, 0.33680170867592096], "10": [4, 0.33336064871400595], "11": [4, 0.33952672593295574], "12": [4, 0.33260587602853775], "13": [4, 0.3308082688599825], "14": [4, 0.33159933891147375], "15": [4, 0.3511916743591428], "16": [4, 0.3341770498082042], "17": [4, 0.3326396169140935], "18": [4, 0.33105581533163786], "19": [4, 0.3329448942095041], "20": [4, 0.33250694908201694], "21": [4, 0.33144433982670307], "22": [4, 0.3294866429641843], "23": [4, 0.33749149087816477], "24": [4, 0.3340923096984625], "25": [4, 0.33344908710569143], "26": [4, 0.33206983376294374], "27": [4, 0.3304278813302517], "28": [4, 0.33088403660804033], "29": [4, 0.33567288145422935], "30": [4, 0.33440811559557915], "31": [4, 0.33431186713278294], "32": [4, 0.3340729670599103], "33": [4, 0.33603675477206707], "34": [4, 0.336718687787652], "35": [4, 0.3344155428931117], "36": [4, 0.3312093410640955], "37": [4, 0.3299249242991209], "38": [4, 0.3467956716194749], "39": [4, 0.33316519763320684], "40": [4, 0.3339394796639681], "41": [4, 0.331850572489202], "42": [4, 0.33159877452999353], "43": [4, 0.3319337423890829], "44": [4, 0.3328227624297142], "45": [4, 0.3306810352951288], "46": [4, 0.3296827469021082], "47": [4, 0.3340278873220086], "48": [4, 0.3341477867215872], "49": [4, 0.3308709030970931], "50": [4, 0.3316904241219163], "51": [4, 0.3330619363114238], "52": [4, 0.3340814560651779], "53": [4, 0.3467791089788079], "54": [4, 0.33022131118923426], "55": [4, 0.3323818864300847], "56": [4, 0.3357526771724224], "57": [4, 0.3313690172508359], "58": [4, 0.33066081535071135], "59": [4, 0.3333720751106739], "60": [4, 0.3351166155189276], "61": [4, 0.3373018903657794], "62": [4, 0.3309579622000456], "63": [4, 0.335013585165143], "64": [4, 0.3311135107651353], "65": [4, 0.33183528296649456], "66": [4, 0.33558608032763004], "67": [4, 0.333305605687201], "68": [4, 0.33266366459429264], "69": [4, 0.3357007196173072], "70": [4, 0.3298092959448695], "71": [1, 0.23905744589865208]}], "tbt": [{"1": [1, 255, 0.1384871188843367], "2": [1, 255, 0.13806790036751942], "3": [1, 255, 0.1379030222621034], "4": [1, 255, 0.13855603068482641], "5": [1, 255, 0.13914400968773694], "6": [1, 255, 0.13936818677785934], "7": [1, 255, 0.1393090133610017], "8": [1, 255, 0.13889517436790116], "9": [1, 255, 0.1384156589816306], "10": [1, 255, 0.1380578043085395], "11": [1, 255, 0.13812217118182019], "12": [1, 255, 0.13810102836612392], "13": [1, 255, 0.13791370705208358], "14": [1, 255, 0.1380496695966405], "15": [1, 255, 0.1381310182130512], "16": [1, 255, 0.13812035998950403], "17": [1, 255, 0.1379360078267899], "18": [1, 255, 0.13778469536599575], "19": [1, 255, 0.1379528559744358], "20": [1, 255, 0.13779698403953922], "21": [1, 255, 0.1378856682273395], "22": [1, 255, 0.13785046986943367], "23": [1, 255, 0.13808970945138557], "24": [1, 255, 0.13805138320826432], "25": [1, 255, 0.13785650333499208], "26": [1, 255, 0.13786527715331198], "27": [1, 255, 0.13801616409464795], "28": [1, 255, 0.1380861564703724], "29": [1, 255, 0.13813619460253154], "30": [1, 255, 0.13805725345862846], "31": [1, 255, 0.13803070933357173], "32": [1, 255, 0.13804555144160985], "33": [1, 255, 0.13795948803570926], "34": [1, 255, 0.13800321777588598], "35": [1, 255, 0.1379181325946953],