{"l29w1.0sml128mnt128": [{"batch_size": 1, "mean_ttft": 254349.21611100435, "std_ttft": 5176.840945060681, "mean_tbt": 150536.856981889, "std_tbt": 1600.3814824454485}, {"batch_size": 2, "mean_ttft": 289190.67710638046, "std_ttft": 7266.12104124763, "mean_tbt": 230856.44100389376, "std_tbt": 125.22496452390489}, {"batch_size": 4, "mean_ttft": 358604.6511121094, "std_ttft": 8099.215101763244, "mean_tbt": 233357.36522876375, "std_tbt": 1257.7348719595448}]}