{"l28w1.0": [{"batch_size": 1, "mean_ttft": 257557.1804617842, "std_ttft": 1382.8438203667874, "mean_tbt": 140794.03181391928, "std_tbt": 102.83321036414704}, {"batch_size": 2, "mean_ttft": 364202.8216065632, "std_ttft": 16183.522571179501, "mean_tbt": 220258.03340375746, "std_tbt": 128.40675392977442}, {"batch_size": 4, "mean_ttft": 530619.2424562243, "std_ttft": 12137.421700881205, "mean_tbt": 225701.54980936923, "std_tbt": 1916.4660590264732}]}