{"l18w1.0sml128mnt128": [{"batch_size": 1, "mean_ttft": 160827.5262825191, "std_ttft": 1983.5874262714372, "mean_tbt": 94916.2707712472, "std_tbt": 1380.7555000807477}, {"batch_size": 2, "mean_ttft": 181511.37731969357, "std_ttft": 6467.380909259665, "mean_tbt": 148108.32119319498, "std_tbt": 497.837969604735}, {"batch_size": 4, "mean_ttft": 230102.86163538694, "std_ttft": 5057.767989495809, "mean_tbt": 147996.5819412564, "std_tbt": 127.37164191633906}]}