{"l31w1.0sml64": [{"batch_size": 1, "mean_ttft": 261727.84270925654, "std_ttft": 1407.03688783363, "mean_tbt": 160225.98513006387, "std_tbt": 169.75654294592448}, {"batch_size": 2, "mean_ttft": 290977.3939185672, "std_ttft": 19294.691516988627, "mean_tbt": 248032.60630844787, "std_tbt": 307.7672728439927}, {"batch_size": 4, "mean_ttft": 299683.0527774162, "std_ttft": 14261.69447201977, "mean_tbt": 249130.99737915015, "std_tbt": 218.36449502624026}]}