{"l32w1.0sml128mnt128": [{"batch_size": 1, "mean_ttft": 279558.3971776068, "std_ttft": 1708.3739006951703, "mean_tbt": 166560.41535893528, "std_tbt": 277.6895179151514}, {"batch_size": 2, "mean_ttft": 318943.3157071471, "std_ttft": 8381.788190683337, "mean_tbt": 257095.71702640475, "std_tbt": 131.60116949864448}, {"batch_size": 4, "mean_ttft": 398633.5604824126, "std_ttft": 7153.515657026984, "mean_tbt": 258090.25159941652, "std_tbt": 715.2106292219299}]}