{
    "l20w1.0sml128mnt128": [
        {
            "batch_size": 1,
            "mean_ttft": 177624.56957250834,
            "std_ttft": 2220.043756444355,
            "mean_tbt": 104587.44970626954,
            "std_tbt": 1286.645440344668
        },
        {
            "batch_size": 2,
            "mean_ttft": 201186.76979094744,
            "std_ttft": 5915.807092332735,
            "mean_tbt": 160735.99254947127,
            "std_tbt": 138.03475817287625
        },
        {
            "batch_size": 4,
            "mean_ttft": 251514.8731507361,
            "std_ttft": 3904.2976663969853,
            "mean_tbt": 160954.47669465712,
            "std_tbt": 131.76251139699286
        }
    ]
}