{
    "l32w1.0": [
        {
            "batch_size": 1,
            "mean_ttft": 276390.7538519965,
            "std_ttft": 3203.8427825643053,
            "mean_tbt": 166463.0009561842,
            "std_tbt": 226.77219058549593
        },
        {
            "batch_size": 2,
            "mean_ttft": 305899.04255337187,
            "std_ttft": 20210.414991245605,
            "mean_tbt": 256878.5971805681,
            "std_tbt": 826.1681281901411
        },
        {
            "batch_size": 4,
            "mean_ttft": 388960.07537841797,
            "std_ttft": 34553.93396456004,
            "mean_tbt": 257211.3409644898,
            "std_tbt": 542.3157631440185
        }
    ]
}