{"ttft": [{"1": [1, 0.26662260852754116], "2": [1, 0.23961183987557888], "3": [1, 0.23901114705950022], "4": [1, 0.24176187440752983], "5": [1, 0.24198519065976143], "6": [1, 0.23916300386190414], "7": [1, 0.24084524530917406], "8": [1, 0.24067559652030468], "9": [1, 0.24159174505621195], "10": [1, 0.23939112853258848], "11": [1, 0.24027871899306774], "12": [1, 0.23942735698074102], "13": [1, 0.2434828383848071], "14": [1, 0.24016808718442917], "15": [1, 0.24029119405895472], "16": [1, 0.2409945260733366], "17": [1, 0.23948673252016306], "18": [1, 0.23915311601012945], "19": [1, 0.24250397738069296], "20": [1, 0.24049414042383432], "21": [1, 0.24131327029317617], "22": [1, 0.242043761536479], "23": [1, 0.2418396035209298], "24": [1, 0.2406056858599186], "25": [1, 0.23918862361460924], "26": [1, 0.2416319940239191], "27": [1, 0.2414922658354044], "28": [1, 0.24077991303056479], "29": [1, 0.23906029295176268], "30": [1, 0.23946380708366632], "31": [1, 0.23919641971588135], "32": [1, 0.24023414868861437], "33": [1, 0.24085352011024952], "34": [1, 0.23985575046390295], "35": [1, 0.24060351215302944], "36": [1, 0.24121435545384884], "37": [1, 0.2395184552296996], "38": [1, 0.2387497816234827], "39": [1, 0.240686540491879], "40": [1, 0.24206192418932915], "41": [1, 0.239282195456326], "42": [1, 0.23911532666534185], "43": [1, 0.24017501436173916], "44": [1, 0.23865335062146187], "45": [1, 0.2401530249044299], "46": [1, 0.23885334935039282], "47": [1, 0.23957726918160915], "48": [1, 0.24137829802930355], "49": [1, 0.24317494686692953], "50": [1, 0.2414553863927722], "51": [1, 0.23915293160825968]}, {"1": [2, 0.2765782782807946], "2": [2, 0.27201148122549057], "3": [2, 0.27232623659074306], "4": [2, 0.2541576772928238], "5": [2, 0.2713824072852731], "6": [2, 0.2653464749455452], "7": [2, 0.27152822259813547], "8": [2, 0.2510153707116842], "9": [2, 0.2613742398098111], "10": [2, 0.25229711551219225], "11": [2, 0.2544178497046232], "12": [2, 0.270239794626832], "13": [2, 0.25552884582430124], "14": [2, 0.27364881336688995], "15": [2, 0.25489215087145567], "16": [2, 0.2547850236296654], "17": [2, 0.27325134817510843], "18": [2, 0.25427709706127644], "19": [2, 0.27295904979109764], "20": [2, 0.2545732222497463], "21": [2, 0.2534520346671343], "22": [2, 0.2758044134825468], "23": [2, 0.27794784866273403], "24": [2, 0.2536693913862109], "25": [2, 0.2727481694892049], "26": [2, 0.2559522334486246], "27": [2, 0.269415196031332], "28": [2, 0.2734157294034958], "29": [2, 0.27765102963894606], "30": [2, 0.2754160352051258], "31": [2, 0.25731161423027515], "32": [2, 0.273909660987556], "33": [2, 0.2714936789125204], "34": [2, 0.2534726979210973], "35": [2, 0.2714219791814685], "36": [2, 0.255197387188673], "37": [2, 0.27158350497484207], "38": [2, 0.26874365843832493], "39": [2, 0.25117857195436954], "40": [2, 0.2724833441898227], "41": [2, 0.25164095498621464], "42": [2, 0.2706349855288863], "43": [2, 0.2520932098850608], "44": [2, 0.2555299997329712], "45": [2, 0.25461483001708984], "46": [2, 0.24907339364290237], "47": [2, 0.2580457981675863], "48": [2, 0.2739077443256974], "49": [2, 0.27155593037605286], "50": [2, 0.273949570953846], "51": [1, 0.244281854480505]}, {"1": [4, 0.30754712224006653], "2": [4, 0.26870310865342617], "3": [4, 0.27113079000264406], "4": [4, 0.28840885404497385], "5": [4, 0.28572203405201435], "6": [4, 0.2743268320336938], "7": [4, 0.2748369947075844], "8": [4, 0.2713813344016671], "9": [4, 0.279967475682497], "10": [4, 0.2898131748661399], "11": [4, 0.2841429067775607], "12": [4, 0.27247087843716145], "13": [4, 0.271019103936851], "14": [4, 0.26775976084172726], "15": [4, 0.2923275316134095], "16": [4, 0.2695241281762719], "17": [4, 0.26788860745728016], "18": [4, 0.2673728121444583], "19": [4, 0.26859238743782043], "20": [4, 0.27105164900422096], "21": [4, 0.28618354722857475], "22": [4, 0.29088415298610926], "23": [4, 0.2886249478906393], "24": [4, 0.2701832475140691], "25": [4, 0.2730325534939766], "26": [4, 0.27131668105721474], "27": [4, 0.2697160495445132], "28": [4, 0.2697818884626031], "29": [4, 0.27291759103536606], "30": [4, 0.2716626552864909], "31": [4, 0.2735706828534603], "32": [4, 0.2721445979550481], "33": [4, 0.2917508948594332], "34": [4, 0.26785694621503353], "35": [4, 0.2696609953418374], "36": [4, 0.27254840079694986], "37": [4, 0.267064212821424], "38": [4, 0.2687664721161127], "39": [4, 0.2927547888830304], "40": [4, 0.28556592017412186], "41": [4, 0.2742679584771395], "42": [4, 0.2933474611490965], "43": [4, 0.2664005970582366], "44": [4, 0.26859030965715647], "45": [4, 0.2923534298315644], "46": [4, 0.26945765130221844], "47": [4, 0.27466680109500885], "48": [4, 0.287578321993351], "49": [4, 0.26698210928589106], "50": [4, 0.26897485740482807], "51": [1, 0.24111852329224348]}], "tbt": [{"1": [1, 127, 0.1460827642274419], "2": [1, 127, 0.14600287128503867], "3": [1, 127, 0.1459973425215741], "4": [1, 127, 0.14593125730166284], "5": [1, 127, 0.14596712884793836], "6": [1, 127, 0.14591613068707346], "7": [1, 127, 0.14599021321059916], "8": [1, 127, 0.14607527373197277], "9": [1, 127, 0.1460212504960538], "10": [1, 127, 0.146042962690566], "11": [1, 127, 0.14589602030139034], "12": [1, 127, 0.14589329791350628], "13": [1, 127, 0.1461418370576942], "14": [1, 127, 0.14615913910981942], "15": [1, 127, 0.14618451413735162], "16": [1, 127, 0.1460445626294167], "17": [1, 127, 0.1462712496020428], "18": [1, 127, 0.14594174130255078], "19": [1, 127, 0.14663581059526976], "20": [1, 127, 0.14659165280805095], "21": [1, 127, 0.14651459232559355], "22": [1, 127, 0.14606280717998743], "23": [1, 127, 0.14602264470794774], "24": [1, 127, 0.14598128122578222], "25": [1, 127, 0.1459722693965543], "26": [1, 127, 0.1460035970566545], "27": [1, 127, 0.14605472785398715], "28": [1, 127, 0.14603220533550254], "29": [1, 127, 0.14603523229520152], "30": [1, 127, 0.14607191098281952], "31": [1, 127, 0.14601061615623592], "32": [1, 127, 0.14582856580263048], "33": [1, 127, 0.14580273915698208], "34": [1, 127, 0.14574180110027707], "35": [1, 127, 0.14572509466927117], "36": [1, 127, 0.14566217324747813], "37": [1, 127, 0.14570087523705613], "38": [1, 127, 0.14581898307999758], "39": [1, 127, 0.14574777270395925], "40": [1, 127, 0.14570095875542463], "41": [1, 127, 0.1458114897612277], "42": [1, 127, 0.1456591900159407], "43": [1, 127, 0.14570820684302746], "44": [1, 127, 0.1458136727080101], "45": [1, 127, 0.14580742750082196], "46": [1, 127, 0.14590359394123234], "47": [1, 127, 0.14578322880703398], "48": [1, 127, 0.14584350779535263], "49": [1, 127, 0.14579421963073372], "50": [1, 127, 0.14581635268771742]}, {"1": [2, 127, 0.22868910846923748], "2": [2, 127, 0.22865105857412646], "3": [2, 127, 0.22871245982814728], "4": [2, 127, 0.22927128539721328], "5": [2, 127, 0.22878145563643515], "6": [2, 127, 0.22821577086927383], "7": [2, 127, 0.22815728376025524], "8": [2, 127, 0.2280291176115082], "9": [2, 127, 0.22797026391339115], "10": [2, 127, 0.22814547929795473], "11": [2, 127, 0.22784658013219675], "12": [2, 127, 0.22822953626425482], "13": [2, 127, 0.22791444585753942], "14": [2, 127, 0.22796551223961622], "15": [2, 127, 0.22804629543106855], "16": [2, 127, 0.2280247001358726], "17": [2, 127, 0.22809914782584653], "18": [2, 127, 0.2281237350791458], "19": [2, 127, 0.22825049326615773], "20": [2, 127, 0.22813491042204728], "21": [2, 127, 0.2280137963798337], "22": [2, 127, 0.2284769524827482], "23": [2, 127, 0.22868001964089907], "24": [2, 127, 0.22861629208975184], "25": [2, 127, 0.22878507674327048], "26": [2, 127, 0.22853620412693484], "27": [2, 127, 0.2284309892937189], "28": [2, 127, 0.22852945791953427], "29": [2, 127, 0.22870002310048407], "30": [2, 127, 0.2284047129292657], "31": [2, 127, 0.228369847453368], "32": [2, 127, 0.2283815700912804], "33": [2, 127, 0.22849867616112776], "34": [2, 127, 0.22846245998150017], "35": [2, 127, 0.2283960775596889], "36": [2, 127, 0.2284556517054833], "37": [2, 127, 0.2282970772953484],