{"ttft": [{"1": [1, 0.18986164033412933], "2": [1, 0.16137008275836706], "3": [1, 0.15454840287566185], "4": [1, 0.1535114347934723], "5": [1, 0.15143373049795628], "6": [1, 0.15147087909281254], "7": [1, 0.15136426035314798], "8": [1, 0.14804094843566418], "9": [1, 0.14834765624254942], "10": [1, 0.1490941671654582], "11": [1, 0.15297271125018597], "12": [1, 0.14859020337462425], "13": [1, 0.15055599063634872], "14": [1, 0.14776541199535131], "15": [1, 0.15003539621829987], "16": [1, 0.1497755190357566], "17": [1, 0.14962209109216928], "18": [1, 0.14852833282202482], "19": [1, 0.14963213168084621], "20": [1, 0.15084573719650507], "21": [1, 0.1515732081606984], "22": [1, 0.14985533896833658], "23": [1, 0.15189205575734377], "24": [1, 0.1481613777577877], "25": [1, 0.14922751672565937], "26": [1, 0.15120388194918633], "27": [1, 0.1498878188431263], "28": [1, 0.1516805673018098], "29": [1, 0.1509910747408867], "30": [1, 0.14799849968403578], "31": [1, 0.1509511461481452], "32": [1, 0.14797101076692343], "33": [1, 0.15055767074227333], "34": [1, 0.14868018310517073], "35": [1, 0.14846099447458982], "36": [1, 0.15090877562761307], "37": [1, 0.15477768145501614], "38": [1, 0.15169888734817505], "39": [1, 0.1481695780530572], "40": [1, 0.14995496813207865], "41": [1, 0.1500771064311266], "42": [1, 0.1518523059785366], "43": [1, 0.14887694083154202], "44": [1, 0.14866841305047274], "45": [1, 0.1485351361334324], "46": [1, 0.14874696172773838], "47": [1, 0.14819632843136787], "48": [1, 0.1486170133575797], "49": [1, 0.14877597149461508], "50": [1, 0.14886606112122536], "51": [1, 0.14929125551134348], "52": [1, 0.14953207317739725], "53": [1, 0.14798711147159338], "54": [1, 0.15025545470416546], "55": [1, 0.15078745875507593], "56": [1, 0.149498893879354], "57": [1, 0.15010526683181524], "58": [1, 0.149540264159441], "59": [1, 0.14971215184777975], "60": [1, 0.15107053611427546], "61": [1, 0.15097162686288357], "62": [1, 0.150649880990386], "63": [1, 0.14796436112374067], "64": [1, 0.1488763215020299], "65": [1, 0.14862168487161398], "66": [1, 0.1511592548340559], "67": [1, 0.14974134229123592], "68": [1, 0.15164398029446602], "69": [1, 0.15031531546264887], "70": [1, 0.1533781597390771], "71": [1, 0.14960380271077156]}, {"1": [2, 0.19155418407171965], "2": [2, 0.16933137364685535], "3": [2, 0.16567816585302353], "4": [2, 0.16810409631580114], "5": [2, 0.16280302964150906], "6": [2, 0.17074539698660374], "7": [2, 0.16886014863848686], "8": [2, 0.17577676847577095], "9": [2, 0.17449090257287025], "10": [2, 0.17054226715117693], "11": [2, 0.174802016466856], "12": [2, 0.16222636494785547], "13": [2, 0.17506952304393053], "14": [2, 0.1614999333396554], "15": [2, 0.17469202727079391], "16": [2, 0.17548143863677979], "17": [2, 0.17498067300766706], "18": [2, 0.17528188973665237], "19": [2, 0.17409901414066553], "20": [2, 0.1629129070788622], "21": [2, 0.1592165706679225], "22": [2, 0.17509354278445244], "23": [2, 0.164726915769279], "24": [2, 0.1786125712096691], "25": [2, 0.1685768598690629], "26": [2, 0.16246334370225668], "27": [2, 0.16554106585681438], "28": [2, 0.17517732363194227], "29": [2, 0.16090654209256172], "30": [2, 0.16282741073518991], "31": [2, 0.17714335024356842], "32": [2, 0.1672499282285571], "33": [2, 0.16093386244028807], "34": [2, 0.17417098488658667], "35": [2, 0.17470604926347733], "36": [2, 0.17466572020202875], "37": [2, 0.17375605087727308], "38": [2, 0.1754414113238454], "39": [2, 0.1758079370483756], "40": [2, 0.16423359420150518], "41": [2, 0.1624314459040761], "42": [2, 0.17506908532232046], "43": [2, 0.17450378369539976], "44": [2, 0.16269982233643532], "45": [2, 0.17657675873488188], "46": [2, 0.17811437975615263], "47": [2, 0.17497219797223806], "48": [2, 0.17543494328856468], "49": [2, 0.1746732210740447], "50": [2, 0.17388157080858946], "51": [2, 0.17604050505906343], "52": [2, 0.17495525814592838], "53": [2, 0.17504761833697557], "54": [2, 0.17593019641935825], "55": [2, 0.17515332717448473], "56": [2, 0.17444227449595928], "57": [2, 0.17077246867120266], "58": [2, 0.17626475263386965], "59": [2, 0.1620099414139986], "60": [2, 0.17480485700070858], "61": [2, 0.17464978899806738], "62": [2, 0.17751012463122606], "63": [2, 0.17491030786186457], "64": [2, 0.17451539356261492], "65": [2, 0.17576053831726313], "66": [2, 0.17500755842775106], "67": [2, 0.1755464021116495], "68": [2, 0.17520489543676376], "69": [2, 0.16379418410360813], "70": [2, 0.1745535535737872], "71": [1, 0.1626406079158187]}, {"1": [4, 0.24172515980899334], "2": [4, 0.21455817576497793], "3": [4, 0.21380187571048737], "4": [4, 0.2163230963051319], "5": [4, 0.21407352481037378], "6": [4, 0.21186751034110785], "7": [4, 0.2123609147965908], "8": [4, 0.21365120075643063], "9": [4, 0.21238719578832388], "10": [4, 0.21045336965471506], "11": [4, 0.21482031792402267], "12": [4, 0.2108086170628667], "13": [4, 0.21121697314083576], "14": [4, 0.21283943392336369], "15": [4, 0.20975846145302057], "16": [4, 0.21341482736170292], "17": [4, 0.21032551489770412], "18": [4, 0.20983868092298508], "19": [4, 0.2101538684219122], "20": [4, 0.21135779563337564], "21": [4, 0.20936830807477236], "22": [4, 0.21222002524882555], "23": [4, 0.21381076611578465], "24": [4, 0.2114844834432006], "25": [4, 0.21075050346553326], "26": [4, 0.21153499372303486], "27": [4, 0.2095705484971404], "28": [4, 0.21300039812922478], "29": [4, 0.21145487762987614], "30": [4, 0.21056232787668705], "31": [4, 0.215496770106256], "32": [4, 0.2167457453906536], "33": [4, 0.21402221824973822], "34": [4, 0.21272453386336565], "35": [4, 0.21634084079414606], "36": [4, 0.21146338991820812], "37": [4, 0.20983518939465284], "38": [4, 0.21391438134014606], "39": [4, 0.21452880464494228], "40": [4, 0.21282761543989182], "41": [4, 0.21103902626782656], "42": [4, 0.21361008659005165], "43": [4, 0.21187847666442394], "44": [4, 0.21328032203018665], "45": [4, 0.2137366160750389], "46": [4, 0.21234497241675854], "47": [4, 0.2134397504851222], "48": [4, 0.21476962510496378], "49": [4, 0.21335491258651018], "50": [4, 0.21072761248797178], "51": [4, 0.2106293560937047], "52": [4, 0.21992256492376328], "53": [4, 0.2122509367763996], "54": [4, 0.20919456332921982], "55": [4, 0.21042099967598915], "56": [4, 0.21339780371636152], "57": [4, 0.21188479289412498], "58": [4, 0.21173260547220707], "59": [4, 0.21038585156202316], "60": [4, 0.21137958019971848], "61": [4, 0.21196580305695534], "62": [4, 0.21702840365469456], "63": [4, 0.2101268758997321], "64": [4, 0.2106927391141653], "65": [4, 0.2149645583704114], "66": [4, 0.21316699031740427], "67": [4, 0.21356604620814323], "68": [4, 0.21600474696606398], "69": [4, 0.2109300186857581], "70": [4, 0.2087365034967661], "71": [1, 0.14766849018633366]}], "tbt": [{"1": [1, 127, 0.08850501903046773], "2": [1, 127, 0.08728967483822755], "3": [1, 127, 0.08695929109551541], "4": [1, 127, 0.08681087930664771], "5": [1, 127, 0.08677653446206897], "6": [1, 127, 0.08669981971295096], "7": [1, 127, 0.08675088553036761], "8": [1, 127, 0.08668363538724701], "9": [1, 127, 0.08671919987573633], "10": [1, 127, 0.08661200446406687], "11": [1, 127, 0.08674007457659], "12": [1, 127, 0.08675857783683877], "13": [1, 127, 0.08684962814835114], "14": [1, 127, 0.0866560371240645], "15": [1, 127, 0.08666796441827937], "16": [1, 127, 0.08671433444127558], "17": [1, 127, 0.0866812285637175], "18": [1, 127, 0.08675974231271998], "19": [1, 127, 0.0867043405433926], "20": [1, 127, 0.08670494582973362], "21": [1, 127, 0.08672016190262291], "22": [1, 127, 0.08672348874085765], "23": [1, 127, 0.08670935349348258], "24": [1, 127, 0.08677396615307162], "25": [1, 127, 0.08660944030568825], "26": [1, 127, 0.08670227074130314], "27": [1, 127, 0.08653023119605198], "28": [1, 127, 0.08669599464647179], "29": [1, 127, 0.08662221569743916], "30": [1, 127, 0.08660730737899466], "31": [1, 127, 0.08657124459626168], "32": [1, 127, 0.0866857862803997], "33": [1, 127, 0.08674660731312328], "34": [1, 127, 0.0867499353393443],