{"ttft": [{"1": [1, 0.37158614210784435], "2": [1, 0.23594911396503448], "3": [1, 0.23459357116371393], "4": [1, 0.2383503457531333], "5": [1, 0.23442856222391129], "6": [1, 0.2344961604103446], "7": [1, 0.23315346706658602], "8": [1, 0.23288781009614468], "9": [1, 0.23287802934646606], "10": [1, 0.23173210211098194], "11": [1, 0.23360260110348463], "12": [1, 0.23226020578294992], "13": [1, 0.23296329844743013], "14": [1, 0.23201205860823393], "15": [1, 0.23154095374047756], "16": [1, 0.23265437968075275], "17": [1, 0.23214315250515938], "18": [1, 0.23450520541518927], "19": [1, 0.23111447133123875], "20": [1, 0.23359185364097357], "21": [1, 0.23194618988782167], "22": [1, 0.23370613995939493], "23": [1, 0.23262059222906828], "24": [1, 0.23466154653578997], "25": [1, 0.23458688706159592], "26": [1, 0.23337311949580908], "27": [1, 0.23454089555889368], "28": [1, 0.23309308011084795], "29": [1, 0.2331709172576666], "30": [1, 0.23275481164455414], "31": [1, 0.23359041195362806], "32": [1, 0.23279460985213518], "33": [1, 0.23101471923291683], "34": [1, 0.23537676967680454], "35": [1, 0.23364992626011372], "36": [1, 0.2307446300983429], "37": [1, 0.23305275198072195], "38": [1, 0.2339183408766985], "39": [1, 0.23195897229015827], "40": [1, 0.23195870220661163], "41": [1, 0.23494134563952684], "42": [1, 0.23462276998907328], "43": [1, 0.23307678569108248], "44": [1, 0.23062275350093842], "45": [1, 0.2330033639445901], "46": [1, 0.23204008489847183], "47": [1, 0.231741557829082], "48": [1, 0.23157470859587193], "49": [1, 0.23317207861691713], "50": [1, 0.2334302058443427], "51": [1, 0.23330301698297262]}, {"1": [2, 0.27027625869959593], "2": [2, 0.2418506247922778], "3": [2, 0.26284884102642536], "4": [2, 0.24805885925889015], "5": [2, 0.2609839094802737], "6": [2, 0.24601281061768532], "7": [2, 0.2638017237186432], "8": [2, 0.24658774305135012], "9": [2, 0.2581167882308364], "10": [2, 0.2462464440613985], "11": [2, 0.25066165067255497], "12": [2, 0.24139000847935677], "13": [2, 0.24485083762556314], "14": [2, 0.2627596966922283], "15": [2, 0.24596227705478668], "16": [2, 0.2653650864958763], "17": [2, 0.25471889413893223], "18": [2, 0.26188699062913656], "19": [2, 0.24508447665721178], "20": [2, 0.24719396978616714], "21": [2, 0.2406057920306921], "22": [2, 0.24238106049597263], "23": [2, 0.2655609669163823], "24": [2, 0.2411812199279666], "25": [2, 0.24476211704313755], "26": [2, 0.26494298595935106], "27": [2, 0.24329499900341034], "28": [2, 0.24395302031189203], "29": [2, 0.24503025505691767], "30": [2, 0.24441570974886417], "31": [2, 0.2452314393594861], "32": [2, 0.24620354641228914], "33": [2, 0.24204971082508564], "34": [2, 0.2439705766737461], "35": [2, 0.2656149407848716], "36": [2, 0.25403356831520796], "37": [2, 0.2586260652169585], "38": [2, 0.2450335379689932], "39": [2, 0.25681117083877325], "40": [2, 0.26142033841460943], "41": [2, 0.26208555791527033], "42": [2, 0.2495747096836567], "43": [2, 0.2606007419526577], "44": [2, 0.2451543565839529], "45": [2, 0.26277232356369495], "46": [2, 0.2457856759428978], "47": [2, 0.24551787693053484], "48": [2, 0.24096968676894903], "49": [2, 0.24597944784909487], "50": [2, 0.2618216648697853], "51": [1, 0.23558161407709122]}, {"1": [4, 0.29420244973152876], "2": [4, 0.258859533816576], "3": [4, 0.28727872762829065], "4": [4, 0.28419425059109926], "5": [4, 0.2678328575566411], "6": [4, 0.26212628092616796], "7": [4, 0.2824036553502083], "8": [4, 0.27379430271685123], "9": [4, 0.26057254523038864], "10": [4, 0.26113871578127146], "11": [4, 0.26333945896476507], "12": [4, 0.26340718753635883], "13": [4, 0.2610942218452692], "14": [4, 0.2730212826281786], "15": [4, 0.2610712517052889], "16": [4, 0.28413192089647055], "17": [4, 0.2706795074045658], "18": [4, 0.26361756678670645], "19": [4, 0.2615806693211198], "20": [4, 0.26740195136517286], "21": [4, 0.26218111999332905], "22": [4, 0.28278869949281216], "23": [4, 0.26561553683131933], "24": [4, 0.28144512232393026], "25": [4, 0.2629453865811229], "26": [4, 0.2645792765542865], "27": [4, 0.2617958774790168], "28": [4, 0.2736134883016348], "29": [4, 0.2626815941184759], "30": [4, 0.2598597966134548], "31": [4, 0.28322181291878223], "32": [4, 0.26265148911625147], "33": [4, 0.2680801544338465], "34": [4, 0.2852794472128153], "35": [4, 0.2582583362236619], "36": [4, 0.26262340508401394], "37": [4, 0.28591211698949337], "38": [4, 0.26110706105828285], "39": [4, 0.2769383192062378], "40": [4, 0.2603616090491414], "41": [4, 0.2605288764461875], "42": [4, 0.26452402863651514], "43": [4, 0.2609335593879223], "44": [4, 0.2603969257324934], "45": [4, 0.26481086388230324], "46": [4, 0.2789386799558997], "47": [4, 0.2774149663746357], "48": [4, 0.262590067461133], "49": [4, 0.2640200797468424], "50": [4, 0.26037000212818384], "51": [1, 0.25441479962319136]}], "tbt": [{"1": [1, 127, 0.14235241059213877], "2": [1, 127, 0.14196095400761197], "3": [1, 127, 0.14224629451000081], "4": [1, 127, 0.14309440225392112], "5": [1, 127, 0.14168613447301734], "6": [1, 127, 0.1417117680635626], "7": [1, 127, 0.14153452123713306], "8": [1, 127, 0.14152307770999634], "9": [1, 127, 0.14168727477851112], "10": [1, 127, 0.14164016719203532], "11": [1, 127, 0.14145082074738158], "12": [1, 127, 0.14145513617352942], "13": [1, 127, 0.14151895096833547], "14": [1, 127, 0.14174911577078536], "15": [1, 127, 0.1415881832298918], "16": [1, 127, 0.14163633080302027], "17": [1, 127, 0.14156587963821146], "18": [1, 127, 0.14150108078743998], "19": [1, 127, 0.14154837427910152], "20": [1, 127, 0.14161460464600267], "21": [1, 127, 0.1418665902263771], "22": [1, 127, 0.14204942594890987], "23": [1, 127, 0.14174844895848843], "24": [1, 127, 0.14181518391156056], "25": [1, 127, 0.14161489183801834], "26": [1, 127, 0.14148688596475312], "27": [1, 127, 0.14144801813375762], "28": [1, 127, 0.14152349521383994], "29": [1, 127, 0.14146260771988414], "30": [1, 127, 0.14138008244188988], "31": [1, 127, 0.1415186353453149], "32": [1, 127, 0.14135517811358678], "33": [1, 127, 0.141222871216674], "34": [1, 127, 0.1413443715817581], "35": [1, 127, 0.1412987287603612], "36": [1, 127, 0.14126164189679183], "37": [1, 127, 0.14123335454290306], "38": [1, 127, 0.1412846055908466], "39": [1, 127, 0.14118363128197708], "40": [1, 127, 0.14123826165954897], "41": [1, 127, 0.14159206001044022], "42": [1, 127, 0.1417472274225997], "43": [1, 127, 0.1417019489609937], "44": [1, 127, 0.14175796335724394], "45": [1, 127, 0.1414140421955839], "46": [1, 127, 0.14132374781733892], "47": [1, 127, 0.14141342254340883], "48": [1, 127, 0.14126888068583537], "49": [1, 127, 0.14152603813513057], "50": [1, 127, 0.14186936001638023]}, {"1": [2, 127, 0.22129220287425547], "2": [2, 127, 0.22098930782132495], "3": [2, 127, 0.2208889020152214], "4": [2, 127, 0.22104362028790273], "5": [2, 127, 0.22075891727948282], "6": [2, 127, 0.22088133248933187], "7": [2, 127, 0.22094139560147769], "8": [2, 127, 0.22092264884804177], "9": [2, 127, 0.22062390984776686], "10": [2, 127, 0.2205709547361755], "11": [2, 127, 0.22078446147039416], "12": [2, 127, 0.22096063220858808], "13": [2, 127, 0.2206114282846216], "14": [2, 127, 0.22066490211355405], "15": [2, 127, 0.2208247774786602], "16": [2, 127, 0.22073431293971427], "17": [2, 127, 0.22065866599226092], "18": [2, 127, 0.22074265484734784], "19": [2, 127, 0.22103860363452218], "20": [2, 127, 0.22114180697230842], "21": [2, 127, 0.22102244101523413], "22": [2, 127, 0.22084358089610817], "23": [2, 127, 0.2209279462548457], "24": [2, 127, 0.2209058247403953], "25": [2, 127, 0.22085860109792685], "26": [2, 127, 0.22074356887078894], "27": [2, 127, 0.2206994697348926], "28": [2, 127, 0.22162487043258478], "29": [2, 127, 0.22096243739773438], "30": [2, 127, 0.22081574966295028], "31": [2, 127, 0.22070664820796626], "32": [2, 127, 0.22119152375797588], "33": [2, 127, 0.22105299899222577], "34": [2, 127, 0.22054351121920535], "35": [2, 127, 0.2204584340220244], "36": [2, 127, 0.2203289793188295],