{"l24w1.0sml64mnt128": [{"batch_size": 1, "mean_ttft": 203559.0388191243, "std_ttft": 1379.5910591207494, "mean_tbt": 124043.05928306082, "std_tbt": 188.21562522781537}, {"batch_size": 2, "mean_ttft": 220765.09768764177, "std_ttft": 8498.053572956414, "mean_tbt": 192538.19572257757, "std_tbt": 791.1224061114015}, {"batch_size": 4, "mean_ttft": 233572.16076304516, "std_ttft": 6406.7915834954865, "mean_tbt": 192414.30628629218, "std_tbt": 146.299993219953}]}