{"ttft": [{"1": [1, 0.2144467057660222], "2": [1, 0.1865801364183426], "3": [1, 0.1871821191161871], "4": [1, 0.18393821828067303], "5": [1, 0.18390716891735792], "6": [1, 0.18639142904430628], "7": [1, 0.18513997457921505], "8": [1, 0.18608478270471096], "9": [1, 0.18669369630515575], "10": [1, 0.18696105480194092], "11": [1, 0.1835193233564496], "12": [1, 0.18420689646154642], "13": [1, 0.18349945452064276], "14": [1, 0.1858129482716322], "15": [1, 0.18443469237536192], "16": [1, 0.18662831746041775], "17": [1, 0.1870480626821518], "18": [1, 0.18578774761408567], "19": [1, 0.18434722442179918], "20": [1, 0.18352665472775698], "21": [1, 0.18512734677642584], "22": [1, 0.18630078341811895], "23": [1, 0.1839479999616742], "24": [1, 0.18475445173680782], "25": [1, 0.18580984883010387], "26": [1, 0.18719727266579866], "27": [1, 0.18599221669137478], "28": [1, 0.18488746043294668], "29": [1, 0.1869663055986166], "30": [1, 0.1868298565968871], "31": [1, 0.18706248421221972], "32": [1, 0.18744643963873386], "33": [1, 0.18347692769020796], "34": [1, 0.1862520156428218], "35": [1, 0.1857335204258561], "36": [1, 0.1842967662960291], "37": [1, 0.1839576018974185], "38": [1, 0.18677343800663948], "39": [1, 0.18754549883306026], "40": [1, 0.1850803392007947], "41": [1, 0.18466262333095074], "42": [1, 0.18413458950817585], "43": [1, 0.18374964501708746], "44": [1, 0.18514688778668642], "45": [1, 0.1849704310297966], "46": [1, 0.18353508040308952], "47": [1, 0.1838294481858611], "48": [1, 0.1857150848954916], "49": [1, 0.18655897676944733], "50": [1, 0.1833351654931903], "51": [1, 0.18557805754244328], "52": [1, 0.18470731005072594], "53": [1, 0.18696502316743135], "54": [1, 0.18561382871121168], "55": [1, 0.18682008609175682], "56": [1, 0.18418016843497753], "57": [1, 0.18742503877729177], "58": [1, 0.18640238139778376], "59": [1, 0.1871452433988452], "60": [1, 0.1845311550423503], "61": [1, 0.18645867239683867], "62": [1, 0.18616257514804602], "63": [1, 0.18729198444634676], "64": [1, 0.18380397651344538], "65": [1, 0.18645393382757902], "66": [1, 0.184112592600286], "67": [1, 0.18643639516085386], "68": [1, 0.186366505920887], "69": [1, 0.18528724927455187], "70": [1, 0.19174702186137438], "71": [1, 0.1861294899135828]}, {"1": [2, 0.23302563838660717], "2": [2, 0.2015846660360694], "3": [2, 0.22186570428311825], "4": [2, 0.21482473891228437], "5": [2, 0.20082015730440617], "6": [2, 0.20073716808110476], "7": [2, 0.21590205747634172], "8": [2, 0.20219855196774006], "9": [2, 0.21000510919839144], "10": [2, 0.21526691690087318], "11": [2, 0.21612845733761787], "12": [2, 0.20442333724349737], "13": [2, 0.20087432116270065], "14": [2, 0.1981543842703104], "15": [2, 0.21596966218203306], "16": [2, 0.2149081639945507], "17": [2, 0.21885220892727375], "18": [2, 0.21559313777834177], "19": [2, 0.21503302548080683], "20": [2, 0.20330146607011557], "21": [2, 0.2009399849921465], "22": [2, 0.20700402185320854], "23": [2, 0.215661458671093], "24": [2, 0.21399411000311375], "25": [2, 0.21111963503062725], "26": [2, 0.20284622441977262], "27": [2, 0.20082886796444654], "28": [2, 0.2166616702452302], "29": [2, 0.2147431829944253], "30": [2, 0.2149841021746397], "31": [2, 0.2045749258249998], "32": [2, 0.20956220664083958], "33": [2, 0.20375174656510353], "34": [2, 0.20784697774797678], "35": [2, 0.21529479045420885], "36": [2, 0.21549545787274837], "37": [2, 0.21499462518841028], "38": [2, 0.2186060631647706], "39": [2, 0.2161061828956008], "40": [2, 0.2006432069465518], "41": [2, 0.20052302908152342], "42": [2, 0.21505889482796192], "43": [2, 0.21606290340423584], "44": [2, 0.21767486538738012], "45": [2, 0.21478419937193394], "46": [2, 0.21657584886997938], "47": [2, 0.21727052237838507], "48": [2, 0.21392203215509653], "49": [2, 0.20161799807101488], "50": [2, 0.2161075659096241], "51": [2, 0.21565037220716476], "52": [2, 0.20870540663599968], "53": [2, 0.2104014465585351], "54": [2, 0.21576314326375723], "55": [2, 0.21590268053114414], "56": [2, 0.21677327156066895], "57": [2, 0.21329443342983723], "58": [2, 0.21466849744319916], "59": [2, 0.2182848248630762], "60": [2, 0.20108492951840162], "61": [2, 0.2081941356882453], "62": [2, 0.21694440208375454], "63": [2, 0.21473438758403063], "64": [2, 0.2143629528582096], "65": [2, 0.21795139089226723], "66": [2, 0.21002501528710127], "67": [2, 0.21545220259577036], "68": [2, 0.21742530912160873], "69": [2, 0.20429349411278963], "70": [2, 0.21901362109929323], "71": [1, 0.19792013242840767]}, {"1": [4, 0.29165524896234274], "2": [4, 0.2639893777668476], "3": [4, 0.25972095876932144], "4": [4, 0.26041627023369074], "5": [4, 0.2604227615520358], "6": [4, 0.2620275430381298], "7": [4, 0.2640943890437484], "8": [4, 0.2595749534666538], "9": [4, 0.2608458288013935], "10": [4, 0.2631582226604223], "11": [4, 0.2582133188843727], "12": [4, 0.26326502952724695], "13": [4, 0.26092334650456905], "14": [4, 0.26331666950136423], "15": [4, 0.2656082818284631], "16": [4, 0.25965892244130373], "17": [4, 0.26135800313204527], "18": [4, 0.2703444566577673], "19": [4, 0.260258917696774], "20": [4, 0.25976659171283245], "21": [4, 0.2618722692131996], "22": [4, 0.26002885960042477], "23": [4, 0.2588866939768195], "24": [4, 0.2597772339358926], "25": [4, 0.26035525649785995], "26": [4, 0.2614011652767658], "27": [4, 0.25896707363426685], "28": [4, 0.2610491905361414], "29": [4, 0.2586182486265898], "30": [4, 0.2618642309680581], "31": [4, 0.26178898196667433], "32": [4, 0.26016801223158836], "33": [4, 0.25894374679774046], "34": [4, 0.27007849514484406], "35": [4, 0.262039209716022], "36": [4, 0.26027734111994505], "37": [4, 0.25847394205629826], "38": [4, 0.2577579813078046], "39": [4, 0.26266192365437746], "40": [4, 0.2613083301112056], "41": [4, 0.264076167717576], "42": [4, 0.2593879038468003], "43": [4, 0.26445964351296425], "44": [4, 0.2621385520324111], "45": [4, 0.2597159007564187], "46": [4, 0.2592573659494519], "47": [4, 0.2613419611006975], "48": [4, 0.26029290445148945], "49": [4, 0.2599519584327936], "50": [4, 0.26413760893046856], "51": [4, 0.259209668263793], "52": [4, 0.2629452645778656], "53": [4, 0.261039855889976], "54": [4, 0.2593306368216872], "55": [4, 0.26058429200202227], "56": [4, 0.26273517683148384], "57": [4, 0.25979018211364746], "58": [4, 0.2591468086466193], "59": [4, 0.26107359677553177], "60": [4, 0.25937354285269976], "61": [4, 0.2593043716624379], "62": [4, 0.25747924391180277], "63": [4, 0.2627089824527502], "64": [4, 0.2611200315877795], "65": [4, 0.26034212950617075], "66": [4, 0.2576473616063595], "67": [4, 0.26061408687382936], "68": [4, 0.26128805987536907], "69": [4, 0.2593071823939681], "70": [4, 0.2622955571860075], "71": [1, 0.18562752287834883]}], "tbt": [{"1": [1, 127, 0.10917501494757773], "2": [1, 127, 0.10890967729611425], "3": [1, 127, 0.10893824623208347], "4": [1, 127, 0.10912045138323401], "5": [1, 127, 0.10892347213408844], "6": [1, 127, 0.10885441412518579], "7": [1, 127, 0.10876208166115162], "8": [1, 127, 0.10878112063721174], "9": [1, 127, 0.10874754920836509], "10": [1, 127, 0.10883765765209133], "11": [1, 127, 0.10894443055130834], "12": [1, 127, 0.10887729054624874], "13": [1, 127, 0.1088780475281707], "14": [1, 127, 0.10880058757432802], "15": [1, 127, 0.1088441723195], "16": [1, 127, 0.10881344330181757], "17": [1, 127, 0.10894844546092777], "18": [1, 127, 0.10890841734133602], "19": [1, 127, 0.10895324514548141], "20": [1, 127, 0.10894903320613808], "21": [1, 127, 0.10887072545542258], "22": [1, 127, 0.1089039680394014], "23": [1, 127, 0.10896029452404637], "24": [1, 127, 0.10892003317048231], "25": [1, 127, 0.1088040169680447], "26": [1, 127, 0.1087767986184734], "27": [1, 127, 0.10877519845962524], "28": [1, 127, 0.1087680984523118], "29": [1, 127, 0.10875263483094888], "30": [1, 127, 0.10876145873834768], "31": [1, 127, 0.1087054896175744], "32": [1, 127, 0.10875828290636849], "33": [1, 127, 0.10878176906505438], "34": [1, 127, 0.10881586596516409],