{"ttft": [{"1": [1, 0.191361790522933], "2": [1, 0.16459253430366516], "3": [1, 0.1627401039004326], "4": [1, 0.16378533095121384], "5": [1, 0.16462590172886848], "6": [1, 0.1634617643430829], "7": [1, 0.16263094265013933], "8": [1, 0.1638651480898261], "9": [1, 0.16371668968349695], "10": [1, 0.1626085713505745], "11": [1, 0.163581189699471], "12": [1, 0.16297060530632734], "13": [1, 0.16220967378467321], "14": [1, 0.1646865950897336], "15": [1, 0.16397936269640923], "16": [1, 0.16450570616871119], "17": [1, 0.16496226005256176], "18": [1, 0.16489634104073048], "19": [1, 0.16226202994585037], "20": [1, 0.16417026799172163], "21": [1, 0.16275780275464058], "22": [1, 0.16346219461411238], "23": [1, 0.16279693227261305], "24": [1, 0.16242768615484238], "25": [1, 0.1638596886768937], "26": [1, 0.1623835451900959], "27": [1, 0.1626264126971364], "28": [1, 0.16223267652094364], "29": [1, 0.1624841820448637], "30": [1, 0.16282011847943068], "31": [1, 0.1647534742951393], "32": [1, 0.16326937265694141], "33": [1, 0.1639364343136549], "34": [1, 0.16393035277724266], "35": [1, 0.16404213104397058], "36": [1, 0.16304128244519234], "37": [1, 0.1637346837669611], "38": [1, 0.1622316613793373], "39": [1, 0.16252595745027065], "40": [1, 0.16291922237724066], "41": [1, 0.164532832801342], "42": [1, 0.1632309267297387], "43": [1, 0.16354604251682758], "44": [1, 0.16396594792604446], "45": [1, 0.16222984716296196], "46": [1, 0.1644623214378953], "47": [1, 0.1655408190563321], "48": [1, 0.16457388922572136], "49": [1, 0.1626618206501007], "50": [1, 0.16339057125151157], "51": [1, 0.16294689662754536], "52": [1, 0.1641726614907384], "53": [1, 0.16396260354667902], "54": [1, 0.16268036887049675], "55": [1, 0.16378530487418175], "56": [1, 0.16411333065479994], "57": [1, 0.1645391946658492], "58": [1, 0.1645146058872342], "59": [1, 0.16195792332291603], "60": [1, 0.16450487542897463], "61": [1, 0.16186590399593115], "62": [1, 0.1631956286728382], "63": [1, 0.16356654465198517], "64": [1, 0.1651734346523881], "65": [1, 0.1646917099133134], "66": [1, 0.16463385988026857], "67": [1, 0.16521926410496235], "68": [1, 0.16266745328903198], "69": [1, 0.1651735631749034], "70": [1, 0.16400068625807762], "71": [1, 0.16260786168277264]}, {"1": [2, 0.20146652311086655], "2": [2, 0.18494845274835825], "3": [2, 0.1702709821984172], "4": [2, 0.1726636439561844], "5": [2, 0.17409400641918182], "6": [2, 0.176960832439363], "7": [2, 0.18209607247263193], "8": [2, 0.17106529977172613], "9": [2, 0.18502132780849934], "10": [2, 0.17492509447038174], "11": [2, 0.17496003210544586], "12": [2, 0.18522771261632442], "13": [2, 0.1749064428731799], "14": [2, 0.18440819159150124], "15": [2, 0.17041389364749193], "16": [2, 0.1711860243231058], "17": [2, 0.18930335342884064], "18": [2, 0.18985822517424822], "19": [2, 0.18013983871787786], "20": [2, 0.1890930337831378], "21": [2, 0.18359260633587837], "22": [2, 0.1899570832028985], "23": [2, 0.17079534474760294], "24": [2, 0.1693563312292099], "25": [2, 0.17380914837121964], "26": [2, 0.17348538246005774], "27": [2, 0.17504835315048695], "28": [2, 0.19036267139017582], "29": [2, 0.1858452819287777], "30": [2, 0.17351281363517046], "31": [2, 0.1706448057666421], "32": [2, 0.17834569700062275], "33": [2, 0.17099640145897865], "34": [2, 0.17336578480899334], "35": [2, 0.18491486087441444], "36": [2, 0.1754283206537366], "37": [2, 0.19003048073500395], "38": [2, 0.17135948687791824], "39": [2, 0.1845878530293703], "40": [2, 0.17563409637659788], "41": [2, 0.18630125280469656], "42": [2, 0.17564547527581453], "43": [2, 0.18904338125139475], "44": [2, 0.17666131164878607], "45": [2, 0.18803004082292318], "46": [2, 0.1750112809240818], "47": [2, 0.17254942934960127], "48": [2, 0.17586637940257788], "49": [2, 0.17520607821643353], "50": [2, 0.18871576059609652], "51": [2, 0.17313638050109148], "52": [2, 0.189230065792799], "53": [2, 0.1788933640345931], "54": [2, 0.17200584430247545], "55": [2, 0.16850976273417473], "56": [2, 0.17693069577217102], "57": [2, 0.17594407685101032], "58": [2, 0.1703246422111988], "59": [2, 0.16982481628656387], "60": [2, 0.18078703992068768], "61": [2, 0.17014795262366533], "62": [2, 0.16905744560062885], "63": [2, 0.18615888711065054], "64": [2, 0.17030443996191025], "65": [2, 0.1707909945398569], "66": [2, 0.18841861002147198], "67": [2, 0.18813265301287174], "68": [2, 0.18527805618941784], "69": [2, 0.16885102819651365], "70": [2, 0.16860542073845863], "71": [1, 0.1780242007225752]}, {"1": [4, 0.21702057216316462], "2": [4, 0.18522486835718155], "3": [4, 0.18699884694069624], "4": [4, 0.197987899184227], "5": [4, 0.18054170161485672], "6": [4, 0.18602654710412025], "7": [4, 0.18645710218697786], "8": [4, 0.18589088879525661], "9": [4, 0.19912438560277224], "10": [4, 0.197544751688838], "11": [4, 0.1828784914687276], "12": [4, 0.1840265979990363], "13": [4, 0.18414018582552671], "14": [4, 0.19732168409973383], "15": [4, 0.18256594333797693], "16": [4, 0.18351044319570065], "17": [4, 0.1867250045761466], "18": [4, 0.1853168811649084], "19": [4, 0.19650521222501993], "20": [4, 0.19818862155079842], "21": [4, 0.19370180275291204], "22": [4, 0.18851718306541443], "23": [4, 0.1970588145777583], "24": [4, 0.18246053252369165], "25": [4, 0.19689028523862362], "26": [4, 0.18390203546732664], "27": [4, 0.18465587683022022], "28": [4, 0.1869685584679246], "29": [4, 0.1820097453892231], "30": [4, 0.18061511125415564], "31": [4, 0.18180701788514853], "32": [4, 0.18505742866545916], "33": [4, 0.19794180057942867], "34": [4, 0.1862676041200757], "35": [4, 0.19281760975718498], "36": [4, 0.1984605835750699], "37": [4, 0.18565473146736622], "38": [4, 0.18495537899434566], "39": [4, 0.20238969568163157], "40": [4, 0.18993485160171986], "41": [4, 0.18673343677073717], "42": [4, 0.18341064453125], "43": [4, 0.1857257978990674], "44": [4, 0.1826189048588276], "45": [4, 0.1898654391989112], "46": [4, 0.19791020546108484], "47": [4, 0.1988961948081851], "48": [4, 0.19352346565574408], "49": [4, 0.18574277684092522], "50": [4, 0.18945071287453175], "51": [4, 0.18879562988877296], "52": [4, 0.18909521587193012], "53": [4, 0.18295064847916365], "54": [4, 0.19684278592467308], "55": [4, 0.18397752568125725], "56": [4, 0.18482073489576578], "57": [4, 0.18115236796438694], "58": [4, 0.19179132394492626], "59": [4, 0.18230106309056282], "60": [4, 0.18730702437460423], "61": [4, 0.18358496855944395], "62": [4, 0.18476716335862875], "63": [4, 0.1842336505651474], "64": [4, 0.19262340292334557], "65": [4, 0.19054981507360935], "66": [4, 0.2026212364435196], "67": [4, 0.18388877343386412], "68": [4, 0.18283897452056408], "69": [4, 0.18054124061018229], "70": [4, 0.18796631414443254], "71": [1, 0.16456240694969893]}], "tbt": [{"1": [1, 127, 0.09982584207135392], "2": [1, 127, 0.09974471000793177], "3": [1, 127, 0.09967508059962997], "4": [1, 127, 0.09992201231038711], "5": [1, 127, 0.10010072880050563], "6": [1, 127, 0.09998367607270874], "7": [1, 127, 0.10005834532945644], "8": [1, 127, 0.10003277124822374], "9": [1, 127, 0.09982009393375689], "10": [1, 127, 0.0995763693459508], "11": [1, 127, 0.09962886524951364], "12": [1, 127, 0.09962432314531774], "13": [1, 127, 0.09969803825842113], "14": [1, 127, 0.09975401002649717], "15": [1, 127, 0.09965445428324027], "16": [1, 127, 0.0996820534704121], "17": [1, 127, 0.09968560978799589], "18": [1, 127, 0.09955740571168699], "19": [1, 127, 0.09966013696426013], "20": [1, 127, 0.09958659479115892], "21": [1, 127, 0.09970898732660323], "22": [1, 127, 0.09958100095977933], "23": [1, 127, 0.09972172817141992], "24": [1, 127, 0.09953766467973707], "25": [1, 127, 0.09961669573076362], "26": [1, 127, 0.09961417441322344], "27": [1, 127, 0.09965334364807042], "28": [1, 127, 0.09957499124520407], "29": [1, 127, 0.09962755883127217], "30": [1, 127, 0.09960902904666315], "31": [1, 127, 0.0996444646386415], "32": [1, 127, 0.09962572279848217], "33": [1, 127, 0.09962269096217287], "34": [1, 127, 0.09950416169943303],