{"l16w1.0sml64mnt128": [{"batch_size": 1, "mean_ttft": 140147.86381274462, "std_ttft": 3660.7016878540608, "mean_tbt": 83233.43339046155, "std_tbt": 995.1202485678767}, {"batch_size": 2, "mean_ttft": 152886.25402376056, "std_ttft": 7396.6949382533085, "mean_tbt": 129883.55394144815, "std_tbt": 1414.3716773898261}, {"batch_size": 4, "mean_ttft": 160673.94066601992, "std_ttft": 5346.219549120638, "mean_tbt": 129029.7646298418, "std_tbt": 650.8624196142036}]}