{
    "l17w1.0": [
        {
            "batch_size": 1,
            "mean_ttft": 153773.5939025879,
            "std_ttft": 3227.4012613644372,
            "mean_tbt": 90083.9854221718,
            "std_tbt": 99.0724463730085
        },
        {
            "batch_size": 2,
            "mean_ttft": 172365.62305026583,
            "std_ttft": 14181.655582294197,
            "mean_tbt": 138273.31528424693,
            "std_tbt": 127.34685644958975
        },
        {
            "batch_size": 4,
            "mean_ttft": 205254.25804985894,
            "std_ttft": 20432.031917300952,
            "mean_tbt": 139145.28102916313,
            "std_tbt": 258.2094205380222
        }
    ]
}