{
    "l21w1.0sml128mnt256": [
        {
            "batch_size": 1,
            "mean_ttft": 186878.35345044732,
            "std_ttft": 1103.7153706445129,
            "mean_tbt": 110957.74410263289,
            "std_tbt": 219.06400959501653
        },
        {
            "batch_size": 2,
            "mean_ttft": 215329.46141436696,
            "std_ttft": 14541.413191698004,
            "mean_tbt": 170302.09935493037,
            "std_tbt": 106.648415807716
        },
        {
            "batch_size": 4,
            "mean_ttft": 267569.32877004147,
            "std_ttft": 8378.474882907996,
            "mean_tbt": 171353.7400026678,
            "std_tbt": 103.10187619480648
        }
    ]
}