{"l16w1.0": [{"batch_size": 1, "mean_ttft": 154026.43274929788, "std_ttft": 1296.345850950706, "mean_tbt": 83704.45067018335, "std_tbt": 75.81325442118668}, {"batch_size": 2, "mean_ttft": 208002.35441161526, "std_ttft": 4596.533872836176, "mean_tbt": 129337.98343170447, "std_tbt": 79.64001516733533}, {"batch_size": 4, "mean_ttft": 310238.5048651033, "std_ttft": 6036.77355831403, "mean_tbt": 131320.48154375586, "std_tbt": 70.0371048169376}]}