{
    "l27w1.0sml128mnt128": [
        {
            "batch_size": 1,
            "mean_ttft": 236780.37555888295,
            "std_ttft": 2762.1218752254654,
            "mean_tbt": 140732.0639328283,
            "std_tbt": 196.8082792550167
        },
        {
            "batch_size": 2,
            "mean_ttft": 270946.2460502982,
            "std_ttft": 7457.346451349536,
            "mean_tbt": 217390.00402962946,
            "std_tbt": 166.6566944225127
        },
        {
            "batch_size": 4,
            "mean_ttft": 332000.55595487356,
            "std_ttft": 1883.5470612751292,
            "mean_tbt": 217370.19981968944,
            "std_tbt": 122.53591975496361
        }
    ]
}