{"l26w1.0sml64mnt128": [{"batch_size": 1, "mean_ttft": 218369.8313931624, "std_ttft": 1590.38366977851, "mean_tbt": 132454.62651078508, "std_tbt": 228.34124497684175}, {"batch_size": 2, "mean_ttft": 235782.3915158709, "std_ttft": 9159.516137622686, "mean_tbt": 205913.30541630232, "std_tbt": 193.51470348211942}, {"batch_size": 4, "mean_ttft": 249628.3558818201, "std_ttft": 6757.633318534061, "mean_tbt": 206108.99257075207, "std_tbt": 218.95267741342386}]}