{"ttft": [{"1": [1, 0.3802434215322137], "2": [1, 0.21676772460341454], "3": [1, 0.21278148237615824], "4": [1, 0.21183236502110958], "5": [1, 0.21315081883221865], "6": [1, 0.21489709801971912], "7": [1, 0.21181429643183947], "8": [1, 0.21642578206956387], "9": [1, 0.21221183240413666], "10": [1, 0.2119887536391616], "11": [1, 0.2173381419852376], "12": [1, 0.21186984609812498], "13": [1, 0.214619274251163], "14": [1, 0.21216101292520761], "15": [1, 0.21101559698581696], "16": [1, 0.21426329016685486], "17": [1, 0.21200758684426546], "18": [1, 0.21036753617227077], "19": [1, 0.21350938454270363], "20": [1, 0.2109309360384941], "21": [1, 0.2115701986476779], "22": [1, 0.21334564592689276], "23": [1, 0.21133831050246954], "24": [1, 0.21172040794044733], "25": [1, 0.21064156852662563], "26": [1, 0.2112403828650713], "27": [1, 0.21201124414801598], "28": [1, 0.21046277228742838], "29": [1, 0.21271885558962822], "30": [1, 0.21310947183519602], "31": [1, 0.2101066978648305], "32": [1, 0.212298602797091], "33": [1, 0.21056665293872356], "34": [1, 0.21350159775465727], "35": [1, 0.21366155706346035], "36": [1, 0.21275275759398937], "37": [1, 0.20983226224780083], "38": [1, 0.21303199417889118], "39": [1, 0.21131805423647165], "40": [1, 0.2167644714936614], "41": [1, 0.2130222348496318], "42": [1, 0.2132426230236888], "43": [1, 0.21397229470312595], "44": [1, 0.21118247974663973], "45": [1, 0.2130478359758854], "46": [1, 0.2124192239716649], "47": [1, 0.21165534295141697], "48": [1, 0.213017956353724], "49": [1, 0.21330702397972345], "50": [1, 0.21099968254566193], "51": [1, 0.21499138418585062], "52": [1, 0.21518133208155632], "53": [1, 0.21386131085455418], "54": [1, 0.21230968926101923], "55": [1, 0.21255091670900583], "56": [1, 0.21043038181960583], "57": [1, 0.21827654913067818], "58": [1, 0.2244365867227316], "59": [1, 0.21252606716006994], "60": [1, 0.21090690698474646], "61": [1, 0.2118619168177247], "62": [1, 0.2125976476818323], "63": [1, 0.2097796816378832], "64": [1, 0.2135732462629676], "65": [1, 0.21236602123826742], "66": [1, 0.21272764541208744], "67": [1, 0.21277441643178463], "68": [1, 0.21471259370446205], "69": [1, 0.20955571439117193], "70": [1, 0.21860716678202152], "71": [1, 0.2102741962298751]}, {"1": [2, 0.2597840493544936], "2": [2, 0.23584014363586903], "3": [2, 0.23939127195626497], "4": [2, 0.2805969137698412], "5": [2, 0.23121100943535566], "6": [2, 0.2327738618478179], "7": [2, 0.24562344886362553], "8": [2, 0.2392571745440364], "9": [2, 0.24882116168737411], "10": [2, 0.23111659940332174], "11": [2, 0.23888812866061926], "12": [2, 0.2292547421529889], "13": [2, 0.2551014684140682], "14": [2, 0.22979578468948603], "15": [2, 0.2476218556985259], "16": [2, 0.22705219686031342], "17": [2, 0.22741534281522036], "18": [2, 0.23457190860062838], "19": [2, 0.2715812139213085], "20": [2, 0.23806521762162447], "21": [2, 0.23013399075716734], "22": [2, 0.229635925963521], "23": [2, 0.22945996839553118], "24": [2, 0.23405161779373884], "25": [2, 0.2757389610633254], "26": [2, 0.25953971967101097], "27": [2, 0.23594582546502352], "28": [2, 0.22734439466148615], "29": [2, 0.23348151333630085], "30": [2, 0.23265248257666826], "31": [2, 0.27447890397161245], "32": [2, 0.24630639236420393], "33": [2, 0.23306014761328697], "34": [2, 0.24448605440557003], "35": [2, 0.23913300596177578], "36": [2, 0.2736694822087884], "37": [2, 0.2421532003208995], "38": [2, 0.268141127191484], "39": [2, 0.27352393232285976], "40": [2, 0.2612703777849674], "41": [2, 0.27193625178188086], "42": [2, 0.2661340283229947], "43": [2, 0.2661006087437272], "44": [2, 0.23550661746412516], "45": [2, 0.23601805977523327], "46": [2, 0.2724599139764905], "47": [2, 0.23700597882270813], "48": [2, 0.23659571260213852], "49": [2, 0.2660414883866906], "50": [2, 0.2756198775023222], "51": [2, 0.24507855251431465], "52": [2, 0.23197492584586143], "53": [2, 0.2349052121862769], "54": [2, 0.23270464688539505], "55": [2, 0.24567747488617897], "56": [2, 0.23151154071092606], "57": [2, 0.23658642172813416], "58": [2, 0.24682315159589052], "59": [2, 0.23573678079992533], "60": [2, 0.23492041043937206], "61": [2, 0.2595147415995598], "62": [2, 0.2761491881683469], "63": [2, 0.27350682858377695], "64": [2, 0.2668716963380575], "65": [2, 0.24461801629513502], "66": [2, 0.2599857496097684], "67": [2, 0.24150632321834564], "68": [2, 0.22973936889320612], "69": [2, 0.25959285348653793], "70": [2, 0.26995870377868414], "71": [1, 0.2506518252193928]}, {"1": [4, 0.3373196544125676], "2": [4, 0.29959253035485744], "3": [4, 0.2995834294706583], "4": [4, 0.2994751399382949], "5": [4, 0.3032264970242977], "6": [4, 0.3006082260981202], "7": [4, 0.3013996360823512], "8": [4, 0.3061789507046342], "9": [4, 0.30042210686951876], "10": [4, 0.2997448528185487], "11": [4, 0.29954312555491924], "12": [4, 0.30152204260230064], "13": [4, 0.2951671965420246], "14": [4, 0.29661005921661854], "15": [4, 0.2978829937055707], "16": [4, 0.299596075899899], "17": [4, 0.299771293066442], "18": [4, 0.2991076596081257], "19": [4, 0.2988458313047886], "20": [4, 0.29756551515311], "21": [4, 0.29839123506098986], "22": [4, 0.300193184055388], "23": [4, 0.30186667386442423], "24": [4, 0.2988258274272084], "25": [4, 0.298624649643898], "26": [4, 0.29669064097106457], "27": [4, 0.3297945698723197], "28": [4, 0.2991615207865834], "29": [4, 0.2967958562076092], "30": [4, 0.30016440711915493], "31": [4, 0.29823537822812796], "32": [4, 0.29874074272811413], "33": [4, 0.3023605002090335], "34": [4, 0.3025725372135639], "35": [4, 0.30098928324878216], "36": [4, 0.3006129777058959], "37": [4, 0.2999505288898945], "38": [4, 0.3137580892071128], "39": [4, 0.29757629334926605], "40": [4, 0.29883860889822245], "41": [4, 0.29751421324908733], "42": [4, 0.3025295939296484], "43": [4, 0.2989960936829448], "44": [4, 0.2996967462822795], "45": [4, 0.2994302986189723], "46": [4, 0.2961920537054539], "47": [4, 0.30044570565223694], "48": [4, 0.2984516769647598], "49": [4, 0.2997877914458513], "50": [4, 0.30920766200870275], "51": [4, 0.3009538948535919], "52": [4, 0.3010435542091727], "53": [4, 0.31177484896034], "54": [4, 0.3026762446388602], "55": [4, 0.30158343631774187], "56": [4, 0.3013504780828953], "57": [4, 0.29714256525039673], "58": [4, 0.29990142211318016], "59": [4, 0.30083070136606693], "60": [4, 0.2996063753962517], "61": [4, 0.30127574503421783], "62": [4, 0.29801024217158556], "63": [4, 0.3413446629419923], "64": [4, 0.3011516444385052], "65": [4, 0.2959901224821806], "66": [4, 0.3136487100273371], "67": [4, 0.3057616399601102], "68": [4, 0.2979864375665784], "69": [4, 0.3025119761005044], "70": [4, 0.29485979210585356], "71": [1, 0.21462309826165438]}], "tbt": [{"1": [1, 255, 0.1268130991315725], "2": [1, 255, 0.12558693499760884], "3": [1, 255, 0.12581224318082426], "4": [1, 255, 0.12766397876628474], "5": [1, 255, 0.12611513582660872], "6": [1, 255, 0.1261048023789829], "7": [1, 255, 0.1273309657058003], "8": [1, 255, 0.12914409657538523], "9": [1, 255, 0.12673631351002876], "10": [1, 255, 0.12679895931014828], "11": [1, 255, 0.12658830305890126], "12": [1, 255, 0.1299628382804347], "13": [1, 255, 0.12600681022101756], "14": [1, 255, 0.12600341867655515], "15": [1, 255, 0.12608022822030618], "16": [1, 255, 0.1267645133440109], "17": [1, 255, 0.12547812532706587], "18": [1, 255, 0.12558139726957854], "19": [1, 255, 0.12564974977616586], "20": [1, 255, 0.12585214744230697], "21": [1, 255, 0.1261846805027887], "22": [1, 255, 0.12588802686728098], "23": [1, 255, 0.12566687087071876], "24": [1, 255, 0.12551823303322582], "25": [1, 255, 0.12617815062038454], "26": [1, 255, 0.12600209396697726], "27": [1, 255, 0.1256519817765437], "28": [1, 255, 0.12555921197521921], "29": [1, 255, 0.12532525698782182], "30": [1, 255, 0.12554578587924148], "31": [1, 255, 0.12540640638885545], "32": [1, 255, 0.1256922545824565], "33": [1, 255, 0.12538080235541452], "34": [1, 255, 0.1256571305806146], "35": [1, 255, 0.12542725130185192],