{"l22w1.0sml64": [{"batch_size": 1, "mean_ttft": 189588.31410855055, "std_ttft": 1305.0230039961375, "mean_tbt": 114551.31584961037, "std_tbt": 123.79870758461936}, {"batch_size": 2, "mean_ttft": 218781.49401810433, "std_ttft": 16859.894876511753, "mean_tbt": 177135.77092335047, "std_tbt": 135.160540297477}, {"batch_size": 4, "mean_ttft": 215724.3412401941, "std_ttft": 7801.344163651542, "mean_tbt": 177739.388402105, "std_tbt": 223.94855477658598}]}