{"ttft": [{"1": [1, 0.21486131194978952], "2": [1, 0.18718239851295948], "3": [1, 0.18791203945875168], "4": [1, 0.18822707515209913], "5": [1, 0.18632058799266815], "6": [1, 0.18656976334750652], "7": [1, 0.18698261957615614], "8": [1, 0.18699139915406704], "9": [1, 0.18690442945808172], "10": [1, 0.18559203390032053], "11": [1, 0.18612259812653065], "12": [1, 0.187090496532619], "13": [1, 0.1875583315268159], "14": [1, 0.18631230480968952], "15": [1, 0.18780056666582823], "16": [1, 0.18757961876690388], "17": [1, 0.18725108169019222], "18": [1, 0.1868398766964674], "19": [1, 0.18841503839939833], "20": [1, 0.18585580866783857], "21": [1, 0.18744949996471405], "22": [1, 0.18760561756789684], "23": [1, 0.18917285837233067], "24": [1, 0.18694949429482222], "25": [1, 0.18735777959227562], "26": [1, 0.18639451079070568], "27": [1, 0.1881451401859522], "28": [1, 0.18831754755228758], "29": [1, 0.1857983861118555], "30": [1, 0.18610079307109118], "31": [1, 0.1861873110756278], "32": [1, 0.18739088717848063], "33": [1, 0.18800152000039816], "34": [1, 0.18528148159384727], "35": [1, 0.1873698467388749], "36": [1, 0.18716649897396564], "37": [1, 0.18783248029649258], "38": [1, 0.18722290825098753], "39": [1, 0.1871186187490821], "40": [1, 0.18627389892935753], "41": [1, 0.18592838197946548], "42": [1, 0.1865933435037732], "43": [1, 0.18738002516329288], "44": [1, 0.1848755544051528], "45": [1, 0.1862329076975584], "46": [1, 0.1853748569265008], "47": [1, 0.18867794889956713], "48": [1, 0.1893480308353901], "49": [1, 0.1855427948758006], "50": [1, 0.1875537410378456], "51": [1, 0.1858377605676651], "52": [1, 0.18752571195363998], "53": [1, 0.18638720363378525], "54": [1, 0.187425191514194], "55": [1, 0.18737358320504427], "56": [1, 0.1854390548542142], "57": [1, 0.18762614857405424], "58": [1, 0.1860396070405841], "59": [1, 0.18495487980544567], "60": [1, 0.18718381319195032], "61": [1, 0.1880562137812376], "62": [1, 0.18749265931546688], "63": [1, 0.1868568668141961], "64": [1, 0.18537661340087652], "65": [1, 0.18657239899039268], "66": [1, 0.18801632151007652], "67": [1, 0.1884532766416669], "68": [1, 0.18565159011632204], "69": [1, 0.18502971716225147], "70": [1, 0.1859743958339095], "71": [1, 0.18666970822960138]}, {"1": [2, 0.24230966623872519], "2": [2, 0.20085998252034187], "3": [2, 0.22199580911546946], "4": [2, 0.20454951468855143], "5": [2, 0.20363508630543947], "6": [2, 0.20488951075822115], "7": [2, 0.20572311151772738], "8": [2, 0.20817592181265354], "9": [2, 0.20042652916163206], "10": [2, 0.21935456525534391], "11": [2, 0.2027258025482297], "12": [2, 0.20249830465763807], "13": [2, 0.2096260441467166], "14": [2, 0.204091165214777], "15": [2, 0.1998088238760829], "16": [2, 0.2058213260024786], "17": [2, 0.2000212911516428], "18": [2, 0.2047445261850953], "19": [2, 0.2162155956029892], "20": [2, 0.2050248421728611], "21": [2, 0.21203427202999592], "22": [2, 0.20771028101444244], "23": [2, 0.22003717999905348], "24": [2, 0.24285617098212242], "25": [2, 0.20751941204071045], "26": [2, 0.21575295832008123], "27": [2, 0.20983943436294794], "28": [2, 0.20418737828731537], "29": [2, 0.2457590652629733], "30": [2, 0.20300326216965914], "31": [2, 0.22525479923933744], "32": [2, 0.2061210861429572], "33": [2, 0.20336213614791632], "34": [2, 0.20360445324331522], "35": [2, 0.21011619921773672], "36": [2, 0.20819424092769623], "37": [2, 0.2236072551459074], "38": [2, 0.2072709696367383], "39": [2, 0.221824805252254], "40": [2, 0.20764286536723375], "41": [2, 0.24390576221048832], "42": [2, 0.20459516067057848], "43": [2, 0.20945734437555075], "44": [2, 0.24342401698231697], "45": [2, 0.20078900177031755], "46": [2, 0.20360054913908243], "47": [2, 0.24662371817976236], "48": [2, 0.20090923830866814], "49": [2, 0.20907220616936684], "50": [2, 0.20584663283079863], "51": [2, 0.2374444706365466], "52": [2, 0.2174204308539629], "53": [2, 0.20869757886976004], "54": [2, 0.20240430999547243], "55": [2, 0.24319895450025797], "56": [2, 0.20452333614230156], "57": [2, 0.2016965076327324], "58": [2, 0.20578733179718256], "59": [2, 0.20916495192795992], "60": [2, 0.20800488535314798], "61": [2, 0.21084681060165167], "62": [2, 0.2013028971850872], "63": [2, 0.21099086571484804], "64": [2, 0.24222765769809484], "65": [2, 0.20759193412959576], "66": [2, 0.2090917956084013], "67": [2, 0.2447798466309905], "68": [2, 0.2008608216419816], "69": [2, 0.22155014425516129], "70": [2, 0.2249656841158867], "71": [1, 0.19501672685146332]}, {"1": [4, 0.2933331895619631], "2": [4, 0.2719220854341984], "3": [4, 0.2623293846845627], "4": [4, 0.26345138251781464], "5": [4, 0.2656732453033328], "6": [4, 0.30652979761362076], "7": [4, 0.26178340055048466], "8": [4, 0.2830249471589923], "9": [4, 0.263655767776072], "10": [4, 0.26356202829629183], "11": [4, 0.2713364092633128], "12": [4, 0.26711269840598106], "13": [4, 0.2730466304346919], "14": [4, 0.26462501659989357], "15": [4, 0.2658664816990495], "16": [4, 0.2610757565125823], "17": [4, 0.26218101289123297], "18": [4, 0.2673883531242609], "19": [4, 0.2668744595721364], "20": [4, 0.26734441239386797], "21": [4, 0.26175172813236713], "22": [4, 0.2627322059124708], "23": [4, 0.26490946114063263], "24": [4, 0.26960252597928047], "25": [4, 0.26681272871792316], "26": [4, 0.26613252609968185], "27": [4, 0.26372585259377956], "28": [4, 0.2622687900438905], "29": [4, 0.26189777441322803], "30": [4, 0.274267272092402], "31": [4, 0.26792307384312153], "32": [4, 0.268665443174541], "33": [4, 0.2663450902327895], "34": [4, 0.2656916677951813], "35": [4, 0.26809140015393496], "36": [4, 0.26718822959810495], "37": [4, 0.2657041270285845], "38": [4, 0.2670954493805766], "39": [4, 0.26057332567870617], "40": [4, 0.2624499537050724], "41": [4, 0.2610685005784035], "42": [4, 0.26414888352155685], "43": [4, 0.272416858933866], "44": [4, 0.26537094078958035], "45": [4, 0.26921450439840555], "46": [4, 0.3036261787638068], "47": [4, 0.26208328548818827], "48": [4, 0.26962355989962816], "49": [4, 0.2685180325061083], "50": [4, 0.2627015085890889], "51": [4, 0.26298189628869295], "52": [4, 0.2700048144906759], "53": [4, 0.2630200805142522], "54": [4, 0.2684840876609087], "55": [4, 0.2675795890390873], "56": [4, 0.30393107887357473], "57": [4, 0.2600816339254379], "58": [4, 0.2639066204428673], "59": [4, 0.26116384100168943], "60": [4, 0.26917810924351215], "61": [4, 0.26543191261589527], "62": [4, 0.2646140120923519], "63": [4, 0.2683240696787834], "64": [4, 0.26324671786278486], "65": [4, 0.2799459435045719], "66": [4, 0.2643040046095848], "67": [4, 0.2753973575308919], "68": [4, 0.2676799865439534], "69": [4, 0.2656728392466903], "70": [4, 0.2609169641509652], "71": [1, 0.190729602240026]}], "tbt": [{"1": [1, 255, 0.11123754618433761], "2": [1, 255, 0.11067739759809246], "3": [1, 255, 0.11073647681623697], "4": [1, 255, 0.11075313166879555], "5": [1, 255, 0.11074605219650502], "6": [1, 255, 0.11066414880767173], "7": [1, 255, 0.11062492382730924], "8": [1, 255, 0.11092171586465602], "9": [1, 255, 0.11140023691616222], "10": [1, 255, 0.11127685949060262], "11": [1, 255, 0.11063617364521705], "12": [1, 255, 0.11075490642631171], "13": [1, 255, 0.11060306270990301], "14": [1, 255, 0.11073416064986412], "15": [1, 255, 0.1107629516143717], "16": [1, 255, 0.11072361829014969], "17": [1, 255, 0.11102612858601645], "18": [1, 255, 0.11067137601694056], "19": [1, 255, 0.11075074483147439], "20": [1, 255, 0.11066793899106629], "21": [1, 255, 0.11153089674007075], "22": [1, 255, 0.11155498999298788], "23": [1, 255, 0.11119949768352158], "24": [1, 255, 0.11077296786813759], "25": [1, 255, 0.11075918614937394], "26": [1, 255, 0.1108346860307981], "27": [1, 255, 0.11088616184378956], "28": [1, 255, 0.11080699699255181], "29": [1, 255, 0.11106391354080508], "30": [1, 255, 0.11092619434291241], "31": [1, 255, 0.11095581021452067], "32": [1, 255, 0.11085133224944858], "33": [1, 255, 0.1110139723465431], "34": [1, 255, 0.11148433374131426],