{
    "l25w1.0sml128mnt128": [
        {
            "batch_size": 1,
            "mean_ttft": 219123.74222651124,
            "std_ttft": 2032.2645532163226,
            "mean_tbt": 129035.85644644195,
            "std_tbt": 85.73208014893648
        },
        {
            "batch_size": 2,
            "mean_ttft": 250310.75639650226,
            "std_ttft": 6920.170369238841,
            "mean_tbt": 199469.61959985297,
            "std_tbt": 80.8951561750583
        },
        {
            "batch_size": 4,
            "mean_ttft": 308289.5674929023,
            "std_ttft": 2004.5445803263392,
            "mean_tbt": 199893.1480712426,
            "std_tbt": 270.0193973172014
        }
    ]
}