{
    "l17w1.0sml128mnt128": [
        {
            "batch_size": 1,
            "mean_ttft": 149938.33737447858,
            "std_ttft": 1470.1471271166,
            "mean_tbt": 86688.64976233385,
            "std_tbt": 77.54782219152972
        },
        {
            "batch_size": 2,
            "mean_ttft": 171929.6438060701,
            "std_ttft": 5585.575296205088,
            "mean_tbt": 135201.57121943205,
            "std_tbt": 82.38237984042235
        },
        {
            "batch_size": 4,
            "mean_ttft": 212564.3972493708,
            "std_ttft": 2245.467684021355,
            "mean_tbt": 135265.20047923474,
            "std_tbt": 85.68639149567227
        }
    ]
}