{"l23w1.0sml64mnt128": [{"batch_size": 1, "mean_ttft": 196006.47384300828, "std_ttft": 1353.1890463456507, "mean_tbt": 119988.00610815446, "std_tbt": 398.7560532613216}, {"batch_size": 2, "mean_ttft": 211491.51869118214, "std_ttft": 7368.144593809329, "mean_tbt": 184897.83318141312, "std_tbt": 571.5017803888951}, {"batch_size": 4, "mean_ttft": 224674.10016804934, "std_ttft": 6095.477138197659, "mean_tbt": 185225.2197809752, "std_tbt": 208.30919562648586}]}