{"ttft": [{"1": [1, 0.3074381733313203], "2": [1, 0.27840956673026085], "3": [1, 0.27737652882933617], "4": [1, 0.2802219558507204], "5": [1, 0.27732650004327297], "6": [1, 0.28219594340771437], "7": [1, 0.2786823147907853], "8": [1, 0.28006490878760815], "9": [1, 0.2810503775253892], "10": [1, 0.2778486851602793], "11": [1, 0.2790795909240842], "12": [1, 0.2779699945822358], "13": [1, 0.2804683046415448], "14": [1, 0.27717018499970436], "15": [1, 0.27779985684901476], "16": [1, 0.277678188867867], "17": [1, 0.2782502919435501], "18": [1, 0.27796976547688246], "19": [1, 0.2768449503928423], "20": [1, 0.27703923638910055], "21": [1, 0.2798719136044383], "22": [1, 0.2772672660648823], "23": [1, 0.2780228164047003], "24": [1, 0.2773802438750863], "25": [1, 0.2762337988242507], "26": [1, 0.28047757782042027], "27": [1, 0.28101399168372154], "28": [1, 0.28070626594126225], "29": [1, 0.28081414569169283], "30": [1, 0.2817734098061919], "31": [1, 0.27703473623842], "32": [1, 0.2811663867905736], "33": [1, 0.2803946966305375], "34": [1, 0.27932094782590866], "35": [1, 0.2810931075364351], "36": [1, 0.278592336922884], "37": [1, 0.2796211149543524], "38": [1, 0.27709979470819235], "39": [1, 0.28127435594797134], "40": [1, 0.28190141916275024], "41": [1, 0.27759829815477133], "42": [1, 0.2818430792540312], "43": [1, 0.28118110727518797], "44": [1, 0.27865438628941774], "45": [1, 0.27910276129841805], "46": [1, 0.2783285593613982], "47": [1, 0.2783933887258172], "48": [1, 0.2807484418153763], "49": [1, 0.28009628877043724], "50": [1, 0.28105712682008743], "51": [1, 0.2789830816909671], "52": [1, 0.2793643279001117], "53": [1, 0.28046221379190683], "54": [1, 0.28108905628323555], "55": [1, 0.28056897316128016], "56": [1, 0.2801133692264557], "57": [1, 0.2797696525231004], "58": [1, 0.277214421890676], "59": [1, 0.27744053956121206], "60": [1, 0.27805287204682827], "61": [1, 0.27793982345610857], "62": [1, 0.27779272478073835], "63": [1, 0.2765191597864032], "64": [1, 0.27627391275018454], "65": [1, 0.2807393195107579], "66": [1, 0.28217250388115644], "67": [1, 0.2818805268034339], "68": [1, 0.2815886000171304], "69": [1, 0.28068501129746437], "70": [1, 0.28120600432157516], "71": [1, 0.27738569863140583]}, {"1": [2, 0.32872863858938217], "2": [2, 0.32942493073642254], "3": [2, 0.3027508230879903], "4": [2, 0.32266929000616074], "5": [2, 0.298806918784976], "6": [2, 0.3239862946793437], "7": [2, 0.3041100865229964], "8": [2, 0.30308521911501884], "9": [2, 0.3260568007826805], "10": [2, 0.32209230680018663], "11": [2, 0.2993621714413166], "12": [2, 0.3226648988202214], "13": [2, 0.3049417156726122], "14": [2, 0.30097389314323664], "15": [2, 0.3070409009233117], "16": [2, 0.32336366083472967], "17": [2, 0.3252760889008641], "18": [2, 0.3236749777570367], "19": [2, 0.30263273138552904], "20": [2, 0.30232786759734154], "21": [2, 0.32263586949557066], "22": [2, 0.3242902597412467], "23": [2, 0.3236806560307741], "24": [2, 0.31796111445873976], "25": [2, 0.3177046366035938], "26": [2, 0.3030831776559353], "27": [2, 0.3063454497605562], "28": [2, 0.30161015409976244], "29": [2, 0.32902184408158064], "30": [2, 0.32598298974335194], "31": [2, 0.31637322157621384], "32": [2, 0.3205661131069064], "33": [2, 0.3228447958827019], "34": [2, 0.32695283833891153], "35": [2, 0.3229835145175457], "36": [2, 0.3257678607478738], "37": [2, 0.32258107885718346], "38": [2, 0.30863024573773146], "39": [2, 0.3235069625079632], "40": [2, 0.3266195273026824], "41": [2, 0.32287906017154455], "42": [2, 0.32739029731601477], "43": [2, 0.3224985236302018], "44": [2, 0.3089442802593112], "45": [2, 0.32325196359306574], "46": [2, 0.3276211228221655], "47": [2, 0.323282552883029], "48": [2, 0.3279539383947849], "49": [2, 0.30085950065404177], "50": [2, 0.3047248860821128], "51": [2, 0.3270006887614727], "52": [2, 0.3251286391168833], "53": [2, 0.3165511693805456], "54": [2, 0.32512941863387823], "55": [2, 0.32229889184236526], "56": [2, 0.3252318277955055], "57": [2, 0.3159493859857321], "58": [2, 0.3011993896216154], "59": [2, 0.3164965398609638], "60": [2, 0.32504414953291416], "61": [2, 0.30310836527496576], "62": [2, 0.3253642460331321], "63": [2, 0.32344308868050575], "64": [2, 0.3169932132586837], "65": [2, 0.31777065340429544], "66": [2, 0.30775241181254387], "67": [2, 0.3236501747742295], "68": [2, 0.32328633964061737], "69": [2, 0.323728415183723], "70": [2, 0.3034903407096863], "71": [1, 0.30231835413724184]}, {"1": [4, 0.42324731405824423], "2": [4, 0.3935899203643203], "3": [4, 0.391702001914382], "4": [4, 0.4205540744587779], "5": [4, 0.39321782533079386], "6": [4, 0.3952034404501319], "7": [4, 0.3945047101005912], "8": [4, 0.39524916000664234], "9": [4, 0.3933878717944026], "10": [4, 0.39695653039962053], "11": [4, 0.39190019853413105], "12": [4, 0.393091406673193], "13": [4, 0.39101423881947994], "14": [4, 0.39300166722387075], "15": [4, 0.40751095674932003], "16": [4, 0.39767879247665405], "17": [4, 0.3950996920466423], "18": [4, 0.40970592107623816], "19": [4, 0.39379054587334394], "20": [4, 0.3937231069430709], "21": [4, 0.4142447682097554], "22": [4, 0.4001123830676079], "23": [4, 0.397336364723742], "24": [4, 0.3891590693965554], "25": [4, 0.3973309453576803], "26": [4, 0.3901119390502572], "27": [4, 0.3990820348262787], "28": [4, 0.3940319335088134], "29": [4, 0.39600239135324955], "30": [4, 0.4178751949220896], "31": [4, 0.3898301627486944], "32": [4, 0.3971547381952405], "33": [4, 0.39285427052527666], "34": [4, 0.3954945793375373], "35": [4, 0.3977244636043906], "36": [4, 0.39772527292370796], "37": [4, 0.3986858632415533], "38": [4, 0.39846689719706774], "39": [4, 0.39571363013237715], "40": [4, 0.39212771225720644], "41": [4, 0.3985391780734062], "42": [4, 0.39526898693293333], "43": [4, 0.3950638798996806], "44": [4, 0.3980385847389698], "45": [4, 0.3965505938977003], "46": [4, 0.39483949448913336], "47": [4, 0.39420752227306366], "48": [4, 0.4038053788244724], "49": [4, 0.3944923700764775], "50": [4, 0.3935949606820941], "51": [4, 0.3981423396617174], "52": [4, 0.39409614633768797], "53": [4, 0.40056509990245104], "54": [4, 0.4174286527559161], "55": [4, 0.39669245667755604], "56": [4, 0.39726133085787296], "57": [4, 0.41140938457101583], "58": [4, 0.39852159656584263], "59": [4, 0.3932844400405884], "60": [4, 0.42224225867539644], "61": [4, 0.3959832787513733], "62": [4, 0.4079095087945461], "63": [4, 0.39993993286043406], "64": [4, 0.3982643624767661], "65": [4, 0.4028903990983963], "66": [4, 0.40005094464868307], "67": [4, 0.40214397944509983], "68": [4, 0.3893563589081168], "69": [4, 0.40087286569178104], "70": [4, 0.3891571229323745], "71": [1, 0.29951989371329546]}], "tbt": [{"1": [1, 127, 0.16678293742327474], "2": [1, 127, 0.16674345576270358], "3": [1, 127, 0.16652820043735148], "4": [1, 127, 0.1665530658114379], "5": [1, 127, 0.16635156535052173], "6": [1, 127, 0.16642021171484642], "7": [1, 127, 0.16631382469850498], "8": [1, 127, 0.1661913862129248], "9": [1, 127, 0.16633720417308995], "10": [1, 127, 0.16650227222620972], "11": [1, 127, 0.16649605687267668], "12": [1, 127, 0.16646820386710365], "13": [1, 127, 0.16636890401022406], "14": [1, 127, 0.16634838879255093], "15": [1, 127, 0.16640453285530327], "16": [1, 127, 0.16650812239862803], "17": [1, 127, 0.16652819939603017], "18": [1, 127, 0.1664594393956849], "19": [1, 127, 0.16646714086138356], "20": [1, 127, 0.16648607691529932], "21": [1, 127, 0.16641935878469954], "22": [1, 127, 0.1666145485011846], "23": [1, 127, 0.16639366005290682], "24": [1, 127, 0.1665411064782598], "25": [1, 127, 0.16628243910574067], "26": [1, 127, 0.16634055257107563], "27": [1, 127, 0.16625752532488014], "28": [1, 127, 0.1663595879318442], "29": [1, 127, 0.16621809537837826], "30": [1, 127, 0.16636240716994277], "31": [1, 127, 0.16630279916653953], "32": [1, 127, 0.16647222006004156], "33": [1, 127, 0.1663911143596482], "34": [1, 127, 0.16649682049118864], "35": [1, 127, 0.16656974321744572],