{"ttft": [{"1": [1, 0.34790936298668385], "2": [1, 0.20104585029184818], "3": [1, 0.1970225479453802], "4": [1, 0.19712073728442192], "5": [1, 0.197751360014081], "6": [1, 0.1994593907147646], "7": [1, 0.19534688908606768], "8": [1, 0.19365215953439474], "9": [1, 0.1968407928943634], "10": [1, 0.19723371788859367], "11": [1, 0.19630474969744682], "12": [1, 0.1961213406175375], "13": [1, 0.19473782740533352], "14": [1, 0.19670767523348331], "15": [1, 0.19542279094457626], "16": [1, 0.19742529839277267], "17": [1, 0.19560358952730894], "18": [1, 0.19600767362862825], "19": [1, 0.20720089226961136], "20": [1, 0.19792598206549883], "21": [1, 0.19646984990686178], "22": [1, 0.19760177750140429], "23": [1, 0.1980040930211544], "24": [1, 0.2027039472013712], "25": [1, 0.2043750872835517], "26": [1, 0.20443985238671303], "27": [1, 0.19699755124747753], "28": [1, 0.19960106071084738], "29": [1, 0.19448283221572638], "30": [1, 0.19649929832667112], "31": [1, 0.19780036341398954], "32": [1, 0.19594605546444654], "33": [1, 0.19664057623595], "34": [1, 0.19682777393609285], "35": [1, 0.19420797564089298], "36": [1, 0.1971122920513153], "37": [1, 0.19548913184553385], "38": [1, 0.1972573008388281], "39": [1, 0.1946374224498868], "40": [1, 0.19663152936846018], "41": [1, 0.1958509273827076], "42": [1, 0.19688651617616415], "43": [1, 0.19394944235682487], "44": [1, 0.19494677893817425], "45": [1, 0.1960574658587575], "46": [1, 0.1966115701943636], "47": [1, 0.19651376083493233], "48": [1, 0.19635080266743898], "49": [1, 0.1950238598510623], "50": [1, 0.1963075753301382], "51": [1, 0.19397567305713892], "52": [1, 0.19657262228429317], "53": [1, 0.19353831838816404], "54": [1, 0.1948660220950842], "55": [1, 0.19328980147838593], "56": [1, 0.19483415316790342], "57": [1, 0.1933737201616168], "58": [1, 0.19671225175261497], "59": [1, 0.1946957539767027], "60": [1, 0.1954195974394679], "61": [1, 0.19448835868388414], "62": [1, 0.19517692178487778], "63": [1, 0.19712193030864], "64": [1, 0.19496992602944374], "65": [1, 0.19572020694613457], "66": [1, 0.1942376047372818], "67": [1, 0.1973616275936365], "68": [1, 0.19639576971530914], "69": [1, 0.19642163906246424], "70": [1, 0.19578212592750788], "71": [1, 0.19330225605517626]}, {"1": [2, 0.2477486003190279], "2": [2, 0.21650035120546818], "3": [2, 0.2203006660565734], "4": [2, 0.22397681418806314], "5": [2, 0.24294089898467064], "6": [2, 0.21997705195099115], "7": [2, 0.20801933389157057], "8": [2, 0.23413717281073332], "9": [2, 0.20964808482676744], "10": [2, 0.25135823991149664], "11": [2, 0.22017094027251005], "12": [2, 0.21665204223245382], "13": [2, 0.245282213203609], "14": [2, 0.21022063959389925], "15": [2, 0.23207884933799505], "16": [2, 0.21259327046573162], "17": [2, 0.21633359603583813], "18": [2, 0.21417392883449793], "19": [2, 0.2081836275756359], "20": [2, 0.21209425199776888], "21": [2, 0.22633974719792604], "22": [2, 0.21347762551158667], "23": [2, 0.208954319357872], "24": [2, 0.22274947818368673], "25": [2, 0.31611573323607445], "26": [2, 0.25684608798474073], "27": [2, 0.25306921172887087], "28": [2, 0.20768140442669392], "29": [2, 0.25931847747415304], "30": [2, 0.2186458557844162], "31": [2, 0.25187805481255054], "32": [2, 0.22827996220439672], "33": [2, 0.21663651894778013], "34": [2, 0.25128154642879963], "35": [2, 0.2159822592511773], "36": [2, 0.2374782580882311], "37": [2, 0.25137703493237495], "38": [2, 0.21653423178941011], "39": [2, 0.23661363683640957], "40": [2, 0.20860507246106863], "41": [2, 0.21592347789555788], "42": [2, 0.2552085490897298], "43": [2, 0.23336597345769405], "44": [2, 0.21298056188970804], "45": [2, 0.21790685411542654], "46": [2, 0.24720708187669516], "47": [2, 0.2181207025423646], "48": [2, 0.21332180686295033], "49": [2, 0.21369922254234552], "50": [2, 0.24137137830257416], "51": [2, 0.21661857888102531], "52": [2, 0.2160801338031888], "53": [2, 0.21765990648418665], "54": [2, 0.21197194140404463], "55": [2, 0.2267282996326685], "56": [2, 0.25944532733410597], "57": [2, 0.24098845198750496], "58": [2, 0.21541483141481876], "59": [2, 0.21460399962961674], "60": [2, 0.25277782417833805], "61": [2, 0.2404018985107541], "62": [2, 0.21188600175082684], "63": [2, 0.2474991250783205], "64": [2, 0.24575124494731426], "65": [2, 0.23831920139491558], "66": [2, 0.24682299327105284], "67": [2, 0.24664552323520184], "68": [2, 0.24655091483145952], "69": [2, 0.25036212150007486], "70": [2, 0.2076209494844079], "71": [1, 0.22498701699078083]}, {"1": [4, 0.3056099722161889], "2": [4, 0.27414780110120773], "3": [4, 0.275086909532547], "4": [4, 0.2732336921617389], "5": [4, 0.27944599930197], "6": [4, 0.28082688339054585], "7": [4, 0.2763137258589268], "8": [4, 0.28197122644633055], "9": [4, 0.28057837300002575], "10": [4, 0.27740500774234533], "11": [4, 0.27201374992728233], "12": [4, 0.28028547391295433], "13": [4, 0.2758364053443074], "14": [4, 0.27162178233265877], "15": [4, 0.2736434303224087], "16": [4, 0.27928326465189457], "17": [4, 0.27494540344923735], "18": [4, 0.2804017495363951], "19": [4, 0.2754809055477381], "20": [4, 0.273194563575089], "21": [4, 0.2754454854875803], "22": [4, 0.27435801830142736], "23": [4, 0.27169510815292597], "24": [4, 0.27432225830852985], "25": [4, 0.2786642974242568], "26": [4, 0.27654221188277006], "27": [4, 0.27655739057809114], "28": [4, 0.27390466164797544], "29": [4, 0.2742847567424178], "30": [4, 0.2761422451585531], "31": [4, 0.273387735709548], "32": [4, 0.27508126478642225], "33": [4, 0.2764577688649297], "34": [4, 0.2753394516184926], "35": [4, 0.27750853542238474], "36": [4, 0.2755093974992633], "37": [4, 0.27777392975986004], "38": [4, 0.28391335997730494], "39": [4, 0.27767648082226515], "40": [4, 0.27387333288788795], "41": [4, 0.27559866290539503], "42": [4, 0.27308949921280146], "43": [4, 0.27576220873743296], "44": [4, 0.2741802269592881], "45": [4, 0.27513033617287874], "46": [4, 0.2716928943991661], "47": [4, 0.27257923409342766], "48": [4, 0.27482882607728243], "49": [4, 0.27729548793286085], "50": [4, 0.27613715920597315], "51": [4, 0.27726572658866644], "52": [4, 0.27740511391311884], "53": [4, 0.27398508321493864], "54": [4, 0.2765951054170728], "55": [4, 0.2757556950673461], "56": [4, 0.2730054650455713], "57": [4, 0.2757787723094225], "58": [4, 0.274907642044127], "59": [4, 0.27760664001107216], "60": [4, 0.27755390945822], "61": [4, 0.27440324518829584], "62": [4, 0.2724943570792675], "63": [4, 0.2845937963575125], "64": [4, 0.2740852069109678], "65": [4, 0.274251745082438], "66": [4, 0.2865159325301647], "67": [4, 0.27442467119544744], "68": [4, 0.2731345659121871], "69": [4, 0.27758846431970596], "70": [4, 0.27119268756359816], "71": [1, 0.19767787028104067]}], "tbt": [{"1": [1, 255, 0.11638455096559197], "2": [1, 255, 0.1174401893408275], "3": [1, 255, 0.11649234784657464], "4": [1, 255, 0.11713644213170982], "5": [1, 255, 0.11928964476740243], "6": [1, 255, 0.11636213011601391], "7": [1, 255, 0.11536939051367488], "8": [1, 255, 0.11520605744684444], "9": [1, 255, 0.11721756097805851], "10": [1, 255, 0.11618311598020441], "11": [1, 255, 0.11591312798726208], "12": [1, 255, 0.11586474260570956], "13": [1, 255, 0.11581476092995967], "14": [1, 255, 0.11702393219605381], "15": [1, 255, 0.11570774699177812], "16": [1, 255, 0.11548975232769461], "17": [1, 255, 0.11574733876349295], "18": [1, 255, 0.11719354742078804], "19": [1, 255, 0.11862939626855008], "20": [1, 255, 0.11577029203009956], "21": [1, 255, 0.11555500143737185], "22": [1, 255, 0.11659988606092976], "23": [1, 255, 0.11647778958739603], "24": [1, 255, 0.117361559536235], "25": [1, 255, 0.11701569706566778], "26": [1, 255, 0.11658561569729857], "27": [1, 255, 0.11617029854918227], "28": [1, 255, 0.1163689793726685], "29": [1, 255, 0.11583790975969796], "30": [1, 255, 0.11542858508433781], "31": [1, 255, 0.11541657629696762], "32": [1, 255, 0.11567323074548268], "33": [1, 255, 0.11640653704092199], "34": [1, 255, 0.11560736531939576],