{
    "l24w1.0sml128mnt128": [
        {
            "batch_size": 1,
            "mean_ttft": 209835.51263809204,
            "std_ttft": 1426.7703115074912,
            "mean_tbt": 123934.67994421483,
            "std_tbt": 103.35466470335565
        },
        {
            "batch_size": 2,
            "mean_ttft": 239407.43206068873,
            "std_ttft": 7588.3396944630695,
            "mean_tbt": 192039.16199857328,
            "std_tbt": 216.85023997738287
        },
        {
            "batch_size": 4,
            "mean_ttft": 300251.6969665885,
            "std_ttft": 5476.1328282241775,
            "mean_tbt": 192091.42700820338,
            "std_tbt": 96.33058568315434
        }
    ]
}