{
    "l31w1.0": [
        {
            "batch_size": 1,
            "mean_ttft": 262655.04625108506,
            "std_ttft": 3696.3604584939094,
            "mean_tbt": 156348.60763882237,
            "std_tbt": 299.3774324144435
        },
        {
            "batch_size": 2,
            "mean_ttft": 303082.8793843587,
            "std_ttft": 21151.555474721456,
            "mean_tbt": 244419.41232203398,
            "std_tbt": 126.2410322820702
        },
        {
            "batch_size": 4,
            "mean_ttft": 342709.16514926485,
            "std_ttft": 23556.670975526067,
            "mean_tbt": 245837.25372430807,
            "std_tbt": 358.68364585301606
        }
    ]
}