{
    "l16w1.0sml128mnt128": [
        {
            "batch_size": 1,
            "mean_ttft": 143846.4522920549,
            "std_ttft": 3019.971913333401,
            "mean_tbt": 82973.87135427768,
            "std_tbt": 1285.0836377093801
        },
        {
            "batch_size": 2,
            "mean_ttft": 158377.77569890022,
            "std_ttft": 5963.678825722388,
            "mean_tbt": 127550.73767434072,
            "std_tbt": 89.08067552602878
        },
        {
            "batch_size": 4,
            "mean_ttft": 204356.28950595856,
            "std_ttft": 4221.932397925962,
            "mean_tbt": 127693.73799608214,
            "std_tbt": 109.64118961001483
        }
    ]
}