{"l25w1.0sml64": [{"batch_size": 1, "mean_ttft": 209497.89763738713, "std_ttft": 1598.0711540555487, "mean_tbt": 127509.6559957936, "std_tbt": 104.28125860622987}, {"batch_size": 2, "mean_ttft": 241919.32829303874, "std_ttft": 16976.386658788, "mean_tbt": 198263.97569480806, "std_tbt": 85.76217490401656}, {"batch_size": 4, "mean_ttft": 239949.30357568793, "std_ttft": 10677.996949295059, "mean_tbt": 198560.37499030042, "std_tbt": 175.0494002685847}]}