{"ttft": [{"1": [1, 0.38340952433645725], "2": [1, 0.23241416458040476], "3": [1, 0.23054997716099024], "4": [1, 0.23658281564712524], "5": [1, 0.23639320954680443], "6": [1, 0.23048040829598904], "7": [1, 0.22932511195540428], "8": [1, 0.22878566943109035], "9": [1, 0.2298876754939556], "10": [1, 0.22953916899859905], "11": [1, 0.2277147714048624], "12": [1, 0.2277315417304635], "13": [1, 0.22626729868352413], "14": [1, 0.2292234543710947], "15": [1, 0.23093054443597794], "16": [1, 0.22867517173290253], "17": [1, 0.22885297890752554], "18": [1, 0.22827131766825914], "19": [1, 0.22919389605522156], "20": [1, 0.2280289502814412], "21": [1, 0.23097559623420238], "22": [1, 0.22712970152497292], "23": [1, 0.22712934110313654], "24": [1, 0.22736470866948366], "25": [1, 0.22895268071442842], "26": [1, 0.22819271869957447], "27": [1, 0.2294433442875743], "28": [1, 0.22833416797220707], "29": [1, 0.22989393025636673], "30": [1, 0.22851263638585806], "31": [1, 0.2273612404242158], "32": [1, 0.22849159594625235], "33": [1, 0.22804440278559923], "34": [1, 0.22910748049616814], "35": [1, 0.22754526790231466], "36": [1, 0.22830420918762684], "37": [1, 0.22925007808953524], "38": [1, 0.2270116452127695], "39": [1, 0.22737743146717548], "40": [1, 0.22726457193493843], "41": [1, 0.22983146272599697], "42": [1, 0.2285336386412382], "43": [1, 0.22780308686196804], "44": [1, 0.22821239102631807], "45": [1, 0.22891296446323395], "46": [1, 0.2266991501674056], "47": [1, 0.226537412032485], "48": [1, 0.23160747159272432], "49": [1, 0.22912576142698526], "50": [1, 0.2269069878384471], "51": [1, 0.22728052455931902], "52": [1, 0.230292827822268], "53": [1, 0.22788584791123867], "54": [1, 0.22671821061521769], "55": [1, 0.22662216238677502], "56": [1, 0.2293703891336918], "57": [1, 0.22701262775808573], "58": [1, 0.22684609983116388], "59": [1, 0.226326416246593], "60": [1, 0.22833597473800182], "61": [1, 0.22641400434076786], "62": [1, 0.22805481683462858], "63": [1, 0.22809034399688244], "64": [1, 0.2290817517787218], "65": [1, 0.22909304220229387], "66": [1, 0.22984566446393728], "67": [1, 0.22782315779477358], "68": [1, 0.22813889291137457], "69": [1, 0.2280186554417014], "70": [1, 0.22852278035134077], "71": [1, 0.22689432930201292]}, {"1": [2, 0.2853316040709615], "2": [2, 0.2548189917579293], "3": [2, 0.25470578391104937], "4": [2, 0.26612056884914637], "5": [2, 0.25042793434113264], "6": [2, 0.2678387798368931], "7": [2, 0.26438692957162857], "8": [2, 0.2692579636350274], "9": [2, 0.26342180371284485], "10": [2, 0.26454696990549564], "11": [2, 0.2490090923383832], "12": [2, 0.2558969119563699], "13": [2, 0.2556366352364421], "14": [2, 0.26651316694915295], "15": [2, 0.26632991153746843], "16": [2, 0.2440805910155177], "17": [2, 0.24899306241422892], "18": [2, 0.265573269687593], "19": [2, 0.2482920829206705], "20": [2, 0.24826921243220568], "21": [2, 0.26537742279469967], "22": [2, 0.26524628419429064], "23": [2, 0.26599557511508465], "24": [2, 0.2659064382314682], "25": [2, 0.2543710935860872], "26": [2, 0.24874095804989338], "27": [2, 0.24755427241325378], "28": [2, 0.2568442728370428], "29": [2, 0.2653939435258508], "30": [2, 0.2627240652218461], "31": [2, 0.2656135018914938], "32": [2, 0.2656990811228752], "33": [2, 0.2653189953416586], "34": [2, 0.2524259155616164], "35": [2, 0.265719392336905], "36": [2, 0.25532651226967573], "37": [2, 0.26678184047341347], "38": [2, 0.2546545919030905], "39": [2, 0.26388886384665966], "40": [2, 0.26764457020908594], "41": [2, 0.24730065651237965], "42": [2, 0.2538791410624981], "43": [2, 0.2506659282371402], "44": [2, 0.2664576340466738], "45": [2, 0.245079574175179], "46": [2, 0.26494912151247263], "47": [2, 0.2512476835399866], "48": [2, 0.24630726128816605], "49": [2, 0.26689430978149176], "50": [2, 0.26822339557111263], "51": [2, 0.2688420880585909], "52": [2, 0.266027900390327], "53": [2, 0.2707183761522174], "54": [2, 0.25407654140144587], "55": [2, 0.26631137914955616], "56": [2, 0.2678307304158807], "57": [2, 0.26620882004499435], "58": [2, 0.25518279895186424], "59": [2, 0.2665959456935525], "60": [2, 0.2504635537043214], "61": [2, 0.2680195989087224], "62": [2, 0.254843233153224], "63": [2, 0.26598660461604595], "64": [2, 0.24872300494462252], "65": [2, 0.27118424233049154], "66": [2, 0.26513759419322014], "67": [2, 0.2668285043910146], "68": [2, 0.2678485121577978], "69": [2, 0.26915919687598944], "70": [2, 0.265979983843863], "71": [1, 0.24448399618268013]}, {"1": [4, 0.35210962034761906], "2": [4, 0.3254889603704214], "3": [4, 0.3246722808107734], "4": [4, 0.3423401936888695], "5": [4, 0.33838477171957493], "6": [4, 0.34151148702949286], "7": [4, 0.32400622498244047], "8": [4, 0.32905931677669287], "9": [4, 0.33894361928105354], "10": [4, 0.32386273704469204], "11": [4, 0.34204306174069643], "12": [4, 0.32032172940671444], "13": [4, 0.33240129612386227], "14": [4, 0.32728486880660057], "15": [4, 0.319685029797256], "16": [4, 0.3261522622779012], "17": [4, 0.3178842104971409], "18": [4, 0.3215830074623227], "19": [4, 0.32262357510626316], "20": [4, 0.31766601372510195], "21": [4, 0.32318105828016996], "22": [4, 0.3195079928264022], "23": [4, 0.32023326493799686], "24": [4, 0.3232494192197919], "25": [4, 0.3227203767746687], "26": [4, 0.32394339237362146], "27": [4, 0.3224854599684477], "28": [4, 0.3255677344277501], "29": [4, 0.31979333236813545], "30": [4, 0.33918527234345675], "31": [4, 0.32404016330838203], "32": [4, 0.32448074873536825], "33": [4, 0.32123699598014355], "34": [4, 0.32488495390862226], "35": [4, 0.3267381424084306], "36": [4, 0.32357845921069384], "37": [4, 0.32275682780891657], "38": [4, 0.3273919830098748], "39": [4, 0.33599137142300606], "40": [4, 0.31991339661180973], "41": [4, 0.32593307364732027], "42": [4, 0.3299586568027735], "43": [4, 0.32518684584647417], "44": [4, 0.32520810794085264], "45": [4, 0.32405699230730534], "46": [4, 0.33229032438248396], "47": [4, 0.32046370673924685], "48": [4, 0.32380075845867395], "49": [4, 0.3240833282470703], "50": [4, 0.323778391815722], "51": [4, 0.3209379268810153], "52": [4, 0.3286090772598982], "53": [4, 0.3215659623965621], "54": [4, 0.3398189749568701], "55": [4, 0.3258760627359152], "56": [4, 0.32237941678613424], "57": [4, 0.3237014012411237], "58": [4, 0.32137979101389647], "59": [4, 0.32118958327919245], "60": [4, 0.3256113510578871], "61": [4, 0.3249024907127023], "62": [4, 0.32289854623377323], "63": [4, 0.32100263983011246], "64": [4, 0.3236176101490855], "65": [4, 0.3224328951910138], "66": [4, 0.3274215767160058], "67": [4, 0.3182895267382264], "68": [4, 0.3262846525758505], "69": [4, 0.3248638203367591], "70": [4, 0.3295715842396021], "71": [1, 0.2254136260598898]}], "tbt": [{"1": [1, 127, 0.13728146779343603], "2": [1, 127, 0.1363670740305908], "3": [1, 127, 0.13736016168369083], "4": [1, 127, 0.14538809876360997], "5": [1, 127, 0.1393812561158355], "6": [1, 127, 0.13762995335236777], "7": [1, 127, 0.13605036619522676], "8": [1, 127, 0.13636690555653702], "9": [1, 127, 0.1372793552678401], "10": [1, 127, 0.13619801779754284], "11": [1, 127, 0.13606000641052882], "12": [1, 127, 0.1359621535429335], "13": [1, 127, 0.13586661017932525], "14": [1, 127, 0.13588346793924963], "15": [1, 127, 0.13611484789766196], "16": [1, 127, 0.13612024705329046], "17": [1, 127, 0.13588489509942964], "18": [1, 127, 0.13609749500412405], "19": [1, 127, 0.135778136016053], "20": [1, 127, 0.1364628193298663], "21": [1, 127, 0.13716530904731178], "22": [1, 127, 0.1371652571792443], "23": [1, 127, 0.13580856574185957], "24": [1, 127, 0.13585368458797611], "25": [1, 127, 0.13576225757481544], "26": [1, 127, 0.13577913188588198], "27": [1, 127, 0.13556621590350557], "28": [1, 127, 0.13572772779303977], "29": [1, 127, 0.1356818256679717], "30": [1, 127, 0.1357686196153206], "31": [1, 127, 0.13559004071894593], "32": [1, 127, 0.13566962554024195], "33": [1, 127, 0.13566186580454975], "34": [1, 127, 0.13588277928120507], "35": [1, 127, 0.13575518190655417],