{"l24w1.0sml64": [{"batch_size": 1, "mean_ttft": 202129.90525696013, "std_ttft": 1373.7405230674096, "mean_tbt": 122544.58531761674, "std_tbt": 852.3764364693947}, {"batch_size": 2, "mean_ttft": 229607.4635038773, "std_ttft": 17016.747256706793, "mean_tbt": 190327.35266197225, "std_tbt": 128.8617501112161}, {"batch_size": 4, "mean_ttft": 229211.13587088056, "std_ttft": 7079.041144193967, "mean_tbt": 191063.9549928975, "std_tbt": 81.3068750777945}]}