{"ttft": [{"1": [1, 0.20610681269317865], "2": [1, 0.16825824417173862], "3": [1, 0.16805069707334042], "4": [1, 0.16798446793109179], "5": [1, 0.16986650601029396], "6": [1, 0.16887380834668875], "7": [1, 0.16807089652866125], "8": [1, 0.17063544783741236], "9": [1, 0.1711119618266821], "10": [1, 0.16982787661254406], "11": [1, 0.1698196278885007], "12": [1, 0.1709224432706833], "13": [1, 0.16966769006103277], "14": [1, 0.16932388301938772], "15": [1, 0.17063205875456333], "16": [1, 0.1683410657569766], "17": [1, 0.1702377013862133], "18": [1, 0.16796995885670185], "19": [1, 0.16826981585472822], "20": [1, 0.16776140220463276], "21": [1, 0.17087972536683083], "22": [1, 0.16840906534343958], "23": [1, 0.1715998975560069], "24": [1, 0.1703368304297328], "25": [1, 0.16974466759711504], "26": [1, 0.16908853687345982], "27": [1, 0.169741234742105], "28": [1, 0.1678705783560872], "29": [1, 0.16871221829205751], "30": [1, 0.16822176426649094], "31": [1, 0.16774621047079563], "32": [1, 0.16760656144469976], "33": [1, 0.1706617558375001], "34": [1, 0.17089603282511234], "35": [1, 0.17234441544860601], "36": [1, 0.17029393836855888], "37": [1, 0.17056547664105892], "38": [1, 0.16833977214992046], "39": [1, 0.17398243583738804], "40": [1, 0.1688907165080309], "41": [1, 0.16923377197235823], "42": [1, 0.17027314938604832], "43": [1, 0.1707416446879506], "44": [1, 0.16835609264671803], "45": [1, 0.16845829039812088], "46": [1, 0.1691967835649848], "47": [1, 0.17119809053838253], "48": [1, 0.17075888440012932], "49": [1, 0.1697236867621541], "50": [1, 0.1706708762794733], "51": [1, 0.17087435349822044], "52": [1, 0.16931788064539433], "53": [1, 0.17008590418845415], "54": [1, 0.169910185970366], "55": [1, 0.16932563204318285], "56": [1, 0.1678565200418234], "57": [1, 0.16960523836314678], "58": [1, 0.1681353459134698], "59": [1, 0.17002758476883173], "60": [1, 0.17053890880197287], "61": [1, 0.16815421730279922], "62": [1, 0.1692274548113346], "63": [1, 0.16913552582263947], "64": [1, 0.16897617746144533], "65": [1, 0.17109968233853579], "66": [1, 0.16852072346955538], "67": [1, 0.16982006840407848], "68": [1, 0.1710560042411089], "69": [1, 0.17069742735475302], "70": [1, 0.17005898617208004], "71": [1, 0.16931902524083853]}, {"1": [2, 0.21010807063430548], "2": [2, 0.19018327724188566], "3": [2, 0.19708330556750298], "4": [2, 0.19084504898637533], "5": [2, 0.18130044173449278], "6": [2, 0.19870746694505215], "7": [2, 0.1962753450497985], "8": [2, 0.19644655473530293], "9": [2, 0.1969536980614066], "10": [2, 0.19620978739112616], "11": [2, 0.18045330327004194], "12": [2, 0.1958945905789733], "13": [2, 0.19116093777120113], "14": [2, 0.18150816578418016], "15": [2, 0.18636527843773365], "16": [2, 0.19670426566153765], "17": [2, 0.19752348493784666], "18": [2, 0.18342042434960604], "19": [2, 0.19853263441473246], "20": [2, 0.1888241907581687], "21": [2, 0.1869518244639039], "22": [2, 0.19391516037285328], "23": [2, 0.18916994892060757], "24": [2, 0.1976939281448722], "25": [2, 0.18758156895637512], "26": [2, 0.18300772551447153], "27": [2, 0.18383485544472933], "28": [2, 0.19642051588743925], "29": [2, 0.1861435091122985], "30": [2, 0.1920901881530881], "31": [2, 0.18396293558180332], "32": [2, 0.20170909445732832], "33": [2, 0.1888322876766324], "34": [2, 0.18818161729723215], "35": [2, 0.1969859516248107], "36": [2, 0.19637188874185085], "37": [2, 0.20163032785058022], "38": [2, 0.19887322187423706], "39": [2, 0.1971448427066207], "40": [2, 0.1920353239402175], "41": [2, 0.18307455070316792], "42": [2, 0.18570152949541807], "43": [2, 0.20240251068025827], "44": [2, 0.1974144820123911], "45": [2, 0.19334189128130674], "46": [2, 0.19753524102270603], "47": [2, 0.18941487930715084], "48": [2, 0.19731295481324196], "49": [2, 0.18440870754420757], "50": [2, 0.19743149355053902], "51": [2, 0.19750969391316175], "52": [2, 0.19847717229276896], "53": [2, 0.1944349016994238], "54": [2, 0.20098846312612295], "55": [2, 0.1908733444288373], "56": [2, 0.1982139078900218], "57": [2, 0.202304869890213], "58": [2, 0.1963463705033064], "59": [2, 0.19865777343511581], "60": [2, 0.19824185874313116], "61": [2, 0.18096062634140253], "62": [2, 0.1917386967688799], "63": [2, 0.19793381355702877], "64": [2, 0.1964386934414506], "65": [2, 0.1931916307657957], "66": [2, 0.19239532109349966], "67": [2, 0.1971475537866354], "68": [2, 0.1976058604195714], "69": [2, 0.18986992351710796], "70": [2, 0.1974502131342888], "71": [1, 0.1835309285670519]}, {"1": [4, 0.2675000103190541], "2": [4, 0.24263057671487331], "3": [4, 0.24252091813832521], "4": [4, 0.23575415834784508], "5": [4, 0.23904648050665855], "6": [4, 0.2370853340253234], "7": [4, 0.2390799606218934], "8": [4, 0.23887583427131176], "9": [4, 0.2380993841215968], "10": [4, 0.2386450869962573], "11": [4, 0.2405476365238428], "12": [4, 0.23740407265722752], "13": [4, 0.23769549932330847], "14": [4, 0.23749880958348513], "15": [4, 0.24107566941529512], "16": [4, 0.23960464727133512], "17": [4, 0.23960105702280998], "18": [4, 0.23579629324376583], "19": [4, 0.23643470648676157], "20": [4, 0.23825951479375362], "21": [4, 0.23871643003076315], "22": [4, 0.23715987894684076], "23": [4, 0.23821565695106983], "24": [4, 0.23850535415112972], "25": [4, 0.23745326697826385], "26": [4, 0.24033456295728683], "27": [4, 0.23938597366213799], "28": [4, 0.2405391512438655], "29": [4, 0.23893368151038885], "30": [4, 0.23880939278751612], "31": [4, 0.23866753466427326], "32": [4, 0.2412248943001032], "33": [4, 0.23803159315139055], "34": [4, 0.24213122483342886], "35": [4, 0.23676757887005806], "36": [4, 0.2389641534537077], "37": [4, 0.23806361388415098], "38": [4, 0.23602357879281044], "39": [4, 0.23754851147532463], "40": [4, 0.23790788743644953], "41": [4, 0.24110565055161715], "42": [4, 0.23941208980977535], "43": [4, 0.2396609978750348], "44": [4, 0.24100233241915703], "45": [4, 0.2366826143115759], "46": [4, 0.2366772349923849], "47": [4, 0.23992284666746855], "48": [4, 0.23725649900734425], "49": [4, 0.23713443707674742], "50": [4, 0.2393000116571784], "51": [4, 0.23978418670594692], "52": [4, 0.23789541888982058], "53": [4, 0.24120914097875357], "54": [4, 0.23724212776869535], "55": [4, 0.24042631033807993], "56": [4, 0.23705305997282267], "57": [4, 0.23666056524962187], "58": [4, 0.2386400531977415], "59": [4, 0.23798767011612654], "60": [4, 0.24054375104606152], "61": [4, 0.23968834150582552], "62": [4, 0.2388654099777341], "63": [4, 0.23598786536604166], "64": [4, 0.23861285392194986], "65": [4, 0.23863228410482407], "66": [4, 0.24064556043595076], "67": [4, 0.23937450628727674], "68": [4, 0.2423695707693696], "69": [4, 0.23935315664857626], "70": [4, 0.23837800789624453], "71": [1, 0.1702205017209053]}], "tbt": [{"1": [1, 127, 0.10044773943780914], "2": [1, 127, 0.10042530256433516], "3": [1, 127, 0.10024765309855693], "4": [1, 127, 0.10031614775263419], "5": [1, 127, 0.1003245874491381], "6": [1, 127, 0.10032726728951367], "7": [1, 127, 0.10025988354193648], "8": [1, 127, 0.10025505086509731], "9": [1, 127, 0.10024448630114005], "10": [1, 127, 0.10017967290853656], "11": [1, 127, 0.10033202942783438], "12": [1, 127, 0.10033355400288903], "13": [1, 127, 0.10029164082040702], "14": [1, 127, 0.10024166245776134], "15": [1, 127, 0.10018357307481485], "16": [1, 127, 0.10024548428294462], "17": [1, 127, 0.1002542361045095], "18": [1, 127, 0.10022701730761002], "19": [1, 127, 0.1002497139247501], "20": [1, 127, 0.10027464460141546], "21": [1, 127, 0.1002048309599086], "22": [1, 127, 0.10021154066239756], "23": [1, 127, 0.10024230877362837], "24": [1, 127, 0.1002260015940103], "25": [1, 127, 0.10010995107930241], "26": [1, 127, 0.10013043923728814], "27": [1, 127, 0.10010293736232548], "28": [1, 127, 0.10015347343319514], "29": [1, 127, 0.10011684786029688], "30": [1, 127, 0.1000704081567723], "31": [1, 127, 0.10010368214905496], "32": [1, 127, 0.10007429420654698], "33": [1, 127, 0.10017527834930288], "34": [1, 127, 0.10018496648738469],