{
    "l23w1.0sml128": [
        {
            "batch_size": 1,
            "mean_ttft": 203208.7474854456,
            "std_ttft": 2011.2755148038898,
            "mean_tbt": 119482.42045606211,
            "std_tbt": 89.63882427517085
        },
        {
            "batch_size": 2,
            "mean_ttft": 235519.50643046034,
            "std_ttft": 16103.86006833135,
            "mean_tbt": 185198.7357002588,
            "std_tbt": 170.4477126316872
        },
        {
            "batch_size": 4,
            "mean_ttft": 288643.2432880004,
            "std_ttft": 3590.388616212402,
            "mean_tbt": 186273.81650175012,
            "std_tbt": 202.00324491521877
        }
    ]
}