{
    "l19w1.0sml128": [
        {
            "batch_size": 1,
            "mean_ttft": 170126.73014154038,
            "std_ttft": 1594.198003646542,
            "mean_tbt": 100311.7225220131,
            "std_tbt": 110.65284067000482
        },
        {
            "batch_size": 2,
            "mean_ttft": 196635.5800628662,
            "std_ttft": 13557.896022297677,
            "mean_tbt": 154172.58853470188,
            "std_tbt": 111.37378069964669
        },
        {
            "batch_size": 4,
            "mean_ttft": 239652.14025229216,
            "std_ttft": 3105.6090507315366,
            "mean_tbt": 155029.67032261012,
            "std_tbt": 149.30432666962253
        }
    ]
}