{"ttft": [{"1": [1, 0.18638758920133114], "2": [1, 0.1547858091071248], "3": [1, 0.15159401763230562], "4": [1, 0.15240871720016003], "5": [1, 0.14855092205107212], "6": [1, 0.15091487392783165], "7": [1, 0.1516077872365713], "8": [1, 0.14968029782176018], "9": [1, 0.14949596114456654], "10": [1, 0.14969526883214712], "11": [1, 0.14939703233540058], "12": [1, 0.1489542368799448], "13": [1, 0.14909941423684359], "14": [1, 0.1492898529395461], "15": [1, 0.15183448232710361], "16": [1, 0.15069384593516588], "17": [1, 0.14930039271712303], "18": [1, 0.15109400171786547], "19": [1, 0.15041206032037735], "20": [1, 0.15005920454859734], "21": [1, 0.1519478913396597], "22": [1, 0.14873815886676311], "23": [1, 0.15034138038754463], "24": [1, 0.1522746980190277], "25": [1, 0.15072835609316826], "26": [1, 0.15064872708171606], "27": [1, 0.15147851593792439], "28": [1, 0.14926034305244684], "29": [1, 0.15128338895738125], "30": [1, 0.1488303979858756], "31": [1, 0.1511839060112834], "32": [1, 0.15197318699210882], "33": [1, 0.1506962003186345], "34": [1, 0.15135389380156994], "35": [1, 0.1525164097547531], "36": [1, 0.15073085948824883], "37": [1, 0.1497833402827382], "38": [1, 0.1514685219153762], "39": [1, 0.15099304541945457], "40": [1, 0.15232261177152395], "41": [1, 0.15340382885187864], "42": [1, 0.14999958779662848], "43": [1, 0.14957762230187654], "44": [1, 0.1500174580141902], "45": [1, 0.1490377690643072], "46": [1, 0.1495867231860757], "47": [1, 0.1519634947180748], "48": [1, 0.15134987235069275], "49": [1, 0.14982382021844387], "50": [1, 0.15263786539435387], "51": [1, 0.1507310476154089], "52": [1, 0.150116054341197], "53": [1, 0.15050866082310677], "54": [1, 0.150154585018754], "55": [1, 0.14950027130544186], "56": [1, 0.15323183871805668], "57": [1, 0.1495577720925212], "58": [1, 0.1497042803093791], "59": [1, 0.15194275323301554], "60": [1, 0.15309670008718967], "61": [1, 0.15097765438258648], "62": [1, 0.1525712152943015], "63": [1, 0.15380709059536457], "64": [1, 0.15035144239664078], "65": [1, 0.14945227187126875], "66": [1, 0.1494308216497302], "67": [1, 0.14968226850032806], "68": [1, 0.15020742267370224], "69": [1, 0.15271064452826977], "70": [1, 0.1516867969185114], "71": [1, 0.15390918962657452]}, {"1": [2, 0.19106270000338554], "2": [2, 0.203505695797503], "3": [2, 0.16558193508535624], "4": [2, 0.19071461353451014], "5": [2, 0.17752149142324924], "6": [2, 0.19269302766770124], "7": [2, 0.17363327462226152], "8": [2, 0.1662066299468279], "9": [2, 0.169453882612288], "10": [2, 0.16943038161844015], "11": [2, 0.1641014525666833], "12": [2, 0.20075952354818583], "13": [2, 0.17266890406608582], "14": [2, 0.17230173852294683], "15": [2, 0.17169450409710407], "16": [2, 0.1620839238166809], "17": [2, 0.16247797943651676], "18": [2, 0.16338724736124277], "19": [2, 0.17042496800422668], "20": [2, 0.19512764364480972], "21": [2, 0.19658989645540714], "22": [2, 0.1674264194443822], "23": [2, 0.16476253140717745], "24": [2, 0.19960210099816322], "25": [2, 0.16736365109682083], "26": [2, 0.1841620383784175], "27": [2, 0.17539251782000065], "28": [2, 0.18372026085853577], "29": [2, 0.16372377146035433], "30": [2, 0.1719414060935378], "31": [2, 0.1756068943068385], "32": [2, 0.19227932300418615], "33": [2, 0.16393696703016758], "34": [2, 0.1855376185849309], "35": [2, 0.16990853752940893], "36": [2, 0.168438701890409], "37": [2, 0.16832789406180382], "38": [2, 0.16710311826318502], "39": [2, 0.1938009224832058], "40": [2, 0.1640723403543234], "41": [2, 0.16892275493592024], "42": [2, 0.16765866056084633], "43": [2, 0.19928631745278835], "44": [2, 0.1861837161704898], "45": [2, 0.16295163333415985], "46": [2, 0.16651345044374466], "47": [2, 0.16452316474169493], "48": [2, 0.19236876536160707], "49": [2, 0.19935546349734068], "50": [2, 0.16744896955788136], "51": [2, 0.16103511210530996], "52": [2, 0.1631327485665679], "53": [2, 0.16948391497135162], "54": [2, 0.16618962306529284], "55": [2, 0.19868278037756681], "56": [2, 0.16429241374135017], "57": [2, 0.1633671149611473], "58": [2, 0.18637233041226864], "59": [2, 0.16949940379709005], "60": [2, 0.19959769770503044], "61": [2, 0.16500114556401968], "62": [2, 0.1631846046075225], "63": [2, 0.1822549058124423], "64": [2, 0.20000628288835287], "65": [2, 0.16965224035084248], "66": [2, 0.18817806709557772], "67": [2, 0.19828510098159313], "68": [2, 0.17028197273612022], "69": [2, 0.16363079845905304], "70": [2, 0.2025909498333931], "71": [1, 0.15662849880754948]}, {"1": [4, 0.24392789416015148], "2": [4, 0.2154003418982029], "3": [4, 0.2211244348436594], "4": [4, 0.21161405555903912], "5": [4, 0.2116778837516904], "6": [4, 0.21617515105754137], "7": [4, 0.21237234584987164], "8": [4, 0.2148815654218197], "9": [4, 0.21309894602745771], "10": [4, 0.2138876859098673], "11": [4, 0.23573246505111456], "12": [4, 0.21206254698336124], "13": [4, 0.21231015399098396], "14": [4, 0.2146442774683237], "15": [4, 0.211443442851305], "16": [4, 0.211190695874393], "17": [4, 0.21698102913796902], "18": [4, 0.21269438788294792], "19": [4, 0.212738536298275], "20": [4, 0.21462800540030003], "21": [4, 0.2118148785084486], "22": [4, 0.21240056119859219], "23": [4, 0.21368160471320152], "24": [4, 0.21219550352543592], "25": [4, 0.21388879977166653], "26": [4, 0.21459675207734108], "27": [4, 0.21134229749441147], "28": [4, 0.21310977637767792], "29": [4, 0.21766666509211063], "30": [4, 0.21173362247645855], "31": [4, 0.21626208070665598], "32": [4, 0.21363359969109297], "33": [4, 0.22552582621574402], "34": [4, 0.21283630840480328], "35": [4, 0.21338179241865873], "36": [4, 0.21278486773371696], "37": [4, 0.2134769493713975], "38": [4, 0.21337361074984074], "39": [4, 0.21345142927020788], "40": [4, 0.21421106159687042], "41": [4, 0.21063925139606], "42": [4, 0.21516920905560255], "43": [4, 0.2170755472034216], "44": [4, 0.21228241082280874], "45": [4, 0.2133068684488535], "46": [4, 0.2141345888376236], "47": [4, 0.2147729005664587], "48": [4, 0.210687636397779], "49": [4, 0.21246487740427256], "50": [4, 0.21669505909085274], "51": [4, 0.2121058600023389], "52": [4, 0.21091693360358477], "53": [4, 0.22098479885607958], "54": [4, 0.21640102099627256], "55": [4, 0.21192574128508568], "56": [4, 0.21008709259331226], "57": [4, 0.21270822081714869], "58": [4, 0.2133896742016077], "59": [4, 0.21185426134616137], "60": [4, 0.21172351203858852], "61": [4, 0.21140678599476814], "62": [4, 0.21267278026789427], "63": [4, 0.21488606464117765], "64": [4, 0.21621122024953365], "65": [4, 0.21537047903984785], "66": [4, 0.2147189760580659], "67": [4, 0.21848249342292547], "68": [4, 0.21240922156721354], "69": [4, 0.2120559560135007], "70": [4, 0.21272603701800108], "71": [1, 0.1532556749880314]}], "tbt": [{"1": [1, 255, 0.08783040809280732], "2": [1, 255, 0.08765085957140899], "3": [1, 255, 0.08763143847166907], "4": [1, 255, 0.08766641607325451], "5": [1, 255, 0.08773740768870887], "6": [1, 255, 0.0876802717317261], "7": [1, 255, 0.08767577042693601], "8": [1, 255, 0.0877453825235659], "9": [1, 255, 0.08775994553431576], "10": [1, 255, 0.0876824259794518], "11": [1, 255, 0.08780646936274042], "12": [1, 255, 0.08769438323729178], "13": [1, 255, 0.08777197284952683], "14": [1, 255, 0.08768388451825754], "15": [1, 255, 0.08775526804520803], "16": [1, 255, 0.08780491468953151], "17": [1, 255, 0.08769927773916839], "18": [1, 255, 0.08764071612089289], "19": [1, 255, 0.08773961273551571], "20": [1, 255, 0.08768294635502731], "21": [1, 255, 0.08771705404654437], "22": [1, 255, 0.08768837635642758], "23": [1, 255, 0.08774608851355666], "24": [1, 255, 0.0877634179285344], "25": [1, 255, 0.08770252610465475], "26": [1, 255, 0.08765128107339729], "27": [1, 255, 0.08769236550319429], "28": [1, 255, 0.08748010043420043], "29": [1, 255, 0.08770355826207235], "30": [1, 255, 0.08778426323962563], "31": [1, 255, 0.08779746504025716], "32": [1, 255, 0.08753086503449024], "33": [1, 255, 0.08721957616142782], "34": [1, 255, 0.08715507703668932],