{
    "l17w1.0sml128mnt256": [
        {
            "batch_size": 1,
            "mean_ttft": 150907.4693545699,
            "std_ttft": 1289.268529114419,
            "mean_tbt": 87505.85895206999,
            "std_tbt": 242.64842977447475
        },
        {
            "batch_size": 2,
            "mean_ttft": 176872.58031219244,
            "std_ttft": 13618.374731603843,
            "mean_tbt": 135821.8959623984,
            "std_tbt": 62.85544898977579
        },
        {
            "batch_size": 4,
            "mean_ttft": 213832.66933262348,
            "std_ttft": 2716.036337700007,
            "mean_tbt": 136492.2307124179,
            "std_tbt": 127.73450324249728
        }
    ]
}