{"ttft": [{"1": [1, 0.3357008593156934], "2": [1, 0.17590597085654736], "3": [1, 0.18027340807020664], "4": [1, 0.1782472226768732], "5": [1, 0.17430302128195763], "6": [1, 0.1868349090218544], "7": [1, 0.17556175589561462], "8": [1, 0.1741384845227003], "9": [1, 0.1736690392717719], "10": [1, 0.17307489644736052], "11": [1, 0.1713251881301403], "12": [1, 0.17146717850118876], "13": [1, 0.17215076833963394], "14": [1, 0.17267207335680723], "15": [1, 0.1719717001542449], "16": [1, 0.17253245413303375], "17": [1, 0.1715168757364154], "18": [1, 0.17446238081902266], "19": [1, 0.1726302532479167], "20": [1, 0.1707500834017992], "21": [1, 0.18963549099862576], "22": [1, 0.17549395747482777], "23": [1, 0.17110356036573648], "24": [1, 0.17567132599651814], "25": [1, 0.17249180376529694], "26": [1, 0.17329977359622717], "27": [1, 0.1731029748916626], "28": [1, 0.1703785676509142], "29": [1, 0.1713571259751916], "30": [1, 0.1720207966864109], "31": [1, 0.17314661387354136], "32": [1, 0.17225416470319033], "33": [1, 0.17073061130940914], "34": [1, 0.17116108536720276], "35": [1, 0.17152425274252892], "36": [1, 0.17662375140935183], "37": [1, 0.17062928341329098], "38": [1, 0.17107529658824205], "39": [1, 0.17143660224974155], "40": [1, 0.1745873847976327], "41": [1, 0.17164740897715092], "42": [1, 0.17044190410524607], "43": [1, 0.17075033020228148], "44": [1, 0.17034147400408983], "45": [1, 0.17368441447615623], "46": [1, 0.17252207826822996], "47": [1, 0.17281337548047304], "48": [1, 0.17149502970278263], "49": [1, 0.17511152662336826], "50": [1, 0.17253682855516672], "51": [1, 0.1708585862070322], "52": [1, 0.173447135835886], "53": [1, 0.1718911351636052], "54": [1, 0.17189710400998592], "55": [1, 0.17185127455741167], "56": [1, 0.17040356155484915], "57": [1, 0.17013473436236382], "58": [1, 0.17224809899926186], "59": [1, 0.1725575365126133], "60": [1, 0.1701784124597907], "61": [1, 0.17137342877686024], "62": [1, 0.17138075921684504], "63": [1, 0.17183817271143198], "64": [1, 0.1720010917633772], "65": [1, 0.17271772306412458], "66": [1, 0.17046749964356422], "67": [1, 0.17215619888156652], "68": [1, 0.17186314240098], "69": [1, 0.17072679568082094], "70": [1, 0.17282330058515072], "71": [1, 0.17007062397897243]}, {"1": [2, 0.20944281667470932], "2": [2, 0.18342932499945164], "3": [2, 0.178860348649323], "4": [2, 0.19723666086792946], "5": [2, 0.18412740528583527], "6": [2, 0.17918347381055355], "7": [2, 0.18911614641547203], "8": [2, 0.18019916210323572], "9": [2, 0.18891624826937914], "10": [2, 0.1815628558397293], "11": [2, 0.18332232348620892], "12": [2, 0.19560094829648733], "13": [2, 0.1954795392230153], "14": [2, 0.19829422608017921], "15": [2, 0.1952276211231947], "16": [2, 0.1930121872574091], "17": [2, 0.1851660404354334], "18": [2, 0.19453733786940575], "19": [2, 0.17962773703038692], "20": [2, 0.18081298097968102], "21": [2, 0.1829597158357501], "22": [2, 0.17786321602761745], "23": [2, 0.1779330763965845], "24": [2, 0.18300154525786638], "25": [2, 0.19564220495522022], "26": [2, 0.19824878312647343], "27": [2, 0.18112453632056713], "28": [2, 0.18565625324845314], "29": [2, 0.1938108755275607], "30": [2, 0.17687840573489666], "31": [2, 0.18344905879348516], "32": [2, 0.19691265746951103], "33": [2, 0.1768409674987197], "34": [2, 0.17847222741693258], "35": [2, 0.19748483039438725], "36": [2, 0.19119522627443075], "37": [2, 0.1936559472233057], "38": [2, 0.19367489591240883], "39": [2, 0.19352400675415993], "40": [2, 0.1946027623489499], "41": [2, 0.19443334452807903], "42": [2, 0.18483885284513235], "43": [2, 0.1927196215838194], "44": [2, 0.1948007568717003], "45": [2, 0.18264122400432825], "46": [2, 0.1798545867204666], "47": [2, 0.1819441905245185], "48": [2, 0.18102343939244747], "49": [2, 0.17980755399912596], "50": [2, 0.1928529618307948], "51": [2, 0.18289871606975794], "52": [2, 0.19458469934761524], "53": [2, 0.1872025141492486], "54": [2, 0.19518479146063328], "55": [2, 0.19468328822404146], "56": [2, 0.19700864050537348], "57": [2, 0.19823215436190367], "58": [2, 0.18047507666051388], "59": [2, 0.17687973845750093], "60": [2, 0.17867850605398417], "61": [2, 0.1805217256769538], "62": [2, 0.19337680470198393], "63": [2, 0.17923010792583227], "64": [2, 0.19629837106913328], "65": [2, 0.18269879557192326], "66": [2, 0.1792174754664302], "67": [2, 0.19629197753965855], "68": [2, 0.19618469756096601], "69": [2, 0.18291702028363943], "70": [2, 0.17718672566115856], "71": [1, 0.1868824027478695]}, {"1": [4, 0.22871690057218075], "2": [4, 0.2003589365631342], "3": [4, 0.22107135504484177], "4": [4, 0.21298392862081528], "5": [4, 0.1968389144167304], "6": [4, 0.19479867722839117], "7": [4, 0.19753587525337934], "8": [4, 0.20322252810001373], "9": [4, 0.1963310856372118], "10": [4, 0.20811751950532198], "11": [4, 0.21170133724808693], "12": [4, 0.19852322060614824], "13": [4, 0.19547146372497082], "14": [4, 0.2005687141790986], "15": [4, 0.19301694259047508], "16": [4, 0.19841970689594746], "17": [4, 0.19145300798118114], "18": [4, 0.19606051314622164], "19": [4, 0.20511371735483408], "20": [4, 0.20662035886198282], "21": [4, 0.20101462956517935], "22": [4, 0.19760431721806526], "23": [4, 0.19689718447625637], "24": [4, 0.19853869453072548], "25": [4, 0.19486708287149668], "26": [4, 0.19914576318114996], "27": [4, 0.19483548030257225], "28": [4, 0.19542671274393797], "29": [4, 0.19507272634655237], "30": [4, 0.19633529987186193], "31": [4, 0.20995235536247492], "32": [4, 0.19296520575881004], "33": [4, 0.20444785431027412], "34": [4, 0.20604275446385145], "35": [4, 0.19326074793934822], "36": [4, 0.2022532345727086], "37": [4, 0.20365591812878847], "38": [4, 0.19372927770018578], "39": [4, 0.20274713542312384], "40": [4, 0.19230450317263603], "41": [4, 0.195895591750741], "42": [4, 0.1962356846779585], "43": [4, 0.19028261117637157], "44": [4, 0.19336586631834507], "45": [4, 0.19482589792460203], "46": [4, 0.19495913572609425], "47": [4, 0.20006183627992868], "48": [4, 0.19750467408448458], "49": [4, 0.19065128173679113], "50": [4, 0.19662477169185877], "51": [4, 0.20894065126776695], "52": [4, 0.1925562871620059], "53": [4, 0.19438756443560123], "54": [4, 0.20775501150637865], "55": [4, 0.19425558298826218], "56": [4, 0.19530914071947336], "57": [4, 0.2014300199225545], "58": [4, 0.1947890156880021], "59": [4, 0.19565955363214016], "60": [4, 0.2014831965789199], "61": [4, 0.19600069802254438], "62": [4, 0.1953308843076229], "63": [4, 0.2036122791469097], "64": [4, 0.2019647266715765], "65": [4, 0.19637154042720795], "66": [4, 0.20529016759246588], "67": [4, 0.19418887328356504], "68": [4, 0.19457061775028706], "69": [4, 0.2052672542631626], "70": [4, 0.19275078736245632], "71": [1, 0.1708786878734827]}], "tbt": [{"1": [1, 127, 0.10379241555049194], "2": [1, 127, 0.10263070316002594], "3": [1, 127, 0.10372476368467873], "4": [1, 127, 0.11005337108806597], "5": [1, 127, 0.10604292710172379], "6": [1, 127, 0.10534652682593254], "7": [1, 127, 0.1058006845487971], "8": [1, 127, 0.10659217382011217], "9": [1, 127, 0.1061730236988368], "10": [1, 127, 0.1065977376878379], "11": [1, 127, 0.1067201135401416], "12": [1, 127, 0.10577686626728125], "13": [1, 127, 0.1046663755770978], "14": [1, 127, 0.10453544978023045], "15": [1, 127, 0.10457768647630852], "16": [1, 127, 0.10484229889881658], "17": [1, 127, 0.10499624741505685], "18": [1, 127, 0.10487232734192545], "19": [1, 127, 0.10469244240130496], "20": [1, 127, 0.10599250496020467], "21": [1, 127, 0.11279057709162864], "22": [1, 127, 0.10485251658544766], "23": [1, 127, 0.10486099115154875], "24": [1, 127, 0.10512094323589342], "25": [1, 127, 0.10503771283671143], "26": [1, 127, 0.10490987619282457], "27": [1, 127, 0.10484913025990011], "28": [1, 127, 0.10487645170761375], "29": [1, 127, 0.10491120510947281], "30": [1, 127, 0.1047292651065926], "31": [1, 127, 0.10477699409788988], "32": [1, 127, 0.10477168310257629], "33": [1, 127, 0.10463838662042863], "34": [1, 127, 0.10468170708998686],