{
    "l22w1.0sml128mnt128": [
        {
            "batch_size": 1,
            "mean_ttft": 195657.15551376343,
            "std_ttft": 2385.1191922445687,
            "mean_tbt": 115778.50419382645,
            "std_tbt": 1295.9083319428287
        },
        {
            "batch_size": 2,
            "mean_ttft": 221377.15350836515,
            "std_ttft": 6145.309710159573,
            "mean_tbt": 177677.20463297024,
            "std_tbt": 126.11588097805397
        },
        {
            "batch_size": 4,
            "mean_ttft": 277050.9307645261,
            "std_ttft": 4852.222090550455,
            "mean_tbt": 178107.5755572753,
            "std_tbt": 153.75973581171024
        }
    ]
}