{"ttft": [{"1": [1, 0.3624214846640825], "2": [1, 0.19314152281731367], "3": [1, 0.19825988914817572], "4": [1, 0.19835578836500645], "5": [1, 0.18905852362513542], "6": [1, 0.19363172724843025], "7": [1, 0.18832881934940815], "8": [1, 0.19448340591043234], "9": [1, 0.18916048761457205], "10": [1, 0.1977219171822071], "11": [1, 0.19581038784235716], "12": [1, 0.1935673337429762], "13": [1, 0.19293517153710127], "14": [1, 0.19026360474526882], "15": [1, 0.188787710852921], "16": [1, 0.19024965353310108], "17": [1, 0.188099498860538], "18": [1, 0.18687761295586824], "19": [1, 0.19000643584877253], "20": [1, 0.1895083412528038], "21": [1, 0.18843580223619938], "22": [1, 0.18915826547890902], "23": [1, 0.18710357788950205], "24": [1, 0.19873379077762365], "25": [1, 0.19130859803408384], "26": [1, 0.19178853183984756], "27": [1, 0.1886417092755437], "28": [1, 0.18887985590845346], "29": [1, 0.19039790891110897], "30": [1, 0.1871211752295494], "31": [1, 0.18728038482367992], "32": [1, 0.18686925899237394], "33": [1, 0.18830127269029617], "34": [1, 0.18852869886904955], "35": [1, 0.18862152937799692], "36": [1, 0.18767837900668383], "37": [1, 0.1883470518514514], "38": [1, 0.1902389982715249], "39": [1, 0.18946830742061138], "40": [1, 0.18706186581403017], "41": [1, 0.18919072020798922], "42": [1, 0.18979491293430328], "43": [1, 0.18844451941549778], "44": [1, 0.19376754481345415], "45": [1, 0.18872030545026064], "46": [1, 0.18667861819267273], "47": [1, 0.1883208891376853], "48": [1, 0.18708808440715075], "49": [1, 0.18950525484979153], "50": [1, 0.1869224952533841], "51": [1, 0.19027719553560019], "52": [1, 0.1904788026586175], "53": [1, 0.18681949563324451], "54": [1, 0.1888883514329791], "55": [1, 0.18804560136049986], "56": [1, 0.18931376561522484], "57": [1, 0.1890737395733595], "58": [1, 0.1870241928845644], "59": [1, 0.18716832995414734], "60": [1, 0.18953304272145033], "61": [1, 0.18845088500529528], "62": [1, 0.18888472020626068], "63": [1, 0.18662405665963888], "64": [1, 0.18760359473526478], "65": [1, 0.19221662916243076], "66": [1, 0.18861158192157745], "67": [1, 0.18697390239685774], "68": [1, 0.18852878268808126], "69": [1, 0.18846309464424849], "70": [1, 0.18920169584453106], "71": [1, 0.18717176839709282]}, {"1": [2, 0.2324928604066372], "2": [2, 0.20100251492112875], "3": [2, 0.2014517579227686], "4": [2, 0.21333300787955523], "5": [2, 0.21439869422465563], "6": [2, 0.19867962133139372], "7": [2, 0.1997447581961751], "8": [2, 0.20122103858739138], "9": [2, 0.20782819110900164], "10": [2, 0.2039972571656108], "11": [2, 0.21098528243601322], "12": [2, 0.20823752600699663], "13": [2, 0.19796434696763754], "14": [2, 0.2102847108617425], "15": [2, 0.19794861692935228], "16": [2, 0.21070208493620157], "17": [2, 0.20039326790720224], "18": [2, 0.21724196802824736], "19": [2, 0.19925560988485813], "20": [2, 0.19570013228803873], "21": [2, 0.20701279770582914], "22": [2, 0.2063162960112095], "23": [2, 0.20679588988423347], "24": [2, 0.20345055032521486], "25": [2, 0.19722038321197033], "26": [2, 0.20884801540523767], "27": [2, 0.19939186796545982], "28": [2, 0.1971929231658578], "29": [2, 0.20019763987511396], "30": [2, 0.19569356925785542], "31": [2, 0.2152425143867731], "32": [2, 0.21330412570387125], "33": [2, 0.19725055806338787], "34": [2, 0.19791106972843409], "35": [2, 0.19848203100264072], "36": [2, 0.214877063408494], "37": [2, 0.20907296799123287], "38": [2, 0.2070723194628954], "39": [2, 0.21369275264441967], "40": [2, 0.20855663996189833], "41": [2, 0.2107502045109868], "42": [2, 0.20313012972474098], "43": [2, 0.19368145801126957], "44": [2, 0.19953125901520252], "45": [2, 0.19875564705580473], "46": [2, 0.1956600621342659], "47": [2, 0.1986609362065792], "48": [2, 0.19896385166794062], "49": [2, 0.19701103307306767], "50": [2, 0.19839090574532747], "51": [2, 0.19759514462202787], "52": [2, 0.20039054192602634], "53": [2, 0.19942867197096348], "54": [2, 0.1994131812825799], "55": [2, 0.21332092955708504], "56": [2, 0.20208503864705563], "57": [2, 0.20625834818929434], "58": [2, 0.21549713145941496], "59": [2, 0.2003169059753418], "60": [2, 0.19786492455750704], "61": [2, 0.20079775899648666], "62": [2, 0.2146435882896185], "63": [2, 0.20021644327789545], "64": [2, 0.19919799454510212], "65": [2, 0.19660583324730396], "66": [2, 0.19664420187473297], "67": [2, 0.21854572836309671], "68": [2, 0.19680040888488293], "69": [2, 0.20101909898221493], "70": [2, 0.1925288662314415], "71": [1, 0.20640295557677746]}, {"1": [4, 0.2449884358793497], "2": [4, 0.2148794550448656], "3": [4, 0.22972646169364452], "4": [4, 0.21640328504145145], "5": [4, 0.214554768987], "6": [4, 0.20815714728087187], "7": [4, 0.20828136522322893], "8": [4, 0.21002365369349718], "9": [4, 0.213896868750453], "10": [4, 0.21406079549342394], "11": [4, 0.22973379865288734], "12": [4, 0.20820379815995693], "13": [4, 0.21274828631430864], "14": [4, 0.21508123632520437], "15": [4, 0.21473828051239252], "16": [4, 0.23093048576265574], "17": [4, 0.21020441688597202], "18": [4, 0.21398725267499685], "19": [4, 0.22338657639920712], "20": [4, 0.21084802597761154], "21": [4, 0.2219360088929534], "22": [4, 0.22458542697131634], "23": [4, 0.2137383297085762], "24": [4, 0.2253625961020589], "25": [4, 0.21121873520314693], "26": [4, 0.20999357663094997], "27": [4, 0.21006478369235992], "28": [4, 0.21572390012443066], "29": [4, 0.20956162828952074], "30": [4, 0.2119635995477438], "31": [4, 0.21345203090459108], "32": [4, 0.21091141924262047], "33": [4, 0.2158368406817317], "34": [4, 0.21270487643778324], "35": [4, 0.21694508660584688], "36": [4, 0.21392782870680094], "37": [4, 0.2248474732041359], "38": [4, 0.21314419619739056], "39": [4, 0.2120213471353054], "40": [4, 0.21098598651587963], "41": [4, 0.2144795572385192], "42": [4, 0.21293089259415865], "43": [4, 0.2116117374971509], "44": [4, 0.21317609772086143], "45": [4, 0.21634451113641262], "46": [4, 0.21698008198291063], "47": [4, 0.21698612067848444], "48": [4, 0.21292605716735125], "49": [4, 0.2132942220196128], "50": [4, 0.2138897441327572], "51": [4, 0.21677439846098423], "52": [4, 0.2208376107737422], "53": [4, 0.209854937158525], "54": [4, 0.22577802278101444], "55": [4, 0.21006801165640354], "56": [4, 0.21566371712833643], "57": [4, 0.2192635340616107], "58": [4, 0.21252312045544386], "59": [4, 0.2088658520951867], "60": [4, 0.22672713547945023], "61": [4, 0.21338941808789968], "62": [4, 0.21264780592173338], "63": [4, 0.2194484369829297], "64": [4, 0.21332983579486609], "65": [4, 0.21783986315131187], "66": [4, 0.2206481797620654], "67": [4, 0.21660369634628296], "68": [4, 0.21514559164643288], "69": [4, 0.22032249998301268], "70": [4, 0.22156428452581167], "71": [1, 0.1893130373209715]}], "tbt": [{"1": [1, 127, 0.11645206206250848], "2": [1, 127, 0.11794937723206253], "3": [1, 127, 0.11716135896331682], "4": [1, 127, 0.11592242917353947], "5": [1, 127, 0.11518075418343225], "6": [1, 127, 0.11548174478436314], "7": [1, 127, 0.11557856646520416], "8": [1, 127, 0.11567574768055847], "9": [1, 127, 0.11547010286351828], "10": [1, 127, 0.12281379634587783], "11": [1, 127, 0.1174975539828966], "12": [1, 127, 0.11582633141633564], "13": [1, 127, 0.11672752116638141], "14": [1, 127, 0.11542864807507419], "15": [1, 127, 0.11536174927522817], "16": [1, 127, 0.11517802609028074], "17": [1, 127, 0.11509019305093551], "18": [1, 127, 0.11506459689662447], "19": [1, 127, 0.11498578651038212], "20": [1, 127, 0.11495566602033658], "21": [1, 127, 0.11504979956689781], "22": [1, 127, 0.11485975237900582], "23": [1, 127, 0.11712100094286945], "24": [1, 127, 0.11762375934562815], "25": [1, 127, 0.11601231912312311], "26": [1, 127, 0.11533624066523915], "27": [1, 127, 0.11516635223313815], "28": [1, 127, 0.11512624121850401], "29": [1, 127, 0.11498199539684405], "30": [1, 127, 0.11514869990839263], "31": [1, 127, 0.11471184509564337], "32": [1, 127, 0.11503745331685608], "33": [1, 127, 0.11527242528377321], "34": [1, 127, 0.11476895425791346],