{"ttft": [{"1": [1, 0.34021101519465446], "2": [1, 0.18178568501025438], "3": [1, 0.1808568174019456], "4": [1, 0.17791674099862576], "5": [1, 0.17585987597703934], "6": [1, 0.1758188046514988], "7": [1, 0.17825087811797857], "8": [1, 0.17717702127993107], "9": [1, 0.17706896271556616], "10": [1, 0.17530629131942987], "11": [1, 0.17548255994915962], "12": [1, 0.17717727087438107], "13": [1, 0.1770545421168208], "14": [1, 0.1767378058284521], "15": [1, 0.1751653952524066], "16": [1, 0.17593369632959366], "17": [1, 0.17702853307127953], "18": [1, 0.17546126060187817], "19": [1, 0.17789796367287636], "20": [1, 0.1761898323893547], "21": [1, 0.17793174274265766], "22": [1, 0.1771186627447605], "23": [1, 0.17683031596243382], "24": [1, 0.17675438709557056], "25": [1, 0.176231162622571], "26": [1, 0.17678663693368435], "27": [1, 0.1819420251995325], "28": [1, 0.18122322391718626], "29": [1, 0.1801994265988469], "30": [1, 0.17980836052447557], "31": [1, 0.17696435563266277], "32": [1, 0.17637489084154367], "33": [1, 0.18087007012218237], "34": [1, 0.1755324313417077], "35": [1, 0.18182066828012466], "36": [1, 0.18366573564708233], "37": [1, 0.17793861404061317], "38": [1, 0.17790923546999693], "39": [1, 0.17655352037400007], "40": [1, 0.17750855907797813], "41": [1, 0.17697852477431297], "42": [1, 0.1769930049777031], "43": [1, 0.1824578521773219], "44": [1, 0.18255516979843378], "45": [1, 0.17854455765336752], "46": [1, 0.18124824669212103], "47": [1, 0.17763263825327158], "48": [1, 0.17692949809134007], "49": [1, 0.17734943237155676], "50": [1, 0.17764008790254593], "51": [1, 0.17488238122314215], "52": [1, 0.1780088245868683], "53": [1, 0.17676513735204935], "54": [1, 0.17579061444848776], "55": [1, 0.17729634698480368], "56": [1, 0.1773530663922429], "57": [1, 0.17477542627602816], "58": [1, 0.17598732188344002], "59": [1, 0.17590949311852455], "60": [1, 0.17465616762638092], "61": [1, 0.17492195591330528], "62": [1, 0.1767202727496624], "63": [1, 0.1774806147441268], "64": [1, 0.17573732510209084], "65": [1, 0.17562411725521088], "66": [1, 0.1767473043873906], "67": [1, 0.17513197381049395], "68": [1, 0.1762050213292241], "69": [1, 0.17742388602346182], "70": [1, 0.1755181895568967], "71": [1, 0.17603876162320375]}, {"1": [2, 0.2186789633706212], "2": [2, 0.20865610986948013], "3": [2, 0.1985504673793912], "4": [2, 0.20502185262739658], "5": [2, 0.19138530269265175], "6": [2, 0.2054100390523672], "7": [2, 0.20569466520100832], "8": [2, 0.19760894123464823], "9": [2, 0.19409457221627235], "10": [2, 0.19203552696853876], "11": [2, 0.18878628499805927], "12": [2, 0.20617187023162842], "13": [2, 0.1911349780857563], "14": [2, 0.20628095977008343], "15": [2, 0.20418856386095285], "16": [2, 0.20987164787948132], "17": [2, 0.18955772649496794], "18": [2, 0.19250816199928522], "19": [2, 0.19473862554877996], "20": [2, 0.19123500678688288], "21": [2, 0.1984111424535513], "22": [2, 0.19831923488527536], "23": [2, 0.20036461018025875], "24": [2, 0.19367832876741886], "25": [2, 0.19497278425842524], "26": [2, 0.18995517306029797], "27": [2, 0.1944473497569561], "28": [2, 0.19055005442351103], "29": [2, 0.2063859272748232], "30": [2, 0.19804424606263638], "31": [2, 0.2039598971605301], "32": [2, 0.20528303273022175], "33": [2, 0.2057179370895028], "34": [2, 0.19463386666029692], "35": [2, 0.19641004595905542], "36": [2, 0.19979062769562006], "37": [2, 0.20537568163126707], "38": [2, 0.197561863809824], "39": [2, 0.20750805735588074], "40": [2, 0.20520719327032566], "41": [2, 0.20233307778835297], "42": [2, 0.2104542227461934], "43": [2, 0.19483758602291346], "44": [2, 0.2059749150648713], "45": [2, 0.2092974353581667], "46": [2, 0.19422901421785355], "47": [2, 0.19956490211188793], "48": [2, 0.19638110883533955], "49": [2, 0.2093883566558361], "50": [2, 0.19553665909916162], "51": [2, 0.20704402402043343], "52": [2, 0.20680593699216843], "53": [2, 0.20083061791956425], "54": [2, 0.19433551281690598], "55": [2, 0.20630724262446165], "56": [2, 0.1946645500138402], "57": [2, 0.20040487311780453], "58": [2, 0.19486551824957132], "59": [2, 0.19787649251520634], "60": [2, 0.19911825843155384], "61": [2, 0.2030481519177556], "62": [2, 0.20676508825272322], "63": [2, 0.20622329600155354], "64": [2, 0.19432667456567287], "65": [2, 0.21031516790390015], "66": [2, 0.19498255848884583], "67": [2, 0.20986934285610914], "68": [2, 0.20808265451341867], "69": [2, 0.20851337909698486], "70": [2, 0.21038481686264277], "71": [1, 0.1871535498648882]}, {"1": [4, 0.28315296582877636], "2": [4, 0.2536229621618986], "3": [4, 0.2469628695398569], "4": [4, 0.25406970735639334], "5": [4, 0.2527905823662877], "6": [4, 0.2621056931093335], "7": [4, 0.2482189554721117], "8": [4, 0.2554020220413804], "9": [4, 0.25995390862226486], "10": [4, 0.2478055413812399], "11": [4, 0.26328224036842585], "12": [4, 0.24748428538441658], "13": [4, 0.24640576727688313], "14": [4, 0.26383952517062426], "15": [4, 0.24726188741624355], "16": [4, 0.2620356557890773], "17": [4, 0.24577285535633564], "18": [4, 0.24730916786938906], "19": [4, 0.2478635013103485], "20": [4, 0.24635724071413279], "21": [4, 0.25243990775197744], "22": [4, 0.25049031246453524], "23": [4, 0.245457349345088], "24": [4, 0.2489780792966485], "25": [4, 0.2535531362518668], "26": [4, 0.2510593356564641], "27": [4, 0.25401607155799866], "28": [4, 0.24786102306097746], "29": [4, 0.25271479692310095], "30": [4, 0.2633229633793235], "31": [4, 0.24794262368232012], "32": [4, 0.2507169097661972], "33": [4, 0.2510526170954108], "34": [4, 0.2517702281475067], "35": [4, 0.24764658603817225], "36": [4, 0.25080209970474243], "37": [4, 0.2561721969395876], "38": [4, 0.24771328642964363], "39": [4, 0.24796364270150661], "40": [4, 0.25031565595418215], "41": [4, 0.2497412133961916], "42": [4, 0.2520765159279108], "43": [4, 0.2532228920608759], "44": [4, 0.25103186815977097], "45": [4, 0.2574209840968251], "46": [4, 0.25424113124608994], "47": [4, 0.2510467981919646], "48": [4, 0.24866969510912895], "49": [4, 0.24764626752585173], "50": [4, 0.2488487744703889], "51": [4, 0.25410844292491674], "52": [4, 0.24925257917493582], "53": [4, 0.2480547046288848], "54": [4, 0.26452739257365465], "55": [4, 0.2484001601114869], "56": [4, 0.2530020158737898], "57": [4, 0.2510013598948717], "58": [4, 0.2496289862319827], "59": [4, 0.2544930586591363], "60": [4, 0.25411450397223234], "61": [4, 0.24790545739233494], "62": [4, 0.25256688334047794], "63": [4, 0.24574765469878912], "64": [4, 0.2510319212451577], "65": [4, 0.24893454648554325], "66": [4, 0.2543546827509999], "67": [4, 0.25173763185739517], "68": [4, 0.24793317820876837], "69": [4, 0.2518122736364603], "70": [4, 0.2612012615427375], "71": [1, 0.17695340141654015]}], "tbt": [{"1": [1, 127, 0.10545097895729261], "2": [1, 127, 0.10467754597005648], "3": [1, 127, 0.10440329553222093], "4": [1, 127, 0.10496571214180293], "5": [1, 127, 0.10462655201114303], "6": [1, 127, 0.10511814975949722], "7": [1, 127, 0.10531468725374599], "8": [1, 127, 0.10413174128057215], "9": [1, 127, 0.10404958899360238], "10": [1, 127, 0.10388149275613112], "11": [1, 127, 0.10381384297296053], "12": [1, 127, 0.10407133992233379], "13": [1, 127, 0.1036717996191908], "14": [1, 127, 0.10373490421086784], "15": [1, 127, 0.10371657061265914], "16": [1, 127, 0.10374219887193263], "17": [1, 127, 0.10380061533243402], "18": [1, 127, 0.10457795263656716], "19": [1, 127, 0.10435149141066656], "20": [1, 127, 0.10468654517143026], "21": [1, 127, 0.10497494648379369], "22": [1, 127, 0.10400433051509886], "23": [1, 127, 0.10428024638502852], "24": [1, 127, 0.10381030085254607], "25": [1, 127, 0.10385109065467213], "26": [1, 127, 0.10379494365862035], "27": [1, 127, 0.10721875741109839], "28": [1, 127, 0.10476935225150247], "29": [1, 127, 0.10459537284932738], "30": [1, 127, 0.10554146479199251], "31": [1, 127, 0.10416587561691605], "32": [1, 127, 0.10417398517790037], "33": [1, 127, 0.10398315116176456], "34": [1, 127, 0.10511316560707458],