{
    "l16w1.0sml128mnt256": [
        {
            "batch_size": 1,
            "mean_ttft": 145338.96131440997,
            "std_ttft": 3414.425469116302,
            "mean_tbt": 83862.05174993066,
            "std_tbt": 992.8061701279025
        },
        {
            "batch_size": 2,
            "mean_ttft": 164457.0847041905,
            "std_ttft": 12585.172123381284,
            "mean_tbt": 128830.28240713711,
            "std_tbt": 634.6502117641038
        },
        {
            "batch_size": 4,
            "mean_ttft": 203615.4668033123,
            "std_ttft": 4214.680328349744,
            "mean_tbt": 129037.56050750904,
            "std_tbt": 177.54385343335753
        }
    ]
}