{"l27w1.0sml64": [{"batch_size": 1, "mean_ttft": 228419.693849153, "std_ttft": 1693.9064586484396, "mean_tbt": 139081.045302252, "std_tbt": 240.4778882816956}, {"batch_size": 2, "mean_ttft": 265327.35901160375, "std_ttft": 18353.89123605191, "mean_tbt": 216038.83122680365, "std_tbt": 133.48668093531018}, {"batch_size": 4, "mean_ttft": 261722.54460139407, "std_ttft": 12421.465201681054, "mean_tbt": 216517.40130824328, "std_tbt": 134.83628935529805}]}