{"l31w1.0sml128mnt128": [{"batch_size": 1, "mean_ttft": 266192.0787207782, "std_ttft": 1677.0782390130246, "mean_tbt": 156233.58209073253, "std_tbt": 148.7908515411806}, {"batch_size": 2, "mean_ttft": 318889.93445783854, "std_ttft": 22869.91953335257, "mean_tbt": 244388.64690291823, "std_tbt": 677.0735686481222}]}