{"l29w1.0sml64mnt128": [{"batch_size": 1, "mean_ttft": 240407.05959002176, "std_ttft": 1162.9378374990852, "mean_tbt": 145881.0579320147, "std_tbt": 175.306365631601}, {"batch_size": 2, "mean_ttft": 264777.1532336871, "std_ttft": 9796.982492286008, "mean_tbt": 228473.55865113187, "std_tbt": 136.99865965489354}, {"batch_size": 4, "mean_ttft": 276286.89079235, "std_ttft": 9260.311244971443, "mean_tbt": 228199.4574263281, "std_tbt": 117.43788188714225}]}