{"ttft": [{"1": [1, 0.3178816121071577], "2": [1, 0.2793082119897008], "3": [1, 0.2772633358836174], "4": [1, 0.2786848386749625], "5": [1, 0.27847186103463173], "6": [1, 0.27890070527791977], "7": [1, 0.2808327628299594], "8": [1, 0.2792979199439287], "9": [1, 0.2769640376791358], "10": [1, 0.27708093635737896], "11": [1, 0.28078852314502], "12": [1, 0.2783872792497277], "13": [1, 0.279964130371809], "14": [1, 0.27807664312422276], "15": [1, 0.28061730321496725], "16": [1, 0.2790996301919222], "17": [1, 0.27835622895509005], "18": [1, 0.2790129715576768], "19": [1, 0.2800273587927222], "20": [1, 0.2774102594703436], "21": [1, 0.278693363070488], "22": [1, 0.2787345126271248], "23": [1, 0.27940670493990183], "24": [1, 0.27912545669823885], "25": [1, 0.27716015186160803], "26": [1, 0.28014298621565104], "27": [1, 0.27823782712221146], "28": [1, 0.28107628505676985], "29": [1, 0.2772464081645012], "30": [1, 0.2810199949890375], "31": [1, 0.28098865505307913], "32": [1, 0.27814555633813143], "33": [1, 0.2789244083687663], "34": [1, 0.277197876945138], "35": [1, 0.27831479348242283], "36": [1, 0.27891732938587666], "37": [1, 0.28044823091477156], "38": [1, 0.2803978305310011], "39": [1, 0.2780347689986229], "40": [1, 0.28031533025205135], "41": [1, 0.279379703104496], "42": [1, 0.2778655793517828], "43": [1, 0.27832799311727285], "44": [1, 0.2787519795820117], "45": [1, 0.27935947198420763], "46": [1, 0.2825768440961838], "47": [1, 0.2794494992122054], "48": [1, 0.2793477503582835], "49": [1, 0.27997332252562046], "50": [1, 0.27724328450858593], "51": [1, 0.2770910235121846], "52": [1, 0.27956167701631784], "53": [1, 0.2785968268290162], "54": [1, 0.2782607898116112], "55": [1, 0.2798946127295494], "56": [1, 0.2793668480589986], "57": [1, 0.2801282284781337], "58": [1, 0.2772429808974266], "59": [1, 0.28126475494354963], "60": [1, 0.27771035581827164], "61": [1, 0.2793554263189435], "62": [1, 0.2829846842214465], "63": [1, 0.27768409438431263], "64": [1, 0.27864892315119505], "65": [1, 0.2806537300348282], "66": [1, 0.28204383328557014], "67": [1, 0.2837485345080495], "68": [1, 0.2776156133040786], "69": [1, 0.2816887265071273], "70": [1, 0.2788703991100192], "71": [1, 0.27740645594894886]}, {"1": [2, 0.3340828036889434], "2": [2, 0.32261288445442915], "3": [2, 0.3014016589149833], "4": [2, 0.3020944809541106], "5": [2, 0.3233356261625886], "6": [2, 0.32311747781932354], "7": [2, 0.3012352390214801], "8": [2, 0.3241503741592169], "9": [2, 0.3233155235648155], "10": [2, 0.3240918256342411], "11": [2, 0.32137720473110676], "12": [2, 0.31474888045340776], "13": [2, 0.3256329447031021], "14": [2, 0.3232440920546651], "15": [2, 0.3030442241579294], "16": [2, 0.29779123421758413], "17": [2, 0.30010524671524763], "18": [2, 0.29830392822623253], "19": [2, 0.3037974638864398], "20": [2, 0.3251720080152154], "21": [2, 0.3210582537576556], "22": [2, 0.3216942762956023], "23": [2, 0.3020620821043849], "24": [2, 0.30185232404619455], "25": [2, 0.30113418214023113], "26": [2, 0.30061776749789715], "27": [2, 0.30001778434962034], "28": [2, 0.32651241961866617], "29": [2, 0.29955269768834114], "30": [2, 0.32253065425902605], "31": [2, 0.30464852042496204], "32": [2, 0.30597268231213093], "33": [2, 0.30205680802464485], "34": [2, 0.3200907800346613], "35": [2, 0.3001792598515749], "36": [2, 0.3253211686387658], "37": [2, 0.30182362999767065], "38": [2, 0.3264827746897936], "39": [2, 0.30368398781865835], "40": [2, 0.31890123151242733], "41": [2, 0.32151384092867374], "42": [2, 0.32529956940561533], "43": [2, 0.29937732219696045], "44": [2, 0.3164030695334077], "45": [2, 0.29958391841501], "46": [2, 0.32567999325692654], "47": [2, 0.30124182999134064], "48": [2, 0.3262719651684165], "49": [2, 0.3024326451122761], "50": [2, 0.3273595916107297], "51": [2, 0.30008490942418575], "52": [2, 0.30781757179647684], "53": [2, 0.30106745939701796], "54": [2, 0.31959096621721983], "55": [2, 0.3004067549481988], "56": [2, 0.32779255229979753], "57": [2, 0.2983756558969617], "58": [2, 0.3199390210211277], "59": [2, 0.3034806167706847], "60": [2, 0.3280441090464592], "61": [2, 0.3072920925915241], "62": [2, 0.328321423381567], "63": [2, 0.3078827653080225], "64": [2, 0.3284452222287655], "65": [2, 0.30258896481245756], "66": [2, 0.3269788958132267], "67": [2, 0.3082401491701603], "68": [2, 0.31688722036778927], "69": [2, 0.3002697890624404], "70": [2, 0.32659670896828175], "71": [1, 0.27743428852409124]}, {"1": [4, 0.41952582262456417], "2": [4, 0.3905878206714988], "3": [4, 0.3956852909177542], "4": [4, 0.41648742463439703], "5": [4, 0.3926830356940627], "6": [4, 0.3943660268560052], "7": [4, 0.41562212351709604], "8": [4, 0.39674178790301085], "9": [4, 0.40131568536162376], "10": [4, 0.39168680366128683], "11": [4, 0.39897560980170965], "12": [4, 0.4013189636170864], "13": [4, 0.3930252678692341], "14": [4, 0.40331193059682846], "15": [4, 0.41809660103172064], "16": [4, 0.416367300786078], "17": [4, 0.39853586349636316], "18": [4, 0.40298266243189573], "19": [4, 0.41259901132434607], "20": [4, 0.40018908120691776], "21": [4, 0.40655740909278393], "22": [4, 0.3976289005950093], "23": [4, 0.41141417250037193], "24": [4, 0.3899840172380209], "25": [4, 0.4119188664481044], "26": [4, 0.41579957120120525], "27": [4, 0.4087485810741782], "28": [4, 0.41117942426353693], "29": [4, 0.393993329256773], "30": [4, 0.395960895344615], "31": [4, 0.41338879615068436], "32": [4, 0.41855813656002283], "33": [4, 0.4059011209756136], "34": [4, 0.41670625656843185], "35": [4, 0.41631227266043425], "36": [4, 0.41690654400736094], "37": [4, 0.39663790445774794], "38": [4, 0.3969678897410631], "39": [4, 0.40803294349461794], "40": [4, 0.3949621021747589], "41": [4, 0.39331527054309845], "42": [4, 0.3900312976911664], "43": [4, 0.41794174909591675], "44": [4, 0.4102603765204549], "45": [4, 0.4076735945418477], "46": [4, 0.4162323661148548], "47": [4, 0.41599858924746513], "48": [4, 0.39880323503166437], "49": [4, 0.40996747836470604], "50": [4, 0.3940687598660588], "51": [4, 0.4122991422191262], "52": [4, 0.40874185133725405], "53": [4, 0.4187125572934747], "54": [4, 0.39157750736922026], "55": [4, 0.40727532748132944], "56": [4, 0.39069267734885216], "57": [4, 0.41475939098745584], "58": [4, 0.396178743802011], "59": [4, 0.4095989689230919], "60": [4, 0.3923843055963516], "61": [4, 0.4172047423198819], "62": [4, 0.39611954241991043], "63": [4, 0.4114966867491603], "64": [4, 0.39587121549993753], "65": [4, 0.4001832064241171], "66": [4, 0.4190742298960686], "67": [4, 0.39745626598596573], "68": [4, 0.4130932465195656], "69": [4, 0.396873832680285], "70": [4, 0.3977017421275377], "71": [1, 0.3087491123005748]}], "tbt": [{"1": [1, 127, 0.1679347423308595], "2": [1, 127, 0.1677631390405687], "3": [1, 127, 0.16760363515583784], "4": [1, 127, 0.16769528445443066], "5": [1, 127, 0.16766445625456064], "6": [1, 127, 0.16756076307043316], "7": [1, 127, 0.16764242933901746], "8": [1, 127, 0.16748344056366934], "9": [1, 127, 0.16759708409351626], "10": [1, 127, 0.16752191531053912], "11": [1, 127, 0.16757546867588607], "12": [1, 127, 0.16752407553891732], "13": [1, 127, 0.16763273779097504], "14": [1, 127, 0.16807368159382127], "15": [1, 127, 0.16821217816323042], "16": [1, 127, 0.16823333119020217], "17": [1, 127, 0.1675366563062499], "18": [1, 127, 0.16751360228857187], "19": [1, 127, 0.16746946103049545], "20": [1, 127, 0.16734794208295936], "21": [1, 127, 0.16748163445786698], "22": [1, 127, 0.16727128810447267], "23": [1, 127, 0.16752671830238788], "24": [1, 127, 0.16725476265070946], "25": [1, 127, 0.16726967606576174], "26": [1, 127, 0.16766590449783042], "27": [1, 127, 0.16743009583657886], "28": [1, 127, 0.1675110742611092], "29": [1, 127, 0.16739874277410544], "30": [1, 127, 0.16770068526737333], "31": [1, 127, 0.16801360205519855], "32": [1, 127, 0.1680759211606163], "33": [1, 127, 0.16761966440533324], "34": [1, 127, 0.16743388346682384], "35": [1, 127, 0.167311891884081],