{
    "l23w1.0sml128mnt128": [
        {
            "batch_size": 1,
            "mean_ttft": 203344.56691518426,
            "std_ttft": 1202.9299645256187,
            "mean_tbt": 120648.72260110115,
            "std_tbt": 145.22806508383567
        },
        {
            "batch_size": 2,
            "mean_ttft": 233827.6174478233,
            "std_ttft": 5781.845193682829,
            "mean_tbt": 185926.50231135293,
            "std_tbt": 99.03290187400754
        },
        {
            "batch_size": 4,
            "mean_ttft": 286231.8796478212,
            "std_ttft": 3088.7733573942387,
            "mean_tbt": 185945.04277434523,
            "std_tbt": 445.45633525747087
        }
    ]
}