{"ttft": [{"1": [1, 0.23058190941810608], "2": [1, 0.2124234950169921], "3": [1, 0.20578346401453018], "4": [1, 0.20447565894573927], "5": [1, 0.205516766756773], "6": [1, 0.20218499656766653], "7": [1, 0.20630350802093744], "8": [1, 0.20658898446708918], "9": [1, 0.2033920418471098], "10": [1, 0.2021800372749567], "11": [1, 0.20313501730561256], "12": [1, 0.20473702810704708], "13": [1, 0.20437373220920563], "14": [1, 0.20555885881185532], "15": [1, 0.20367714203894138], "16": [1, 0.2044023647904396], "17": [1, 0.2040087804198265], "18": [1, 0.20180990546941757], "19": [1, 0.2023479202762246], "20": [1, 0.20385337248444557], "21": [1, 0.20332300011068583], "22": [1, 0.20347306970506907], "23": [1, 0.20573656260967255], "24": [1, 0.2055009650066495], "25": [1, 0.20329518243670464], "26": [1, 0.2018482591956854], "27": [1, 0.20304466504603624], "28": [1, 0.20330072287470102], "29": [1, 0.20316326431930065], "30": [1, 0.2016401430591941], "31": [1, 0.20211056899279356], "32": [1, 0.2020919593051076], "33": [1, 0.2023070165887475], "34": [1, 0.20156303700059652], "35": [1, 0.2042268654331565], "36": [1, 0.20426316652446985], "37": [1, 0.20481016859412193], "38": [1, 0.2031946089118719], "39": [1, 0.20213131234049797], "40": [1, 0.2047039121389389], "41": [1, 0.20442611631006002], "42": [1, 0.20458493568003178], "43": [1, 0.20387961342930794], "44": [1, 0.203909813426435], "45": [1, 0.20443349797278643], "46": [1, 0.20291072502732277], "47": [1, 0.20510939043015242], "48": [1, 0.20210168696939945], "49": [1, 0.203459270298481], "50": [1, 0.20521864015609026], "51": [1, 0.20253755245357752], "52": [1, 0.20302835758775473], "53": [1, 0.20355537999421358], "54": [1, 0.20268384087830782], "55": [1, 0.20205079019069672], "56": [1, 0.2030823277309537], "57": [1, 0.20313753746449947], "58": [1, 0.2014602478593588], "59": [1, 0.20389114879071712], "60": [1, 0.20311839878559113], "61": [1, 0.20431501511484385], "62": [1, 0.2020517522469163], "63": [1, 0.20215585082769394], "64": [1, 0.20176005735993385], "65": [1, 0.2033183667808771], "66": [1, 0.2014867402613163], "67": [1, 0.20560456067323685], "68": [1, 0.20216002315282822], "69": [1, 0.20537870470434427], "70": [1, 0.20468955300748348], "71": [1, 0.20155637152493]}, {"1": [2, 0.27096632588654757], "2": [2, 0.23643480613827705], "3": [2, 0.24151712656021118], "4": [2, 0.22504500299692154], "5": [2, 0.21872262936085463], "6": [2, 0.22290520928800106], "7": [2, 0.2299985559657216], "8": [2, 0.23544658161699772], "9": [2, 0.2352762147784233], "10": [2, 0.23727462999522686], "11": [2, 0.2366967387497425], "12": [2, 0.23764947708696127], "13": [2, 0.22035594377666712], "14": [2, 0.22118229512125254], "15": [2, 0.22926067933440208], "16": [2, 0.236040779389441], "17": [2, 0.23646583408117294], "18": [2, 0.23742364346981049], "19": [2, 0.23597257025539875], "20": [2, 0.22371016535907984], "21": [2, 0.22131143603473902], "22": [2, 0.22653777431696653], "23": [2, 0.2319389395415783], "24": [2, 0.2382074249908328], "25": [2, 0.23050898872315884], "26": [2, 0.21981997601687908], "27": [2, 0.23712123092263937], "28": [2, 0.2377906832844019], "29": [2, 0.23653039894998074], "30": [2, 0.2296411208808422], "31": [2, 0.21950132120400667], "32": [2, 0.222110690549016], "33": [2, 0.2215733090415597], "34": [2, 0.23739094007760286], "35": [2, 0.2361550247296691], "36": [2, 0.23781724739819765], "37": [2, 0.23639678489416838], "38": [2, 0.23672911152243614], "39": [2, 0.2341215731576085], "40": [2, 0.2373171653598547], "41": [2, 0.21967557352036238], "42": [2, 0.23559351544827223], "43": [2, 0.2382810339331627], "44": [2, 0.23630855791270733], "45": [2, 0.23714492842555046], "46": [2, 0.23752089496701956], "47": [2, 0.23606235347688198], "48": [2, 0.2369859702885151], "49": [2, 0.2306016944348812], "50": [2, 0.23568164557218552], "51": [2, 0.2380463583394885], "52": [2, 0.22981587518006563], "53": [2, 0.23687274288386106], "54": [2, 0.24116967245936394], "55": [2, 0.2368089547380805], "56": [2, 0.2366423960775137], "57": [2, 0.23654963728040457], "58": [2, 0.2365398472175002], "59": [2, 0.23600839544087648], "60": [2, 0.23332594614475965], "61": [2, 0.2368529550731182], "62": [2, 0.23658998776227236], "63": [2, 0.23943014442920685], "64": [2, 0.2359250672161579], "65": [2, 0.237827954813838], "66": [2, 0.2378789046779275], "67": [2, 0.23639059346169233], "68": [2, 0.2378827352076769], "69": [2, 0.22377262078225613], "70": [2, 0.23467277362942696], "71": [1, 0.22030892316251993]}, {"1": [4, 0.315040466375649], "2": [4, 0.28905504290014505], "3": [4, 0.28551165480166674], "4": [4, 0.2933922428637743], "5": [4, 0.283999334089458], "6": [4, 0.2845861567184329], "7": [4, 0.282516710460186], "8": [4, 0.29148106649518013], "9": [4, 0.28900254610925913], "10": [4, 0.28500302229076624], "11": [4, 0.2822942342609167], "12": [4, 0.2860790193080902], "13": [4, 0.2865338455885649], "14": [4, 0.2871843380853534], "15": [4, 0.2814633660018444], "16": [4, 0.28544635977596045], "17": [4, 0.28965985029935837], "18": [4, 0.28201747965067625], "19": [4, 0.2854574201628566], "20": [4, 0.2885346245020628], "21": [4, 0.28436058294028044], "22": [4, 0.28531094919890165], "23": [4, 0.28630873654037714], "24": [4, 0.2888235282152891], "25": [4, 0.28485917299985886], "26": [4, 0.283610618673265], "27": [4, 0.28583260253071785], "28": [4, 0.28725516609847546], "29": [4, 0.2833958016708493], "30": [4, 0.2838915856555104], "31": [4, 0.2873598039150238], "32": [4, 0.2855989448726177], "33": [4, 0.2857243428006768], "34": [4, 0.28432342037558556], "35": [4, 0.285879660397768], "36": [4, 0.2861016085371375], "37": [4, 0.2870738375931978], "38": [4, 0.2943072831258178], "39": [4, 0.28914590273052454], "40": [4, 0.28914222214370966], "41": [4, 0.2862195074558258], "42": [4, 0.2954506492242217], "43": [4, 0.29788623098284006], "44": [4, 0.2879699766635895], "45": [4, 0.29238538537174463], "46": [4, 0.2849370511248708], "47": [4, 0.28412190079689026], "48": [4, 0.2852127179503441], "49": [4, 0.2862665858119726], "50": [4, 0.2834256598725915], "51": [4, 0.28611338790506124], "52": [4, 0.28545448556542397], "53": [4, 0.28709216602146626], "54": [4, 0.2846089843660593], "55": [4, 0.2853006571531296], "56": [4, 0.28413689136505127], "57": [4, 0.28601772896945477], "58": [4, 0.2859356692060828], "59": [4, 0.2846979945898056], "60": [4, 0.28635711409151554], "61": [4, 0.28688815981149673], "62": [4, 0.28783306758850813], "63": [4, 0.2843883680179715], "64": [4, 0.2845054352656007], "65": [4, 0.2830797331407666], "66": [4, 0.2833769991993904], "67": [4, 0.2840407704934478], "68": [4, 0.2846291046589613], "69": [4, 0.2835666071623564], "70": [4, 0.2813892215490341], "71": [1, 0.2012009397149086]}], "tbt": [{"1": [1, 127, 0.12132831958423215], "2": [1, 127, 0.1212428809825595], "3": [1, 127, 0.12110757116433674], "4": [1, 127, 0.12093015200656465], "5": [1, 127, 0.12088526150314358], "6": [1, 127, 0.1208539061233636], "7": [1, 127, 0.12083298063242999], "8": [1, 127, 0.12119920049449355], "9": [1, 127, 0.12093197018289426], "10": [1, 127, 0.12073293382551258], "11": [1, 127, 0.12090249642671093], "12": [1, 127, 0.12087993457268073], "13": [1, 127, 0.12097889951276262], "14": [1, 127, 0.12094945750954583], "15": [1, 127, 0.12085027741194945], "16": [1, 127, 0.12086117687070463], "17": [1, 127, 0.12085297585677678], "18": [1, 127, 0.12086039401708155], "19": [1, 127, 0.12101065022797566], "20": [1, 127, 0.12084960000310827], "21": [1, 127, 0.12077844579242111], "22": [1, 127, 0.12085833873482436], "23": [1, 127, 0.12069184685081948], "24": [1, 127, 0.12079506574242603], "25": [1, 127, 0.12061988182483226], "26": [1, 127, 0.1206853273874662], "27": [1, 127, 0.12054783284781485], "28": [1, 127, 0.12099439714573265], "29": [1, 127, 0.12063351804463882], "30": [1, 127, 0.12063916257076611], "31": [1, 127, 0.12048478972342774], "32": [1, 127, 0.1204271373800992], "33": [1, 127, 0.12029962490246755], "34": [1, 127, 0.12063210914424789], "35": [1, 127, 0.12057833019350692],