{"ttft": [{"1": [1, 0.2072306191548705], "2": [1, 0.18174615036696196], "3": [1, 0.18096941988915205], "4": [1, 0.1797074843198061], "5": [1, 0.18054139334708452], "6": [1, 0.17978190165013075], "7": [1, 0.17993714939802885], "8": [1, 0.1805356815457344], "9": [1, 0.18177479691803455], "10": [1, 0.17968733981251717], "11": [1, 0.17938283272087574], "12": [1, 0.17860086262226105], "13": [1, 0.18036146089434624], "14": [1, 0.18008814379572868], "15": [1, 0.18031386099755764], "16": [1, 0.17845199164003134], "17": [1, 0.17955091875046492], "18": [1, 0.1797045860439539], "19": [1, 0.17934687994420528], "20": [1, 0.18032776936888695], "21": [1, 0.18193175923079252], "22": [1, 0.18167425226420164], "23": [1, 0.18044374510645866], "24": [1, 0.17862590495496988], "25": [1, 0.17801676131784916], "26": [1, 0.18185423780232668], "27": [1, 0.18038890324532986], "28": [1, 0.1781952390447259], "29": [1, 0.17920677736401558], "30": [1, 0.18066325969994068], "31": [1, 0.17986989859491587], "32": [1, 0.18076025694608688], "33": [1, 0.18052303045988083], "34": [1, 0.1824164167046547], "35": [1, 0.1836578929796815], "36": [1, 0.17886974848806858], "37": [1, 0.18555057980120182], "38": [1, 0.17948079947382212], "39": [1, 0.18077593483030796], "40": [1, 0.17838365212082863], "41": [1, 0.17840215098112822], "42": [1, 0.1790487626567483], "43": [1, 0.17893391381949186], "44": [1, 0.18060613237321377], "45": [1, 0.18008086923509836], "46": [1, 0.1819084184244275], "47": [1, 0.1827782578766346], "48": [1, 0.1821468248963356], "49": [1, 0.18075307924300432], "50": [1, 0.20706020388752222], "51": [1, 0.18009348679333925], "52": [1, 0.18058024067431688], "53": [1, 0.17935059498995543], "54": [1, 0.1813513720408082], "55": [1, 0.17988722771406174], "56": [1, 0.17915234714746475], "57": [1, 0.18086394481360912], "58": [1, 0.1779970796778798], "59": [1, 0.18092378415167332], "60": [1, 0.17944860644638538], "61": [1, 0.17866158485412598], "62": [1, 0.18044930510222912], "63": [1, 0.1812348049134016], "64": [1, 0.18640656489878893], "65": [1, 0.18036686535924673], "66": [1, 0.17963049188256264], "67": [1, 0.17826184816658497], "68": [1, 0.17880092095583677], "69": [1, 0.18036722298711538], "70": [1, 0.18546593375504017], "71": [1, 0.1775881750509143]}, {"1": [2, 0.22316023986786604], "2": [2, 0.1930084265768528], "3": [2, 0.18758493941277266], "4": [2, 0.20361463353037834], "5": [2, 0.18742291908711195], "6": [2, 0.187971961684525], "7": [2, 0.20249741524457932], "8": [2, 0.20330187678337097], "9": [2, 0.19869673810899258], "10": [2, 0.18723685946315527], "11": [2, 0.2024165652692318], "12": [2, 0.20352757070213556], "13": [2, 0.1925766570493579], "14": [2, 0.2044015796855092], "15": [2, 0.1877377424389124], "16": [2, 0.20272563956677914], "17": [2, 0.20164239034056664], "18": [2, 0.1970440037548542], "19": [2, 0.19103271141648293], "20": [2, 0.19196016248315573], "21": [2, 0.18723017536103725], "22": [2, 0.20345730800181627], "23": [2, 0.18593041133135557], "24": [2, 0.2037842534482479], "25": [2, 0.20268150512129068], "26": [2, 0.18554516416043043], "27": [2, 0.20347029529511929], "28": [2, 0.20446779392659664], "29": [2, 0.20297070033848286], "30": [2, 0.20269034802913666], "31": [2, 0.18692036904394627], "32": [2, 0.19083012361079454], "33": [2, 0.19113317038863897], "34": [2, 0.1896632257848978], "35": [2, 0.20340994838625193], "36": [2, 0.18762892950326204], "37": [2, 0.20248552691191435], "38": [2, 0.19444048963487148], "39": [2, 0.1997965481132269], "40": [2, 0.19033634569495916], "41": [2, 0.1950956406071782], "42": [2, 0.19355601910501719], "43": [2, 0.20124594029039145], "44": [2, 0.1869852328673005], "45": [2, 0.20388924796134233], "46": [2, 0.20307629648596048], "47": [2, 0.20454972982406616], "48": [2, 0.2031374154612422], "49": [2, 0.19126438163220882], "50": [2, 0.2001202804967761], "51": [2, 0.2034481903538108], "52": [2, 0.20266889967024326], "53": [2, 0.1901178527623415], "54": [2, 0.20087530929595232], "55": [2, 0.20490126125514507], "56": [2, 0.18760021217167377], "57": [2, 0.1877593295648694], "58": [2, 0.18501476105302572], "59": [2, 0.1877218196168542], "60": [2, 0.186904389411211], "61": [2, 0.20398327056318521], "62": [2, 0.20300279092043638], "63": [2, 0.1890776827931404], "64": [2, 0.1877611167728901], "65": [2, 0.1924589527770877], "66": [2, 0.19358473923057318], "67": [2, 0.194202552549541], "68": [2, 0.19000667985528708], "69": [2, 0.19047001376748085], "70": [2, 0.18849131651222706], "71": [1, 0.17804510705173016]}, {"1": [4, 0.23579750768840313], "2": [4, 0.208179478533566], "3": [4, 0.20044946670532227], "4": [4, 0.2168203368782997], "5": [4, 0.22134470473974943], "6": [4, 0.20367062836885452], "7": [4, 0.20563083421438932], "8": [4, 0.19988050125539303], "9": [4, 0.22078923881053925], "10": [4, 0.21987954899668694], "11": [4, 0.20525855757296085], "12": [4, 0.219351414591074], "13": [4, 0.20161047950387], "14": [4, 0.22498922795057297], "15": [4, 0.22830895893275738], "16": [4, 0.2040344811975956], "17": [4, 0.21864705067127943], "18": [4, 0.208058824762702], "19": [4, 0.22161812614649534], "20": [4, 0.20483554061502218], "21": [4, 0.20758141856640577], "22": [4, 0.2204651888459921], "23": [4, 0.20898894034326077], "24": [4, 0.20124463085085154], "25": [4, 0.2165678022429347], "26": [4, 0.20192818250507116], "27": [4, 0.20453060138970613], "28": [4, 0.20337935537099838], "29": [4, 0.203808699734509], "30": [4, 0.20325548574328423], "31": [4, 0.2094163130968809], "32": [4, 0.20419862400740385], "33": [4, 0.20587213430553675], "34": [4, 0.20305971708148718], "35": [4, 0.20373665913939476], "36": [4, 0.21747159771621227], "37": [4, 0.20859985053539276], "38": [4, 0.20198517758399248], "39": [4, 0.21647942811250687], "40": [4, 0.20576132275164127], "41": [4, 0.2023975420743227], "42": [4, 0.20336253009736538], "43": [4, 0.20243077166378498], "44": [4, 0.2004806138575077], "45": [4, 0.22282863315194845], "46": [4, 0.22075233608484268], "47": [4, 0.20465992484241724], "48": [4, 0.2177600311115384], "49": [4, 0.21291800774633884], "50": [4, 0.20179773587733507], "51": [4, 0.21293174754828215], "52": [4, 0.20984171237796545], "53": [4, 0.2050338787958026], "54": [4, 0.21251328103244305], "55": [4, 0.20027833245694637], "56": [4, 0.22045511659234762], "57": [4, 0.20494344178587198], "58": [4, 0.21514425612986088], "59": [4, 0.20140781998634338], "60": [4, 0.21721191238611937], "61": [4, 0.20381613168865442], "62": [4, 0.2034028461202979], "63": [4, 0.19884935673326254], "64": [4, 0.21828420646488667], "65": [4, 0.20170775428414345], "66": [4, 0.2200741870328784], "67": [4, 0.2083323895931244], "68": [4, 0.20237859524786472], "69": [4, 0.20343045331537724], "70": [4, 0.21551820635795593], "71": [1, 0.18046054244041443]}], "tbt": [{"1": [1, 127, 0.10984717063811117], "2": [1, 127, 0.10990521176828175], "3": [1, 127, 0.10979257011419441], "4": [1, 127, 0.1099361891630949], "5": [1, 127, 0.11002636881999847], "6": [1, 127, 0.1099618298668913], "7": [1, 127, 0.11046159733086824], "8": [1, 127, 0.10999279926113022], "9": [1, 127, 0.11008884948421652], "10": [1, 127, 0.11013703648822279], "11": [1, 127, 0.11008884680024751], "12": [1, 127, 0.10993307678571601], "13": [1, 127, 0.11026282700174671], "14": [1, 127, 0.11036860397980204], "15": [1, 127, 0.11023070146953028], "16": [1, 127, 0.11075528763879941], "17": [1, 127, 0.11022025240423876], "18": [1, 127, 0.1101752193057983], "19": [1, 127, 0.11057036760167813], "20": [1, 127, 0.1103568636174277], "21": [1, 127, 0.11026580603133271], "22": [1, 127, 0.11032111344375009], "23": [1, 127, 0.11011485514179693], "24": [1, 127, 0.1104561235961013], "25": [1, 127, 0.11036172274529464], "26": [1, 127, 0.11030302477604527], "27": [1, 127, 0.11014789590010728], "28": [1, 127, 0.11084377370393417], "29": [1, 127, 0.11082970499845705], "30": [1, 127, 0.11068322893789434], "31": [1, 127, 0.11079809945223369], "32": [1, 127, 0.11028109878800281], "33": [1, 127, 0.11014594637796166], "34": [1, 127, 0.10991135629729962],