{
    "l18w1.0sml128": [
        {
            "batch_size": 1,
            "mean_ttft": 163455.40841834413,
            "std_ttft": 3613.4723006234744,
            "mean_tbt": 96008.06118161589,
            "std_tbt": 1369.2092190326325
        },
        {
            "batch_size": 2,
            "mean_ttft": 191053.93083559143,
            "std_ttft": 14075.303462887758,
            "mean_tbt": 146159.7671887324,
            "std_tbt": 55.591425807123635
        },
        {
            "batch_size": 4,
            "mean_ttft": 229257.5952700443,
            "std_ttft": 2969.9253178915365,
            "mean_tbt": 147496.5306256202,
            "std_tbt": 93.4143779661504
        }
    ]
}