{"ttft": [{"1": [1, 0.28844601288437843], "2": [1, 0.2531816940754652], "3": [1, 0.2611149111762643], "4": [1, 0.25539037771523], "5": [1, 0.2538241045549512], "6": [1, 0.25772146973758936], "7": [1, 0.2537653250619769], "8": [1, 0.2537268055602908], "9": [1, 0.2548344526439905], "10": [1, 0.249592874199152], "11": [1, 0.2504806127399206], "12": [1, 0.25185033865273], "13": [1, 0.2510857442393899], "14": [1, 0.2493466855958104], "15": [1, 0.25713466480374336], "16": [1, 0.25037611462175846], "17": [1, 0.24911961797624826], "18": [1, 0.2504702415317297], "19": [1, 0.2583864191547036], "20": [1, 0.25136744044721127], "21": [1, 0.25373956374824047], "22": [1, 0.2548947399482131], "23": [1, 0.2531835902482271], "24": [1, 0.2495862813666463], "25": [1, 0.25198308285325766], "26": [1, 0.2690121941268444], "27": [1, 0.26065809186547995], "28": [1, 0.25969779305160046], "29": [1, 0.2740390654653311], "30": [1, 0.25640367064625025], "31": [1, 0.2548988973721862], "32": [1, 0.25204028096050024], "33": [1, 0.25057524628937244], "34": [1, 0.2541429065167904], "35": [1, 0.2544083232060075], "36": [1, 0.24974481761455536], "37": [1, 0.25009014271199703], "38": [1, 0.25247206445783377], "39": [1, 0.2515572551637888], "40": [1, 0.25191669166088104], "41": [1, 0.2503847675397992], "42": [1, 0.25312347523868084], "43": [1, 0.2611870924010873], "44": [1, 0.24970506597310305], "45": [1, 0.2630317797884345], "46": [1, 0.25126196816563606], "47": [1, 0.25505410321056843], "48": [1, 0.2489410536363721], "49": [1, 0.2494757380336523], "50": [1, 0.24931094888597727], "51": [1, 0.2549732644110918], "52": [1, 0.2533390112221241], "53": [1, 0.2539843637496233], "54": [1, 0.2525719814002514], "55": [1, 0.25529299955815077], "56": [1, 0.25477020535618067], "57": [1, 0.2509852387011051], "58": [1, 0.2522751232609153], "59": [1, 0.2576030306518078], "60": [1, 0.24928535893559456], "61": [1, 0.25039187353104353], "62": [1, 0.2504085125401616], "63": [1, 0.24957773182541132], "64": [1, 0.2508096480742097], "65": [1, 0.26167287211865187], "66": [1, 0.2586054755374789], "67": [1, 0.2534387372434139], "68": [1, 0.25252047739923], "69": [1, 0.2536904439330101], "70": [1, 0.26474376395344734], "71": [1, 0.25468507036566734]}, {"1": [2, 0.30261226277798414], "2": [2, 0.2731998860836029], "3": [2, 0.2841692380607128], "4": [2, 0.28199402149766684], "5": [2, 0.2715186132118106], "6": [2, 0.27295788563787937], "7": [2, 0.27434470131993294], "8": [2, 0.294744523242116], "9": [2, 0.2907644882798195], "10": [2, 0.29221360106021166], "11": [2, 0.2950114496052265], "12": [2, 0.2747174818068743], "13": [2, 0.2712650718167424], "14": [2, 0.2726838244125247], "15": [2, 0.2931203870102763], "16": [2, 0.2933396240696311], "17": [2, 0.2919044606387615], "18": [2, 0.2942831013351679], "19": [2, 0.2913813553750515], "20": [2, 0.27289417013525963], "21": [2, 0.2831004913896322], "22": [2, 0.29300326481461525], "23": [2, 0.29115791618824005], "24": [2, 0.2967207711189985], "25": [2, 0.29235671181231737], "26": [2, 0.2721377471461892], "27": [2, 0.27148770447820425], "28": [2, 0.2925451984629035], "29": [2, 0.2940069315955043], "30": [2, 0.2829277105629444], "31": [2, 0.29355588648468256], "32": [2, 0.29116933327168226], "33": [2, 0.29412885941565037], "34": [2, 0.2756000952795148], "35": [2, 0.2933263974264264], "36": [2, 0.29245177656412125], "37": [2, 0.2945949723944068], "38": [2, 0.2731606224551797], "39": [2, 0.29182763397693634], "40": [2, 0.2732735900208354], "41": [2, 0.27205251436680555], "42": [2, 0.2924267556518316], "43": [2, 0.29383374005556107], "44": [2, 0.29159661661833525], "45": [2, 0.2964044287800789], "46": [2, 0.2905922159552574], "47": [2, 0.2935370812192559], "48": [2, 0.2903798772022128], "49": [2, 0.293339254334569], "50": [2, 0.29459643829613924], "51": [2, 0.29213146679103374], "52": [2, 0.29435453098267317], "53": [2, 0.28366414457559586], "54": [2, 0.293917965143919], "55": [2, 0.29087863117456436], "56": [2, 0.2913375850766897], "57": [2, 0.2917788000777364], "58": [2, 0.2766881864517927], "59": [2, 0.294865183532238], "60": [2, 0.2921671150252223], "61": [2, 0.29419371113181114], "62": [2, 0.2916366197168827], "63": [2, 0.2952862670645118], "64": [2, 0.29198034573346376], "65": [2, 0.29407143220305443], "66": [2, 0.291307782754302], "67": [2, 0.28564182855188847], "68": [2, 0.29310569167137146], "69": [2, 0.2772877858951688], "70": [2, 0.29194624442607164], "71": [1, 0.2707817004993558]}, {"1": [4, 0.3832904323935509], "2": [4, 0.35403023567050695], "3": [4, 0.3575170040130615], "4": [4, 0.3524465346708894], "5": [4, 0.35415588319301605], "6": [4, 0.354504119604826], "7": [4, 0.36471423879265785], "8": [4, 0.35670422203838825], "9": [4, 0.3531464943662286], "10": [4, 0.3604311989620328], "11": [4, 0.36030268017202616], "12": [4, 0.35743845254182816], "13": [4, 0.35771602019667625], "14": [4, 0.35486423317342997], "15": [4, 0.36527393106371164], "16": [4, 0.356775039806962], "17": [4, 0.3584854807704687], "18": [4, 0.3536704257130623], "19": [4, 0.3610854698345065], "20": [4, 0.3579431548714638], "21": [4, 0.35898401215672493], "22": [4, 0.3568044984713197], "23": [4, 0.35466139297932386], "24": [4, 0.3554508136585355], "25": [4, 0.3518685959279537], "26": [4, 0.3586735464632511], "27": [4, 0.3619431871920824], "28": [4, 0.35668868850916624], "29": [4, 0.35541783180087805], "30": [4, 0.36094002425670624], "31": [4, 0.3616243163123727], "32": [4, 0.3582517337054014], "33": [4, 0.35362611897289753], "34": [4, 0.3578242789953947], "35": [4, 0.35361687932163477], "36": [4, 0.3521721549332142], "37": [4, 0.3559799809008837], "38": [4, 0.3540245536714792], "39": [4, 0.3527721669524908], "40": [4, 0.3559056604281068], "41": [4, 0.3529381062835455], "42": [4, 0.36212997790426016], "43": [4, 0.3563845045864582], "44": [4, 0.36027725879102945], "45": [4, 0.35498744063079357], "46": [4, 0.35784850735217333], "47": [4, 0.3565189829096198], "48": [4, 0.35618986655026674], "49": [4, 0.35787700675427914], "50": [4, 0.35994302202016115], "51": [4, 0.36556920502334833], "52": [4, 0.3644196391105652], "53": [4, 0.35529351606965065], "54": [4, 0.3533158488571644], "55": [4, 0.3549136705696583], "56": [4, 0.3586328364908695], "57": [4, 0.35656378138810396], "58": [4, 0.3675731709226966], "59": [4, 0.36226507369428873], "60": [4, 0.3577700052410364], "61": [4, 0.3594787549227476], "62": [4, 0.3556099720299244], "63": [4, 0.3571496829390526], "64": [4, 0.35547014232724905], "65": [4, 0.3722036452963948], "66": [4, 0.35548144206404686], "67": [4, 0.3565952992066741], "68": [4, 0.4077978665009141], "69": [4, 0.3602689355611801], "70": [4, 0.3515349579975009], "71": [1, 0.2549115242436528]}], "tbt": [{"1": [1, 127, 0.1517192882698352], "2": [1, 127, 0.15143255470687245], "3": [1, 127, 0.15251035455936993], "4": [1, 127, 0.1524340624107033], "5": [1, 127, 0.15030806736037958], "6": [1, 127, 0.15234084435423292], "7": [1, 127, 0.15101442873243273], "8": [1, 127, 0.1496336294895434], "9": [1, 127, 0.14995181071388675], "10": [1, 127, 0.14975061347546775], "11": [1, 127, 0.14947223251201505], "12": [1, 127, 0.14981486203192962], "13": [1, 127, 0.14978765145560183], "14": [1, 127, 0.15030357067832562], "15": [1, 127, 0.1498212130212291], "16": [1, 127, 0.1498995896384824], "17": [1, 127, 0.15095141413438273], "18": [1, 127, 0.1507161729785753], "19": [1, 127, 0.1506620793141366], "20": [1, 127, 0.15025506158337348], "21": [1, 127, 0.1503528241933448], "22": [1, 127, 0.14984855223740415], "23": [1, 127, 0.14985700415110026], "24": [1, 127, 0.14988971705453133], "25": [1, 127, 0.15054769675416035], "26": [1, 127, 0.15521241668025104], "27": [1, 127, 0.1523494086792971], "28": [1, 127, 0.15195551236695426], "29": [1, 127, 0.15239564855179683], "30": [1, 127, 0.14952944453043027], "31": [1, 127, 0.14929743280531618], "32": [1, 127, 0.1500436241672499], "33": [1, 127, 0.1492890399462712], "34": [1, 127, 0.1497161983930337], "35": [1, 127, 0.14949556511247486], "36": [1, 127, 0.14936076193373268],