{"l32w1.0sml64mnt128": [{"batch_size": 1, "mean_ttft": 268571.34591788054, "std_ttft": 2100.006151057292, "mean_tbt": 165124.47469669767, "std_tbt": 769.5278388224918}, {"batch_size": 2, "mean_ttft": 290398.43782782555, "std_ttft": 9499.008141552018, "mean_tbt": 255663.6291217264, "std_tbt": 152.5537906270536}, {"batch_size": 4, "mean_ttft": 308263.1756365299, "std_ttft": 9763.882649981957, "mean_tbt": 256159.28697876458, "std_tbt": 134.49707980902588}]}