{"ttft": [{"1": [1, 0.24065718334168196], "2": [1, 0.2204165542498231], "3": [1, 0.214834276586771], "4": [1, 0.21358083002269268], "5": [1, 0.21044616401195526], "6": [1, 0.2140717627480626], "7": [1, 0.21378526464104652], "8": [1, 0.21250327955931425], "9": [1, 0.21188713517040014], "10": [1, 0.21732979081571102], "11": [1, 0.21302880998700857], "12": [1, 0.21085178386420012], "13": [1, 0.2114216974005103], "14": [1, 0.21091622114181519], "15": [1, 0.21280209999531507], "16": [1, 0.21142501384019852], "17": [1, 0.21415127161890268], "18": [1, 0.2117013894021511], "19": [1, 0.21071805991232395], "20": [1, 0.21144118066877127], "21": [1, 0.21280241385102272], "22": [1, 0.2102164626121521], "23": [1, 0.2109210854396224], "24": [1, 0.2120636710897088], "25": [1, 0.21211715880781412], "26": [1, 0.2098451443016529], "27": [1, 0.21376199927181005], "28": [1, 0.2123792041093111], "29": [1, 0.211132587864995], "30": [1, 0.21194318775087595], "31": [1, 0.21352792903780937], "32": [1, 0.20976807177066803], "33": [1, 0.20992188900709152], "34": [1, 0.2099057687446475], "35": [1, 0.21252428740262985], "36": [1, 0.21480065118521452], "37": [1, 0.21435271482914686], "38": [1, 0.21065915748476982], "39": [1, 0.21472332999110222], "40": [1, 0.21039256919175386], "41": [1, 0.21023062989115715], "42": [1, 0.20971501618623734], "43": [1, 0.21434961073100567], "44": [1, 0.209755914285779], "45": [1, 0.21380461566150188], "46": [1, 0.20972210261970758], "47": [1, 0.21248972043395042], "48": [1, 0.21100463531911373], "49": [1, 0.2121600229293108], "50": [1, 0.2133691878989339], "51": [1, 0.2126027075573802], "52": [1, 0.21016699448227882], "53": [1, 0.21412114705890417], "54": [1, 0.21103843301534653], "55": [1, 0.21261624433100224], "56": [1, 0.21159277576953173], "57": [1, 0.2134081544354558], "58": [1, 0.21015863213688135], "59": [1, 0.21249836310744286], "60": [1, 0.21362070925533772], "61": [1, 0.20975898392498493], "62": [1, 0.21240674331784248], "63": [1, 0.21254415158182383], "64": [1, 0.21285681705921888], "65": [1, 0.2132543809711933], "66": [1, 0.21243868954479694], "67": [1, 0.21208871342241764], "68": [1, 0.2136965049430728], "69": [1, 0.2103298418223858], "70": [1, 0.21313288994133472], "71": [1, 0.2131097400560975]}, {"1": [2, 0.2536078533157706], "2": [2, 0.23998793959617615], "3": [2, 0.23478112742304802], "4": [2, 0.22588948160409927], "5": [2, 0.2289600633084774], "6": [2, 0.22911132220178843], "7": [2, 0.2248005410656333], "8": [2, 0.21828399319201708], "9": [2, 0.2390686348080635], "10": [2, 0.23653075378388166], "11": [2, 0.2187955379486084], "12": [2, 0.23924086149781942], "13": [2, 0.22258232347667217], "14": [2, 0.2392590893432498], "15": [2, 0.22184736095368862], "16": [2, 0.24076856207102537], "17": [2, 0.2393890656530857], "18": [2, 0.2273188754916191], "19": [2, 0.22741605434566736], "20": [2, 0.24290802516043186], "21": [2, 0.2259128699079156], "22": [2, 0.2375592151656747], "23": [2, 0.22162034828215837], "24": [2, 0.227913704700768], "25": [2, 0.2383972741663456], "26": [2, 0.24162269569933414], "27": [2, 0.22716351225972176], "28": [2, 0.24271890334784985], "29": [2, 0.22444639261811972], "30": [2, 0.23806124459952116], "31": [2, 0.22169197350740433], "32": [2, 0.22637501545250416], "33": [2, 0.22156647127121687], "34": [2, 0.2203833842650056], "35": [2, 0.23987441882491112], "36": [2, 0.22159639839082956], "37": [2, 0.24185475520789623], "38": [2, 0.22027083300054073], "39": [2, 0.24072205554693937], "40": [2, 0.22439365461468697], "41": [2, 0.23698508832603693], "42": [2, 0.2255637887865305], "43": [2, 0.24282150994986296], "44": [2, 0.23887876328080893], "45": [2, 0.22411150485277176], "46": [2, 0.23917471896857023], "47": [2, 0.24007101729512215], "48": [2, 0.22253425233066082], "49": [2, 0.22313227411359549], "50": [2, 0.22121991496533155], "51": [2, 0.22406399250030518], "52": [2, 0.2195840636268258], "53": [2, 0.22825157269835472], "54": [2, 0.2378672007471323], "55": [2, 0.22059785947203636], "56": [2, 0.22810124326497316], "57": [2, 0.21884315833449364], "58": [2, 0.22947428468614817], "59": [2, 0.22425217647105455], "60": [2, 0.22288006078451872], "61": [2, 0.22171421349048615], "62": [2, 0.21980025619268417], "63": [2, 0.22193240001797676], "64": [2, 0.2214597761631012], "65": [2, 0.22213115729391575], "66": [2, 0.22495101392269135], "67": [2, 0.23977399338036776], "68": [2, 0.23983170092105865], "69": [2, 0.22284771781414747], "70": [2, 0.21726933121681213], "71": [1, 0.2123258775100112]}, {"1": [4, 0.26934090722352266], "2": [4, 0.25636933743953705], "3": [4, 0.25868479907512665], "4": [4, 0.2521082442253828], "5": [4, 0.25629278738051653], "6": [4, 0.23954236041754484], "7": [4, 0.25297438260167837], "8": [4, 0.2394287707284093], "9": [4, 0.24783657118678093], "10": [4, 0.2541077407076955], "11": [4, 0.23838677071034908], "12": [4, 0.2358837705105543], "13": [4, 0.24323319271206856], "14": [4, 0.23533229622989893], "15": [4, 0.25529466290026903], "16": [4, 0.23790927417576313], "17": [4, 0.24345751851797104], "18": [4, 0.24110165610909462], "19": [4, 0.2591903153806925], "20": [4, 0.23871179297566414], "21": [4, 0.25790666975080967], "22": [4, 0.2418245766311884], "23": [4, 0.25230617355555296], "24": [4, 0.23678290378302336], "25": [4, 0.23977991938591003], "26": [4, 0.23824776615947485], "27": [4, 0.2352136019617319], "28": [4, 0.23668324388563633], "29": [4, 0.2370709991082549], "30": [4, 0.2364586852490902], "31": [4, 0.23919489327818155], "32": [4, 0.23630629759281874], "33": [4, 0.2415956137701869], "34": [4, 0.2561560356989503], "35": [4, 0.23741560336202383], "36": [4, 0.25023228302598], "37": [4, 0.25571959745138884], "38": [4, 0.2382837412878871], "39": [4, 0.2531645577400923], "40": [4, 0.24097755830734968], "41": [4, 0.24271176755428314], "42": [4, 0.26042350102216005], "43": [4, 0.23405929282307625], "44": [4, 0.23714104667305946], "45": [4, 0.24132998008280993], "46": [4, 0.256941843777895], "47": [4, 0.23916625324636698], "48": [4, 0.24096721224486828], "49": [4, 0.23558037355542183], "50": [4, 0.23977960366755724], "51": [4, 0.2518549282103777], "52": [4, 0.24406707379966974], "53": [4, 0.23956832569092512], "54": [4, 0.2592776622623205], "55": [4, 0.23610207438468933], "56": [4, 0.25301380176097155], "57": [4, 0.23716246988624334], "58": [4, 0.23872453067451715], "59": [4, 0.23918245639652014], "60": [4, 0.23955670185387135], "61": [4, 0.23984464723616838], "62": [4, 0.2371912468224764], "63": [4, 0.24047914799302816], "64": [4, 0.25710371043533087], "65": [4, 0.2387404479086399], "66": [4, 0.2478381246328354], "67": [4, 0.23641434125602245], "68": [4, 0.24546224996447563], "69": [4, 0.24089429061859846], "70": [4, 0.25319028086960316], "71": [1, 0.21198651660233736]}], "tbt": [{"1": [1, 127, 0.13017177112459197], "2": [1, 127, 0.1296025113253964], "3": [1, 127, 0.12938556240094223], "4": [1, 127, 0.12917267122694592], "5": [1, 127, 0.12943806593108365], "6": [1, 127, 0.12962057771469196], "7": [1, 127, 0.12947166676625727], "8": [1, 127, 0.12937702646288346], "9": [1, 127, 0.12916422137389266], "10": [1, 127, 0.12915318108009777], "11": [1, 127, 0.1291278718024727], "12": [1, 127, 0.12900462106427574], "13": [1, 127, 0.12914690577725726], "14": [1, 127, 0.12905133511929764], "15": [1, 127, 0.1291016786997243], "16": [1, 127, 0.12958659462660083], "17": [1, 127, 0.12922336004205107], "18": [1, 127, 0.12916379771745345], "19": [1, 127, 0.12909894052335597], "20": [1, 127, 0.12903322756847763], "21": [1, 127, 0.1291043466089044], "22": [1, 127, 0.12904773788951981], "23": [1, 127, 0.1292885019788592], "24": [1, 127, 0.12894592704764735], "25": [1, 127, 0.12899070332838794], "26": [1, 127, 0.12905094187384045], "27": [1, 127, 0.1290380915729549], "28": [1, 127, 0.12895357344064892], "29": [1, 127, 0.12907939053719908], "30": [1, 127, 0.12909135248834694], "31": [1, 127, 0.12906439008381893], "32": [1, 127, 0.12900272083622732], "33": [1, 127, 0.12902026438689607], "34": [1, 127, 0.12884541173414218],