{"l21w1.0sml64": [{"batch_size": 1, "mean_ttft": 180382.94667171108, "std_ttft": 1269.3404607828465, "mean_tbt": 110241.82847958701, "std_tbt": 95.11110006511248}, {"batch_size": 2, "mean_ttft": 209480.24197585054, "std_ttft": 15280.667575350923, "mean_tbt": 169909.77606693513, "std_tbt": 83.00110104709515}, {"batch_size": 4, "mean_ttft": 206873.12562432553, "std_ttft": 7365.770093363002, "mean_tbt": 170276.57280682152, "std_tbt": 135.76625803931017}]}