{
    "l31w1.0sml128": [
        {
            "batch_size": 1,
            "mean_ttft": 266831.20526787307,
            "std_ttft": 1720.0082530811637,
            "mean_tbt": 156089.7091294036,
            "std_tbt": 185.5515884862728
        },
        {
            "batch_size": 2,
            "mean_ttft": 312322.4260078536,
            "std_ttft": 19523.591602046916,
            "mean_tbt": 244046.44399572955,
            "std_tbt": 129.16142668825296
        },
        {
            "batch_size": 4,
            "mean_ttft": 379888.42338737514,
            "std_ttft": 3184.8445969204276,
            "mean_tbt": 245493.94693793746,
            "std_tbt": 307.35213619820456
        }
    ]
}