{"ttft": [{"1": [1, 0.21834824420511723], "2": [1, 0.18149768188595772], "3": [1, 0.1876185704022646], "4": [1, 0.1814559819176793], "5": [1, 0.18361561745405197], "6": [1, 0.18186032865196466], "7": [1, 0.17886976432055235], "8": [1, 0.18274412862956524], "9": [1, 0.18208814691752195], "10": [1, 0.18052067514508963], "11": [1, 0.18015866912901402], "12": [1, 0.17800526600331068], "13": [1, 0.18200126942247152], "14": [1, 0.17814261466264725], "15": [1, 0.1801881603896618], "16": [1, 0.17832049261778593], "17": [1, 0.18118305783718824], "18": [1, 0.1790215354412794], "19": [1, 0.1790777537971735], "20": [1, 0.18039969820529222], "21": [1, 0.18347814306616783], "22": [1, 0.1811963701620698], "23": [1, 0.1859032353386283], "24": [1, 0.17958549968898296], "25": [1, 0.17775745131075382], "26": [1, 0.1818058444187045], "27": [1, 0.1799698444083333], "28": [1, 0.17748744506388903], "29": [1, 0.1833518771454692], "30": [1, 0.1791525473818183], "31": [1, 0.18739132583141327], "32": [1, 0.1787759391590953], "33": [1, 0.17981815617531538], "34": [1, 0.18052257783710957], "35": [1, 0.17845201306045055], "36": [1, 0.18018667213618755], "37": [1, 0.17795386910438538], "38": [1, 0.1813933691009879], "39": [1, 0.18133082892745733], "40": [1, 0.17915494553744793], "41": [1, 0.18051125016063452], "42": [1, 0.1807726165279746], "43": [1, 0.18041715119034052], "44": [1, 0.18020772375166416], "45": [1, 0.17949861381202936], "46": [1, 0.1782087478786707], "47": [1, 0.1810468239709735], "48": [1, 0.17818106710910797], "49": [1, 0.1796715408563614], "50": [1, 0.17843040637671947], "51": [1, 0.18057850003242493], "52": [1, 0.17907313909381628], "53": [1, 0.18505448661744595], "54": [1, 0.17990642879158258], "55": [1, 0.18088700715452433], "56": [1, 0.18306023068726063], "57": [1, 0.18098411615937948], "58": [1, 0.17930444702506065], "59": [1, 0.17946329526603222], "60": [1, 0.1786850644275546], "61": [1, 0.17897584103047848], "62": [1, 0.17877007462084293], "63": [1, 0.17984353099018335], "64": [1, 0.1796580133959651], "65": [1, 0.18182226829230785], "66": [1, 0.1829992737621069], "67": [1, 0.18056497164070606], "68": [1, 0.18034267611801624], "69": [1, 0.17959441617131233], "70": [1, 0.17883670423179865], "71": [1, 0.17680432088673115]}, {"1": [2, 0.22095893695950508], "2": [2, 0.23694418743252754], "3": [2, 0.19662607554346323], "4": [2, 0.1946875900030136], "5": [2, 0.1982241878286004], "6": [2, 0.19458710122853518], "7": [2, 0.19571181759238243], "8": [2, 0.19646230060607195], "9": [2, 0.19091620482504368], "10": [2, 0.23712828755378723], "11": [2, 0.19818528927862644], "12": [2, 0.19334994722157717], "13": [2, 0.1986045753583312], "14": [2, 0.19538265280425549], "15": [2, 0.19853406585752964], "16": [2, 0.19935195613652468], "17": [2, 0.19522494450211525], "18": [2, 0.1949672382324934], "19": [2, 0.19193699397146702], "20": [2, 0.2003491846844554], "21": [2, 0.19655823055654764], "22": [2, 0.1954697035253048], "23": [2, 0.19626624509692192], "24": [2, 0.19519075751304626], "25": [2, 0.20037432480603456], "26": [2, 0.1956642847508192], "27": [2, 0.19822546653449535], "28": [2, 0.1964078675955534], "29": [2, 0.23441618029028177], "30": [2, 0.19597128219902515], "31": [2, 0.20312078762799501], "32": [2, 0.19378284830600023], "33": [2, 0.20512100402265787], "34": [2, 0.197767810896039], "35": [2, 0.20063745696097612], "36": [2, 0.19309484586119652], "37": [2, 0.1972561962902546], "38": [2, 0.19521430041640997], "39": [2, 0.19893445633351803], "40": [2, 0.20342048443853855], "41": [2, 0.19764225091785192], "42": [2, 0.1978895692154765], "43": [2, 0.1994660720229149], "44": [2, 0.19444377068430185], "45": [2, 0.1952682202681899], "46": [2, 0.19543717801570892], "47": [2, 0.20518194511532784], "48": [2, 0.1976790213957429], "49": [2, 0.1936674676835537], "50": [2, 0.1995284790173173], "51": [2, 0.19863247964531183], "52": [2, 0.1967918910086155], "53": [2, 0.19556000549346209], "54": [2, 0.19557876512408257], "55": [2, 0.1982542835175991], "56": [2, 0.19710466638207436], "57": [2, 0.19349652901291847], "58": [2, 0.19495446234941483], "59": [2, 0.19865931943058968], "60": [2, 0.19651041366159916], "61": [2, 0.1993859987705946], "62": [2, 0.19484857190400362], "63": [2, 0.2018595514819026], "64": [2, 0.1946617653593421], "65": [2, 0.19979751482605934], "66": [2, 0.1941218413412571], "67": [2, 0.2009580209851265], "68": [2, 0.19770761858671904], "69": [2, 0.20429346151649952], "70": [2, 0.19265887700021267], "71": [1, 0.18591391667723656]}, {"1": [4, 0.27791742980480194], "2": [4, 0.2526747453957796], "3": [4, 0.2529602413997054], "4": [4, 0.2956258114427328], "5": [4, 0.2717669606208801], "6": [4, 0.27696888986974955], "7": [4, 0.2550398865714669], "8": [4, 0.2903668824583292], "9": [4, 0.2744255382567644], "10": [4, 0.25621695164591074], "11": [4, 0.27691974956542253], "12": [4, 0.2576397452503443], "13": [4, 0.29301659017801285], "14": [4, 0.2563429204747081], "15": [4, 0.2636733651161194], "16": [4, 0.2519900305196643], "17": [4, 0.25090613309293985], "18": [4, 0.2504248274490237], "19": [4, 0.2576609328389168], "20": [4, 0.2754494957625866], "21": [4, 0.25091989524662495], "22": [4, 0.27583569660782814], "23": [4, 0.25239576771855354], "24": [4, 0.269479569979012], "25": [4, 0.24978981539607048], "26": [4, 0.25727575924247503], "27": [4, 0.24713017605245113], "28": [4, 0.2951423218473792], "29": [4, 0.24774899892508984], "30": [4, 0.27811898849904537], "31": [4, 0.25956838112324476], "32": [4, 0.2767164222896099], "33": [4, 0.2540605142712593], "34": [4, 0.27480843383818865], "35": [4, 0.257616912946105], "36": [4, 0.27854773961007595], "37": [4, 0.25830678455531597], "38": [4, 0.276346355676651], "39": [4, 0.25509713031351566], "40": [4, 0.2697324315086007], "41": [4, 0.25274800695478916], "42": [4, 0.2511417753994465], "43": [4, 0.2478945218026638], "44": [4, 0.25612804666161537], "45": [4, 0.25709973461925983], "46": [4, 0.28067844174802303], "47": [4, 0.2510388111695647], "48": [4, 0.2779851024970412], "49": [4, 0.25121391750872135], "50": [4, 0.25481623504310846], "51": [4, 0.25078430119901896], "52": [4, 0.29083500150591135], "53": [4, 0.25516011007130146], "54": [4, 0.25399516336619854], "55": [4, 0.2473659785464406], "56": [4, 0.28494794573634863], "57": [4, 0.2531281104311347], "58": [4, 0.2765649314969778], "59": [4, 0.25709593389183283], "60": [4, 0.25716901291161776], "61": [4, 0.28838072437793016], "62": [4, 0.251515774987638], "63": [4, 0.2559380754828453], "64": [4, 0.2545763486996293], "65": [4, 0.25641632825136185], "66": [4, 0.2819386636838317], "67": [4, 0.25272440910339355], "68": [4, 0.26104956306517124], "69": [4, 0.2571863168850541], "70": [4, 0.2897075628861785], "71": [1, 0.17943019792437553]}], "tbt": [{"1": [1, 255, 0.10862617122703323], "2": [1, 255, 0.10750889749284469], "3": [1, 255, 0.10855815447136467], "4": [1, 255, 0.10770458057887998], "5": [1, 255, 0.10728224724092904], "6": [1, 255, 0.10647010535878294], "7": [1, 255, 0.10788571660352105], "8": [1, 255, 0.10720583044503834], "9": [1, 255, 0.10784228600780754], "10": [1, 255, 0.10734547174663521], "11": [1, 255, 0.10696191696048367], "12": [1, 255, 0.10733220697764088], "13": [1, 255, 0.10698840335814976], "14": [1, 255, 0.10702903937621444], "15": [1, 255, 0.10698986856960783], "16": [1, 255, 0.10671927612274885], "17": [1, 255, 0.1069247145680528], "18": [1, 255, 0.10919246794473307], "19": [1, 255, 0.1066139803395844], "20": [1, 255, 0.10695817560030549], "21": [1, 255, 0.10763097168037704], "22": [1, 255, 0.1066519762480668], "23": [1, 255, 0.10707726655710562], "24": [1, 255, 0.10709908454879827], "25": [1, 255, 0.1067166748219261], "26": [1, 255, 0.10710447424036615], "27": [1, 255, 0.1088130570948124], "28": [1, 255, 0.10640600348512332], "29": [1, 255, 0.10656626370972862], "30": [1, 255, 0.10664991347082689], "31": [1, 255, 0.10678503087484369], "32": [1, 255, 0.1068622103033989], "33": [1, 255, 0.106582294156154], "34": [1, 255, 0.10735290139256155],