{"ttft": [{"1": [1, 0.3696984928101301], "2": [1, 0.21475411113351583], "3": [1, 0.2206636918708682], "4": [1, 0.2104758219793439], "5": [1, 0.2083059372380376], "6": [1, 0.21072067879140377], "7": [1, 0.21010892651975155], "8": [1, 0.20998973678797483], "9": [1, 0.20861919410526752], "10": [1, 0.21073816996067762], "11": [1, 0.20975740067660809], "12": [1, 0.2095042346045375], "13": [1, 0.21067941095679998], "14": [1, 0.2114046011120081], "15": [1, 0.2124005202203989], "16": [1, 0.20839152671396732], "17": [1, 0.20978703070431948], "18": [1, 0.2162805162370205], "19": [1, 0.2101071672514081], "20": [1, 0.20861621666699648], "21": [1, 0.20896555110812187], "22": [1, 0.2097265226766467], "23": [1, 0.2099957587197423], "24": [1, 0.2082536593079567], "25": [1, 0.21134096384048462], "26": [1, 0.21033717598766088], "27": [1, 0.20980518404394388], "28": [1, 0.20789219718426466], "29": [1, 0.21077893301844597], "30": [1, 0.20878256671130657], "31": [1, 0.21023984998464584], "32": [1, 0.20801808591932058], "33": [1, 0.21138185635209084], "34": [1, 0.2106622252613306], "35": [1, 0.2091216528788209], "36": [1, 0.2078110696747899], "37": [1, 0.21138427779078484], "38": [1, 0.2105135265737772], "39": [1, 0.2082494543865323], "40": [1, 0.2151734633371234], "41": [1, 0.21075977478176355], "42": [1, 0.20860464125871658], "43": [1, 0.21032513957470655], "44": [1, 0.2085422109812498], "45": [1, 0.21291493996977806], "46": [1, 0.20905022602528334], "47": [1, 0.2085433518514037], "48": [1, 0.21022247150540352], "49": [1, 0.20931313186883926], "50": [1, 0.21004778519272804], "51": [1, 0.20875211991369724], "52": [1, 0.2101164236664772], "53": [1, 0.20953452121466398], "54": [1, 0.20950396172702312], "55": [1, 0.21013029385358095], "56": [1, 0.2127569830045104], "57": [1, 0.20870931074023247], "58": [1, 0.20864269230514765], "59": [1, 0.20982570853084326], "60": [1, 0.21025255415588617], "61": [1, 0.20906383730471134], "62": [1, 0.20888239983469248], "63": [1, 0.21009175572544336], "64": [1, 0.21062424965202808], "65": [1, 0.20982801727950573], "66": [1, 0.2078846925869584], "67": [1, 0.20966119039803743], "68": [1, 0.2126538958400488], "69": [1, 0.2085430733859539], "70": [1, 0.20956030301749706], "71": [1, 0.20737568754702806]}, {"1": [2, 0.2717793229967356], "2": [2, 0.24582297820597887], "3": [2, 0.23192629124969244], "4": [2, 0.24697108194231987], "5": [2, 0.22645248286426067], "6": [2, 0.24484638776630163], "7": [2, 0.23760711308568716], "8": [2, 0.23509795311838388], "9": [2, 0.2287342380732298], "10": [2, 0.22905021347105503], "11": [2, 0.2259274097159505], "12": [2, 0.24514254555106163], "13": [2, 0.22521929908543825], "14": [2, 0.2298777149990201], "15": [2, 0.24597523640841246], "16": [2, 0.24525789450854063], "17": [2, 0.22879305761307478], "18": [2, 0.23761376459151506], "19": [2, 0.22990193497389555], "20": [2, 0.24264243710786104], "21": [2, 0.24542695377022028], "22": [2, 0.24400571081787348], "23": [2, 0.22933146357536316], "24": [2, 0.22940627206116915], "25": [2, 0.23613202385604382], "26": [2, 0.2273902976885438], "27": [2, 0.2426456082612276], "28": [2, 0.2443463383242488], "29": [2, 0.2291392870247364], "30": [2, 0.24539286736398935], "31": [2, 0.2447173735126853], "32": [2, 0.24440595787018538], "33": [2, 0.2319634836167097], "34": [2, 0.23665545880794525], "35": [2, 0.2433218415826559], "36": [2, 0.23249792773276567], "37": [2, 0.23727888241410255], "38": [2, 0.2277752524241805], "39": [2, 0.24590423051267862], "40": [2, 0.23325776029378176], "41": [2, 0.23906427156180143], "42": [2, 0.2420356273651123], "43": [2, 0.22951411549001932], "44": [2, 0.2332004914060235], "45": [2, 0.24459326826035976], "46": [2, 0.24533898942172527], "47": [2, 0.24677173234522343], "48": [2, 0.24600788205862045], "49": [2, 0.24486185610294342], "50": [2, 0.24432826228439808], "51": [2, 0.24629670847207308], "52": [2, 0.22698581498116255], "53": [2, 0.24423138238489628], "54": [2, 0.23190283868461847], "55": [2, 0.24539716076105833], "56": [2, 0.24901205766946077], "57": [2, 0.24610186275094748], "58": [2, 0.25171323772519827], "59": [2, 0.2505658306181431], "60": [2, 0.23275522887706757], "61": [2, 0.2466765372082591], "62": [2, 0.23137455433607101], "63": [2, 0.23140528611838818], "64": [2, 0.22954588755965233], "65": [2, 0.2499097092077136], "66": [2, 0.2330486671999097], "67": [2, 0.2330811358988285], "68": [2, 0.22829444147646427], "69": [2, 0.2514416519552469], "70": [2, 0.24392012134194374], "71": [1, 0.22647070419043303]}, {"1": [4, 0.3361430037766695], "2": [4, 0.29627238865941763], "3": [4, 0.2955695167183876], "4": [4, 0.2978271506726742], "5": [4, 0.29915351513773203], "6": [4, 0.2998485565185547], "7": [4, 0.2974392771720886], "8": [4, 0.31297542434185743], "9": [4, 0.31117064598947763], "10": [4, 0.30003831535577774], "11": [4, 0.3180102873593569], "12": [4, 0.29571755696088076], "13": [4, 0.2947388291358948], "14": [4, 0.31255593057721853], "15": [4, 0.30583935882896185], "16": [4, 0.2953238720074296], "17": [4, 0.29472449980676174], "18": [4, 0.29665159806609154], "19": [4, 0.2926519336178899], "20": [4, 0.29500425700098276], "21": [4, 0.3141442136839032], "22": [4, 0.295315645635128], "23": [4, 0.2940380210056901], "24": [4, 0.30009808856993914], "25": [4, 0.30066283233463764], "26": [4, 0.29386642295867205], "27": [4, 0.3001179387792945], "28": [4, 0.29529172647744417], "29": [4, 0.2978877564892173], "30": [4, 0.31477382592856884], "31": [4, 0.2962764548137784], "32": [4, 0.29777002800256014], "33": [4, 0.2980911750346422], "34": [4, 0.3023950345814228], "35": [4, 0.29632716719061136], "36": [4, 0.29968804679811], "37": [4, 0.3010712107643485], "38": [4, 0.3125835945829749], "39": [4, 0.3110046945512295], "40": [4, 0.2971895383670926], "41": [4, 0.29802026972174644], "42": [4, 0.29929741378873587], "43": [4, 0.29493748489767313], "44": [4, 0.2961988802999258], "45": [4, 0.30035607144236565], "46": [4, 0.29935087356716394], "47": [4, 0.29561561811715364], "48": [4, 0.29672979563474655], "49": [4, 0.2944615427404642], "50": [4, 0.3021218627691269], "51": [4, 0.29925825726240873], "52": [4, 0.3018733663484454], "53": [4, 0.2956667495891452], "54": [4, 0.3153829062357545], "55": [4, 0.29806167259812355], "56": [4, 0.29661847185343504], "57": [4, 0.30031386855989695], "58": [4, 0.29690886102616787], "59": [4, 0.3012984683737159], "60": [4, 0.29429651517421007], "61": [4, 0.2973897187039256], "62": [4, 0.29939357470721006], "63": [4, 0.30163343995809555], "64": [4, 0.3004965241998434], "65": [4, 0.3014707947149873], "66": [4, 0.30250258184969425], "67": [4, 0.29888799600303173], "68": [4, 0.3012816486880183], "69": [4, 0.3007059572264552], "70": [4, 0.31346024572849274], "71": [1, 0.21070130728185177]}], "tbt": [{"1": [1, 127, 0.12848266221465557], "2": [1, 127, 0.12405822197283346], "3": [1, 127, 0.12357045690287051], "4": [1, 127, 0.12384068860313086], "5": [1, 127, 0.1235783579795966], "6": [1, 127, 0.12409327074328041], "7": [1, 127, 0.12431303911116415], "8": [1, 127, 0.12367832236813278], "9": [1, 127, 0.12375909959765401], "10": [1, 127, 0.12444628775853106], "11": [1, 127, 0.12465548725784059], "12": [1, 127, 0.12474982362739213], "13": [1, 127, 0.1239394167452816], "14": [1, 127, 0.12392860080489493], "15": [1, 127, 0.1237140749544492], "16": [1, 127, 0.12447527886962327], "17": [1, 127, 0.13111389954171077], "18": [1, 127, 0.12447985012348242], "19": [1, 127, 0.12398703234255548], "20": [1, 127, 0.12404308671234396], "21": [1, 127, 0.12406146436871036], "22": [1, 127, 0.12419333871395334], "23": [1, 127, 0.12399902697065919], "24": [1, 127, 0.12408397611465276], "25": [1, 127, 0.12395801095981297], "26": [1, 127, 0.12386993736058004], "27": [1, 127, 0.12393272440059214], "28": [1, 127, 0.12390705218582641], "29": [1, 127, 0.12383286990811974], "30": [1, 127, 0.12397726443339521], "31": [1, 127, 0.12382412497247533], "32": [1, 127, 0.12392958445019844], "33": [1, 127, 0.12396541206298146], "34": [1, 127, 0.12404459656956862],