{"l26w1.0sml64": [{"batch_size": 1, "mean_ttft": 220425.2757752935, "std_ttft": 1246.9479578008634, "mean_tbt": 134035.62075651225, "std_tbt": 258.20020462222664}, {"batch_size": 2, "mean_ttft": 250168.90505535735, "std_ttft": 18217.057019493936, "mean_tbt": 207849.26708925652, "std_tbt": 206.13642246969525}, {"batch_size": 4, "mean_ttft": 251988.3136989342, "std_ttft": 8687.944663327535, "mean_tbt": 208457.2190114486, "std_tbt": 113.69221787798153}]}