{
    "l26w1.0sml128mnt128": [
        {
            "batch_size": 1,
            "mean_ttft": 228192.6253437996,
            "std_ttft": 1187.1478238935624,
            "mean_tbt": 135814.3979799384,
            "std_tbt": 285.65159626033096
        },
        {
            "batch_size": 2,
            "mean_ttft": 261164.01812061667,
            "std_ttft": 7642.945345726664,
            "mean_tbt": 209327.4764115299,
            "std_tbt": 110.61163798134542
        },
        {
            "batch_size": 4,
            "mean_ttft": 324759.90844890475,
            "std_ttft": 4427.281117850481,
            "mean_tbt": 209674.22499431402,
            "std_tbt": 213.55715879178308
        }
    ]
}