{
    "l21w1.0sml128": [
        {
            "batch_size": 1,
            "mean_ttft": 185353.375867837,
            "std_ttft": 886.665338222927,
            "mean_tbt": 109216.62636271684,
            "std_tbt": 85.94582335613025
        },
        {
            "batch_size": 2,
            "mean_ttft": 216972.7152834336,
            "std_ttft": 16944.872583541244,
            "mean_tbt": 169247.40633186692,
            "std_tbt": 145.80878641821053
        },
        {
            "batch_size": 4,
            "mean_ttft": 264013.9056576623,
            "std_ttft": 5517.146424863982,
            "mean_tbt": 170193.90858084869,
            "std_tbt": 207.44481026598913
        }
    ]
}