{
    "l29w1.0sml64": [
        {
            "batch_size": 1,
            "mean_ttft": 242136.03254821565,
            "std_ttft": 1450.2863223126694,
            "mean_tbt": 147495.52069463176,
            "std_tbt": 104.04898399190044
        },
        {
            "batch_size": 2,
            "mean_ttft": 282114.26966720156,
            "std_ttft": 18136.26402703339,
            "mean_tbt": 229517.26005950334,
            "std_tbt": 125.32429382395662
        },
        {
            "batch_size": 4,
            "mean_ttft": 277460.94165162905,
            "std_ttft": 12625.625289894215,
            "mean_tbt": 230220.89876932517,
            "std_tbt": 136.1510713072549
        }
    ]
}