{
    "l16w1.0sml64": [
        {
            "batch_size": 1,
            "mean_ttft": 141895.73168340657,
            "std_ttft": 2765.7174288349697,
            "mean_tbt": 85151.82924799799,
            "std_tbt": 893.59404115287
        },
        {
            "batch_size": 2,
            "mean_ttft": 157647.4003907707,
            "std_ttft": 12741.923664422317,
            "mean_tbt": 130073.01674258933,
            "std_tbt": 113.43289864850225
        },
        {
            "batch_size": 4,
            "mean_ttft": 160638.9695364568,
            "std_ttft": 4228.61850324461,
            "mean_tbt": 130424.51307794369,
            "std_tbt": 122.1968947087872
        }
    ]
}