{
    "l21w1.0sml128mnt128": [
        {
            "batch_size": 1,
            "mean_ttft": 185691.3141347468,
            "std_ttft": 1510.9059345867317,
            "mean_tbt": 108857.05996011419,
            "std_tbt": 113.85121718613159
        },
        {
            "batch_size": 2,
            "mean_ttft": 212083.66436883807,
            "std_ttft": 5730.4681901335125,
            "mean_tbt": 168585.80195865646,
            "std_tbt": 96.31238279630755
        },
        {
            "batch_size": 4,
            "mean_ttft": 260768.28369870782,
            "std_ttft": 2107.9021589550844,
            "mean_tbt": 168832.0372404721,
            "std_tbt": 239.01092744182102
        }
    ]
}