{"l30w1.0sml64": [{"batch_size": 1, "mean_ttft": 253849.84765615728, "std_ttft": 3711.3612054446303, "mean_tbt": 154500.5108455849, "std_tbt": 313.41825795898785}, {"batch_size": 2, "mean_ttft": 291495.59407184523, "std_ttft": 20973.546690789775, "mean_tbt": 239468.11650005178, "std_tbt": 143.5049352969054}, {"batch_size": 4, "mean_ttft": 289081.53530210257, "std_ttft": 12826.287049008468, "mean_tbt": 240112.6749023048, "std_tbt": 88.44383653077854}]}