{"l21w1.0sml64mnt128": [{"batch_size": 1, "mean_ttft": 181046.0378229618, "std_ttft": 4156.2501738443825, "mean_tbt": 110264.74306183889, "std_tbt": 339.3790895753752}, {"batch_size": 2, "mean_ttft": 195436.87915429473, "std_ttft": 7006.8198482806265, "mean_tbt": 169135.08535223446, "std_tbt": 121.7657882028433}, {"batch_size": 4, "mean_ttft": 208265.49764722586, "std_ttft": 6817.782736857776, "mean_tbt": 169405.63712415734, "std_tbt": 153.0237842182307}]}