{"l30w1.0sml128mnt128": [{"batch_size": 1, "mean_ttft": 261535.77694669366, "std_ttft": 1261.0198944395856, "mean_tbt": 155731.7072339356, "std_tbt": 184.01517205245418}, {"batch_size": 2, "mean_ttft": 298893.0120691657, "std_ttft": 8640.767139433412, "mean_tbt": 241045.7070180633, "std_tbt": 122.80633515039936}, {"batch_size": 4, "mean_ttft": 372498.9402294159, "std_ttft": 5183.430414938686, "mean_tbt": 241117.31352827215, "std_tbt": 178.0764289958542}]}