{
    "l24w1.0sml128": [
        {
            "batch_size": 1,
            "mean_ttft": 207788.20825119814,
            "std_ttft": 3132.4205649836636,
            "mean_tbt": 121276.80457998595,
            "std_tbt": 1033.2816097154084
        },
        {
            "batch_size": 2,
            "mean_ttft": 243713.7528633078,
            "std_ttft": 18294.245000464205,
            "mean_tbt": 188713.83703847404,
            "std_tbt": 76.00941758157336
        },
        {
            "batch_size": 4,
            "mean_ttft": 297653.02772737213,
            "std_ttft": 6946.688747644092,
            "mean_tbt": 190329.47152706922,
            "std_tbt": 146.50885483126888
        }
    ]
}