{
    "l28w1.0sml128mnt256": [
        {
            "batch_size": 1,
            "mean_ttft": 245591.59198775887,
            "std_ttft": 3151.346383086884,
            "mean_tbt": 145273.62757139638,
            "std_tbt": 477.75541007360454
        },
        {
            "batch_size": 2,
            "mean_ttft": 287425.6941303611,
            "std_ttft": 18822.680833822593,
            "mean_tbt": 223734.5005106546,
            "std_tbt": 239.51046725304352
        },
        {
            "batch_size": 4,
            "mean_ttft": 346776.58623084426,
            "std_ttft": 4190.1557896967015,
            "mean_tbt": 225035.4718203638,
            "std_tbt": 370.2189926059261
        }
    ]
}