{
    "l30w1.0sml128mnt256": [
        {
            "batch_size": 1,
            "mean_ttft": 263854.997754097,
            "std_ttft": 2039.6537582416227,
            "mean_tbt": 157010.12453166585,
            "std_tbt": 261.90478435271535
        },
        {
            "batch_size": 2,
            "mean_ttft": 309943.87494400144,
            "std_ttft": 20268.530268460272,
            "mean_tbt": 241532.72917362698,
            "std_tbt": 170.9882147663971
        },
        {
            "batch_size": 4,
            "mean_ttft": 373370.8342164755,
            "std_ttft": 5785.721709698995,
            "mean_tbt": 242570.2116433166,
            "std_tbt": 186.41983314738252
        }
    ]
}