{"ttft": [{"1": [1, 0.41096428222954273], "2": [1, 0.252347007393837], "3": [1, 0.2484074356034398], "4": [1, 0.24797794967889786], "5": [1, 0.25049701053649187], "6": [1, 0.2501554833725095], "7": [1, 0.24732449743896723], "8": [1, 0.24915887508541346], "9": [1, 0.2510724011808634], "10": [1, 0.247732387855649], "11": [1, 0.24697117507457733], "12": [1, 0.24985122121870518], "13": [1, 0.24820059817284346], "14": [1, 0.24754259455949068], "15": [1, 0.2500841040164232], "16": [1, 0.24788840766996145], "17": [1, 0.2490598140284419], "18": [1, 0.25007771141827106], "19": [1, 0.25070394203066826], "20": [1, 0.24807112105190754], "21": [1, 0.24742824770510197], "22": [1, 0.24989324808120728], "23": [1, 0.24956206046044827], "24": [1, 0.248261253349483], "25": [1, 0.2477419888600707], "26": [1, 0.2519660200923681], "27": [1, 0.24838481936603785], "28": [1, 0.24727748055011034], "29": [1, 0.25234605092555285], "30": [1, 0.24855028558522463], "31": [1, 0.2493332540616393], "32": [1, 0.24991978611797094], "33": [1, 0.24930628202855587], "34": [1, 0.2478879177942872], "35": [1, 0.24742328096181154], "36": [1, 0.24963163491338491], "37": [1, 0.24772327579557896], "38": [1, 0.252956953831017], "39": [1, 0.2514419620856643], "40": [1, 0.25200615357607603], "41": [1, 0.2493463633581996], "42": [1, 0.24866659101098776], "43": [1, 0.250116721726954], "44": [1, 0.24762188084423542], "45": [1, 0.2500441214069724], "46": [1, 0.24896027240902185], "47": [1, 0.24772896617650986], "48": [1, 0.24721725098788738], "49": [1, 0.2495989827439189], "50": [1, 0.2488039117306471], "51": [1, 0.24677081406116486]}, {"1": [2, 0.29464422911405563], "2": [2, 0.28668786864727736], "3": [2, 0.2638983726501465], "4": [2, 0.2644319338724017], "5": [2, 0.2824899032711983], "6": [2, 0.2611753083765507], "7": [2, 0.28130557388067245], "8": [2, 0.26491131354123354], "9": [2, 0.28143483959138393], "10": [2, 0.28149848617613316], "11": [2, 0.2631815383210778], "12": [2, 0.26458469964563847], "13": [2, 0.26123103499412537], "14": [2, 0.29355061892420053], "15": [2, 0.2815563604235649], "16": [2, 0.28211191203445196], "17": [2, 0.26767116226255894], "18": [2, 0.2760474346578121], "19": [2, 0.28276046738028526], "20": [2, 0.26156145334243774], "21": [2, 0.25805039051920176], "22": [2, 0.263692463748157], "23": [2, 0.2617711154744029], "24": [2, 0.267616325058043], "25": [2, 0.2876641359180212], "26": [2, 0.2662199055776], "27": [2, 0.2627597637474537], "28": [2, 0.26383405923843384], "29": [2, 0.267483364790678], "30": [2, 0.26487533282488585], "31": [2, 0.26225684955716133], "32": [2, 0.26525784377008677], "33": [2, 0.25885646510869265], "34": [2, 0.2592896791175008], "35": [2, 0.2813808647915721], "36": [2, 0.2885464485734701], "37": [2, 0.28125998098403215], "38": [2, 0.2679755622521043], "39": [2, 0.2641367129981518], "40": [2, 0.2695602383464575], "41": [2, 0.28068473841995], "42": [2, 0.2690256517380476], "43": [2, 0.2806267775595188], "44": [2, 0.26190308947116137], "45": [2, 0.2576074469834566], "46": [2, 0.26046416256576777], "47": [2, 0.26066389959305525], "48": [2, 0.26141921896487474], "49": [2, 0.2603854285553098], "50": [2, 0.2578876055777073], "51": [1, 0.24614052008837461]}, {"1": [4, 0.3194158636033535], "2": [4, 0.2797654792666435], "3": [4, 0.29537016805261374], "4": [4, 0.2933364287018776], "5": [4, 0.2799038328230381], "6": [4, 0.28911885526031256], "7": [4, 0.2864157650619745], "8": [4, 0.27860752400010824], "9": [4, 0.27544188871979713], "10": [4, 0.2804445084184408], "11": [4, 0.28029639925807714], "12": [4, 0.28113207779824734], "13": [4, 0.297555816359818], "14": [4, 0.28264404833316803], "15": [4, 0.2802332555875182], "16": [4, 0.30382647924125195], "17": [4, 0.3041335539892316], "18": [4, 0.30119860731065273], "19": [4, 0.2894613929092884], "20": [4, 0.3000021483749151], "21": [4, 0.30223514325916767], "22": [4, 0.30131749249994755], "23": [4, 0.28771999944001436], "24": [4, 0.29235538374632597], "25": [4, 0.28293396160006523], "26": [4, 0.29050895385444164], "27": [4, 0.28081686422228813], "28": [4, 0.2798444041982293], "29": [4, 0.2799371834844351], "30": [4, 0.280430706217885], "31": [4, 0.2801710395142436], "32": [4, 0.29094618279486895], "33": [4, 0.2815942605957389], "34": [4, 0.3086437974125147], "35": [4, 0.27932044584304094], "36": [4, 0.2797401901334524], "37": [4, 0.30020312312990427], "38": [4, 0.27824714593589306], "39": [4, 0.28197248186916113], "40": [4, 0.27612563874572515], "41": [4, 0.29002732783555984], "42": [4, 0.28386610746383667], "43": [4, 0.27911563124507666], "44": [4, 0.2806247239932418], "45": [4, 0.2855376461520791], "46": [4, 0.2853072378784418], "47": [4, 0.3008066499605775], "48": [4, 0.29885733127593994], "49": [4, 0.2791507365182042], "50": [4, 0.2767304442822933], "51": [1, 0.2693477477878332]}], "tbt": [{"1": [1, 127, 0.15235969762310503], "2": [1, 127, 0.15159504878972693], "3": [1, 127, 0.15161972401267665], "4": [1, 127, 0.15131716669984455], "5": [1, 127, 0.1513438063314346], "6": [1, 127, 0.15118571004910966], "7": [1, 127, 0.1511110605701335], "8": [1, 127, 0.15112284542332718], "9": [1, 127, 0.15138378584625448], "10": [1, 127, 0.15122627320252066], "11": [1, 127, 0.15117482479485705], "12": [1, 127, 0.15122737969440503], "13": [1, 127, 0.1513331694249797], "14": [1, 127, 0.1513746725688652], "15": [1, 127, 0.15147549292351317], "16": [1, 127, 0.1515440952956794], "17": [1, 127, 0.1512710472612869], "18": [1, 127, 0.1513292910311166], "19": [1, 127, 0.15129960384806546], "20": [1, 127, 0.15121732105127], "21": [1, 127, 0.1512409927191462], "22": [1, 127, 0.15144784277759668], "23": [1, 127, 0.15119206845232352], "24": [1, 127, 0.1514884179575354], "25": [1, 127, 0.15141286716363797], "26": [1, 127, 0.15164199516939836], "27": [1, 127, 0.15144439910604493], "28": [1, 127, 0.151327280159013], "29": [1, 127, 0.15130389272052003], "30": [1, 127, 0.15140204949993788], "31": [1, 127, 0.15128580434614514], "32": [1, 127, 0.1512619790833766], "33": [1, 127, 0.15117347730309005], "34": [1, 127, 0.151173692651269], "35": [1, 127, 0.15112554617812785], "36": [1, 127, 0.1517844603096289], "37": [1, 127, 0.15161154371517616], "38": [1, 127, 0.15159336447451763], "39": [1, 127, 0.15150311772572242], "40": [1, 127, 0.15170600193398676], "41": [1, 127, 0.1514500555267015], "42": [1, 127, 0.15109282709276817], "43": [1, 127, 0.15121630718564893], "44": [1, 127, 0.1514030831799967], "45": [1, 127, 0.1513589126329253], "46": [1, 127, 0.15127688693982644], "47": [1, 127, 0.1514168052868111], "48": [1, 127, 0.15113623466665352], "49": [1, 127, 0.15119463814730486], "50": [1, 127, 0.15125127747566916]}, {"1": [2, 127, 0.2382034341122691], "2": [2, 127, 0.23703300696981], "3": [2, 127, 0.2367801289990779], "4": [2, 127, 0.2367940095260622], "5": [2, 127, 0.23680528820910324], "6": [2, 127, 0.23695782222235062], "7": [2, 127, 0.2366716344584161], "8": [2, 127, 0.23673812404098943], "9": [2, 127, 0.23657384643140505], "10": [2, 127, 0.23673303483244706], "11": [2, 127, 0.2366881839872345], "12": [2, 127, 0.2368929379978987], "13": [2, 127, 0.2366747546090385], "14": [2, 127, 0.2367409356891757], "15": [2, 127, 0.23677238979648182], "16": [2, 127, 0.23934108903264906], "17": [2, 127, 0.2373801415316819], "18": [2, 127, 0.23743052836360895], "19": [2, 127, 0.2367870874600265], "20": [2, 127, 0.23691436254573384], "21": [2, 127, 0.23697473833293425], "22": [2, 127, 0.23681031402171127], "23": [2, 127, 0.23700571330777537], "24": [2, 127, 0.23752824126882113], "25": [2, 127, 0.2374782715740753], "26": [2, 127, 0.23740932724519273], "27": [2, 127, 0.237841391033955], "28": [2, 127, 0.23709316685150458], "29": [2, 127, 0.23715165275053715], "30": [2, 127, 0.23734226235459874], "31": [2, 127, 0.23734152157915625], "32": [2, 127, 0.2371633505507365], "33": [2, 127, 0.23698693310005928], "34": [2, 127, 0.2370360716737396], "35": [2, 127, 0.23735383359026016], "36": [2, 127, 0.23746115155518055], "37": [2, 127, 0.23689481762685174],