{
    "l27w1.0sml128mnt256": [
        {
            "batch_size": 1,
            "mean_ttft": 235425.06156489253,
            "std_ttft": 1490.247239451276,
            "mean_tbt": 138034.43449487287,
            "std_tbt": 127.24883410771493
        },
        {
            "batch_size": 2,
            "mean_ttft": 271256.289947778,
            "std_ttft": 18937.36499213025,
            "mean_tbt": 214638.2099951745,
            "std_tbt": 174.51333145265588
        },
        {
            "batch_size": 4,
            "mean_ttft": 333508.16370919347,
            "std_ttft": 3409.5898382182186,
            "mean_tbt": 216027.1221312384,
            "std_tbt": 85.63573894715275
        }
    ]
}