{"ttft": [{"1": [1, 0.24593247566372156], "2": [1, 0.21789889223873615], "3": [1, 0.2207213882356882], "4": [1, 0.21678834781050682], "5": [1, 0.2168400352820754], "6": [1, 0.2195851244032383], "7": [1, 0.21978424210101366], "8": [1, 0.22063231095671654], "9": [1, 0.21911820024251938], "10": [1, 0.21740814205259085], "11": [1, 0.21891613397747278], "12": [1, 0.21902412455528975], "13": [1, 0.2196642067283392], "14": [1, 0.2179204486310482], "15": [1, 0.2200592616572976], "16": [1, 0.22022693138569593], "17": [1, 0.22043847851455212], "18": [1, 0.21684195194393396], "19": [1, 0.2162913791835308], "20": [1, 0.21832401491701603], "21": [1, 0.2191741056740284], "22": [1, 0.2176989335566759], "23": [1, 0.21889297012239695], "24": [1, 0.21794625092297792], "25": [1, 0.2186254821717739], "26": [1, 0.22042589262127876], "27": [1, 0.21912012062966824], "28": [1, 0.21847871597856283], "29": [1, 0.2167183980345726], "30": [1, 0.219107530079782], "31": [1, 0.21653997246176004], "32": [1, 0.22027310635894537], "33": [1, 0.22073759231716394], "34": [1, 0.22042734548449516], "35": [1, 0.2211922872811556], "36": [1, 0.2170414375141263], "37": [1, 0.21730741392821074], "38": [1, 0.21642964519560337], "39": [1, 0.216799751855433], "40": [1, 0.21900557447224855], "41": [1, 0.22080188244581223], "42": [1, 0.2197532979771495], "43": [1, 0.22046419978141785], "44": [1, 0.2203702898696065], "45": [1, 0.22058658674359322], "46": [1, 0.2195804798975587], "47": [1, 0.2183579644188285], "48": [1, 0.21665219590067863], "49": [1, 0.21836492512375116], "50": [1, 0.21792446170002222], "51": [1, 0.21765726432204247], "52": [1, 0.2193641047924757], "53": [1, 0.2204561112448573], "54": [1, 0.21804406214505434], "55": [1, 0.2171186525374651], "56": [1, 0.21753272786736488], "57": [1, 0.2200836492702365], "58": [1, 0.21956643369048834], "59": [1, 0.21936748642474413], "60": [1, 0.2179380040615797], "61": [1, 0.2211489761248231], "62": [1, 0.21930897887796164], "63": [1, 0.21966554503887892], "64": [1, 0.220369016751647], "65": [1, 0.2205537548288703], "66": [1, 0.21699967700988054], "67": [1, 0.21668638195842505], "68": [1, 0.2201203303411603], "69": [1, 0.21999428234994411], "70": [1, 0.22941286116838455], "71": [1, 0.21603803988546133]}, {"1": [2, 0.2697489019483328], "2": [2, 0.24965946190059185], "3": [2, 0.23652342800050974], "4": [2, 0.25428163819015026], "5": [2, 0.23670070711523294], "6": [2, 0.2582069616764784], "7": [2, 0.25407877191901207], "8": [2, 0.25414644181728363], "9": [2, 0.2531620943918824], "10": [2, 0.252870537340641], "11": [2, 0.25323901418596506], "12": [2, 0.2591253248974681], "13": [2, 0.23950694780796766], "14": [2, 0.2346359770745039], "15": [2, 0.25871681049466133], "16": [2, 0.23643096629530191], "17": [2, 0.25527477264404297], "18": [2, 0.2540958672761917], "19": [2, 0.25265675596892834], "20": [2, 0.23957733158022165], "21": [2, 0.23664322588592768], "22": [2, 0.24178563337773085], "23": [2, 0.238244385458529], "24": [2, 0.2546202037483454], "25": [2, 0.23988865595310926], "26": [2, 0.23850269336253405], "27": [2, 0.24502856750041246], "28": [2, 0.24702350329607725], "29": [2, 0.23506317473948002], "30": [2, 0.25298128370195627], "31": [2, 0.23580851592123508], "32": [2, 0.2556499531492591], "33": [2, 0.23558058962225914], "34": [2, 0.25445676781237125], "35": [2, 0.2551156906411052], "36": [2, 0.2528519667685032], "37": [2, 0.2537391157820821], "38": [2, 0.25586647167801857], "39": [2, 0.2535358304157853], "40": [2, 0.2532439026981592], "41": [2, 0.23724843189120293], "42": [2, 0.24520991928875446], "43": [2, 0.2554436083883047], "44": [2, 0.25525944121181965], "45": [2, 0.25377269834280014], "46": [2, 0.25425609294325113], "47": [2, 0.255657447502017], "48": [2, 0.25267486181110144], "49": [2, 0.24711103830486536], "50": [2, 0.25498921517282724], "51": [2, 0.25369412172585726], "52": [2, 0.2545228209346533], "53": [2, 0.2555625792592764], "54": [2, 0.2584324674680829], "55": [2, 0.25597184617072344], "56": [2, 0.2542383661493659], "57": [2, 0.2526815449818969], "58": [2, 0.25554479099810123], "59": [2, 0.2542302357032895], "60": [2, 0.2524118786677718], "61": [2, 0.25483414996415377], "62": [2, 0.2468147948384285], "63": [2, 0.25354328006505966], "64": [2, 0.2551808310672641], "65": [2, 0.2554246988147497], "66": [2, 0.2525691706687212], "67": [2, 0.2553823683410883], "68": [2, 0.2550825420767069], "69": [2, 0.23790960386395454], "70": [2, 0.25425284169614315], "71": [1, 0.23650403879582882]}, {"1": [4, 0.3494840292260051], "2": [4, 0.3100220803171396], "3": [4, 0.3062907140702009], "4": [4, 0.30897089187055826], "5": [4, 0.31210354529321194], "6": [4, 0.309306176379323], "7": [4, 0.3067865679040551], "8": [4, 0.3104728739708662], "9": [4, 0.30625481344759464], "10": [4, 0.30923706851899624], "11": [4, 0.307334060780704], "12": [4, 0.3093738155439496], "13": [4, 0.3074504481628537], "14": [4, 0.3094415459781885], "15": [4, 0.30815887078642845], "16": [4, 0.30843642726540565], "17": [4, 0.30579666793346405], "18": [4, 0.31388365384191275], "19": [4, 0.3071978408843279], "20": [4, 0.30839853733778], "21": [4, 0.3090301100164652], "22": [4, 0.308527366258204], "23": [4, 0.30593208596110344], "24": [4, 0.30872797314077616], "25": [4, 0.310423512943089], "26": [4, 0.3064683796837926], "27": [4, 0.3082933183759451], "28": [4, 0.30997052788734436], "29": [4, 0.308346807025373], "30": [4, 0.31053300108760595], "31": [4, 0.3111096750944853], "32": [4, 0.3091194573789835], "33": [4, 0.31164971739053726], "34": [4, 0.311185403726995], "35": [4, 0.3118339776992798], "36": [4, 0.30824547819793224], "37": [4, 0.3089308002963662], "38": [4, 0.30465198028832674], "39": [4, 0.3071515616029501], "40": [4, 0.3090486181899905], "41": [4, 0.3083337265998125], "42": [4, 0.3090908983722329], "43": [4, 0.30877593252807856], "44": [4, 0.30814474914222956], "45": [4, 0.3098282888531685], "46": [4, 0.30628449004143476], "47": [4, 0.3103129640221596], "48": [4, 0.3117980360984802], "49": [4, 0.30465313978493214], "50": [4, 0.3078789720311761], "51": [4, 0.3079970395192504], "52": [4, 0.30967128090560436], "53": [4, 0.30721061024814844], "54": [4, 0.3060435736551881], "55": [4, 0.3088251408189535], "56": [4, 0.31112900376319885], "57": [4, 0.3087556818500161], "58": [4, 0.30696723237633705], "59": [4, 0.3095464911311865], "60": [4, 0.30692039150744677], "61": [4, 0.30876654107123613], "62": [4, 0.3074764357879758], "63": [4, 0.3058765446767211], "64": [4, 0.3062725402414799], "65": [4, 0.30554928816854954], "66": [4, 0.30548988934606314], "67": [4, 0.31040581222623587], "68": [4, 0.30831498466432095], "69": [4, 0.30588220432400703], "70": [4, 0.30309673864394426], "71": [1, 0.21449927240610123]}], "tbt": [{"1": [1, 127, 0.12902918527650786], "2": [1, 127, 0.12901707879436297], "3": [1, 127, 0.12930737457817465], "4": [1, 127, 0.12897396689706195], "5": [1, 127, 0.12898840945888693], "6": [1, 127, 0.12897275597971725], "7": [1, 127, 0.1288031991717853], "8": [1, 127, 0.12897568377189514], "9": [1, 127, 0.12889207000514186], "10": [1, 127, 0.12892779961639034], "11": [1, 127, 0.12908870812622816], "12": [1, 127, 0.1290958620842517], "13": [1, 127, 0.12909807185605754], "14": [1, 127, 0.12897813679489095], "15": [1, 127, 0.12896557232203681], "16": [1, 127, 0.1290611427086662], "17": [1, 127, 0.12901125017436235], "18": [1, 127, 0.12895293720799872], "19": [1, 127, 0.1290014064760776], "20": [1, 127, 0.12906061832272397], "21": [1, 127, 0.12904752628863092], "22": [1, 127, 0.128999042625385], "23": [1, 127, 0.12911746004875016], "24": [1, 127, 0.12907991311182893], "25": [1, 127, 0.12901413059375416], "26": [1, 127, 0.1289667857253528], "27": [1, 127, 0.12890318561873332], "28": [1, 127, 0.12892481057691996], "29": [1, 127, 0.12887613579454854], "30": [1, 127, 0.12898447756164186], "31": [1, 127, 0.12881811734611595], "32": [1, 127, 0.12891115938261974], "33": [1, 127, 0.12903834321338126], "34": [1, 127, 0.12898415472270466], "35": [1, 127, 0.12911340561292067],