{"ttft": [{"1": [1, 0.37425240967422724], "2": [1, 0.22348991129547358], "3": [1, 0.22393257450312376], "4": [1, 0.21827450208365917], "5": [1, 0.2195634664967656], "6": [1, 0.22213328536599874], "7": [1, 0.2198026431724429], "8": [1, 0.2181745721027255], "9": [1, 0.2161956038326025], "10": [1, 0.21980773098766804], "11": [1, 0.2173703908920288], "12": [1, 0.2186636235564947], "13": [1, 0.21766976546496153], "14": [1, 0.2182830786332488], "15": [1, 0.21814381889998913], "16": [1, 0.21731947921216488], "17": [1, 0.21876843180507421], "18": [1, 0.21720058005303144], "19": [1, 0.21740834787487984], "20": [1, 0.2179154809564352], "21": [1, 0.22017964348196983], "22": [1, 0.21722898911684752], "23": [1, 0.21852057334035635], "24": [1, 0.21836638450622559], "25": [1, 0.22069093771278858], "26": [1, 0.21669530402868986], "27": [1, 0.2171510374173522], "28": [1, 0.21786018833518028], "29": [1, 0.21813300624489784], "30": [1, 0.21727732568979263], "31": [1, 0.220403247512877], "32": [1, 0.2183421328663826], "33": [1, 0.21809555683284998], "34": [1, 0.2171783559024334], "35": [1, 0.2193511500954628], "36": [1, 0.21686917915940285], "37": [1, 0.21803406439721584], "38": [1, 0.21637787483632565], "39": [1, 0.22021454945206642], "40": [1, 0.21728459279984236], "41": [1, 0.216453461907804], "42": [1, 0.21839774958789349], "43": [1, 0.21970520447939634], "44": [1, 0.21787748578935862], "45": [1, 0.2169634159654379], "46": [1, 0.2190291816368699], "47": [1, 0.21697688568383455], "48": [1, 0.21821074094623327], "49": [1, 0.22400800231844187], "50": [1, 0.21921871975064278], "51": [1, 0.214958849363029]}, {"1": [2, 0.25319147389382124], "2": [2, 0.23170618806034327], "3": [2, 0.22574535012245178], "4": [2, 0.2473006034269929], "5": [2, 0.2435378786176443], "6": [2, 0.22988126054406166], "7": [2, 0.2576550394296646], "8": [2, 0.2435142071917653], "9": [2, 0.24651657044887543], "10": [2, 0.22882508020848036], "11": [2, 0.24492616951465607], "12": [2, 0.23003764636814594], "13": [2, 0.2294417219236493], "14": [2, 0.2427368452772498], "15": [2, 0.2253174614161253], "16": [2, 0.23816049937158823], "17": [2, 0.2263478683307767], "18": [2, 0.24570095725357533], "19": [2, 0.23080749530345201], "20": [2, 0.22524288017302752], "21": [2, 0.2389348354190588], "22": [2, 0.2266263635829091], "23": [2, 0.249720168299973], "24": [2, 0.2266921168193221], "25": [2, 0.22610157169401646], "26": [2, 0.2358825085684657], "27": [2, 0.2293970212340355], "28": [2, 0.2255521034821868], "29": [2, 0.22869516629725695], "30": [2, 0.22610064409673214], "31": [2, 0.22464623861014843], "32": [2, 0.25176644790917635], "33": [2, 0.24224016536027193], "34": [2, 0.23000703379511833], "35": [2, 0.24839932098984718], "36": [2, 0.22792672365903854], "37": [2, 0.24631268251687288], "38": [2, 0.24091435316950083], "39": [2, 0.24310111720114946], "40": [2, 0.24557971581816673], "41": [2, 0.2441579308360815], "42": [2, 0.2451045773923397], "43": [2, 0.24101117346435785], "44": [2, 0.24606439471244812], "45": [2, 0.24709554202854633], "46": [2, 0.22723935823887587], "47": [2, 0.22727013658732176], "48": [2, 0.2281993543729186], "49": [2, 0.22748754173517227], "50": [2, 0.2252454375848174], "51": [1, 0.23594830092042685]}, {"1": [4, 0.2848682552576065], "2": [4, 0.24355594348162413], "3": [4, 0.2542310683056712], "4": [4, 0.26437305845320225], "5": [4, 0.25909214932471514], "6": [4, 0.2482352638617158], "7": [4, 0.24834560975432396], "8": [4, 0.24307712074369192], "9": [4, 0.24429397471249104], "10": [4, 0.2547354334965348], "11": [4, 0.2555257622152567], "12": [4, 0.24342335294932127], "13": [4, 0.24357193429023027], "14": [4, 0.24537561275064945], "15": [4, 0.24572147615253925], "16": [4, 0.24617795832455158], "17": [4, 0.25457830261439085], "18": [4, 0.24669167771935463], "19": [4, 0.24938538577407598], "20": [4, 0.24254362098872662], "21": [4, 0.24655053298920393], "22": [4, 0.25805477146059275], "23": [4, 0.24857430532574654], "24": [4, 0.25404744129627943], "25": [4, 0.24563441518694162], "26": [4, 0.2447385722771287], "27": [4, 0.24196139257401228], "28": [4, 0.24679459631443024], "29": [4, 0.24358686991035938], "30": [4, 0.2447022357955575], "31": [4, 0.2630394659936428], "32": [4, 0.25371792912483215], "33": [4, 0.25173524022102356], "34": [4, 0.2547003049403429], "35": [4, 0.2426032004877925], "36": [4, 0.25085389520972967], "37": [4, 0.2640824830159545], "38": [4, 0.24256978556513786], "39": [4, 0.25685109104961157], "40": [4, 0.24292342737317085], "41": [4, 0.2468315726146102], "42": [4, 0.249903935007751], "43": [4, 0.2449457012116909], "44": [4, 0.24584087915718555], "45": [4, 0.24906824063509703], "46": [4, 0.25897966511547565], "47": [4, 0.24727437645196915], "48": [4, 0.26420969143509865], "49": [4, 0.24317888263612986], "50": [4, 0.24089577607810497], "51": [1, 0.23615838959813118]}], "tbt": [{"1": [1, 127, 0.13270973696512736], "2": [1, 127, 0.13274222851444886], "3": [1, 127, 0.1324539219476576], "4": [1, 127, 0.13234580862592524], "5": [1, 127, 0.13238046984884919], "6": [1, 127, 0.13228967182308904], "7": [1, 127, 0.1321301980926765], "8": [1, 127, 0.1321894494142002], "9": [1, 127, 0.1322506355987055], "10": [1, 127, 0.13213604179716956], "11": [1, 127, 0.13217719459510224], "12": [1, 127, 0.13216837169969176], "13": [1, 127, 0.13261452009241412], "14": [1, 127, 0.13272619718231085], "15": [1, 127, 0.13277678301660564], "16": [1, 127, 0.13273621733322388], "17": [1, 127, 0.13208526242377722], "18": [1, 127, 0.1320926218520938], "19": [1, 127, 0.13208131693068922], "20": [1, 127, 0.1329154743717646], "21": [1, 127, 0.1329903256030768], "22": [1, 127, 0.1325347150756618], "23": [1, 127, 0.1324700059911867], "24": [1, 127, 0.13242544297598244], "25": [1, 127, 0.13265456080319374], "26": [1, 127, 0.13259948688874565], "27": [1, 127, 0.13260488368306808], "28": [1, 127, 0.13230650800126276], "29": [1, 127, 0.13236815371645952], "30": [1, 127, 0.13239542065613616], "31": [1, 127, 0.13238441834123585], "32": [1, 127, 0.13240396724207196], "33": [1, 127, 0.1321509055954617], "34": [1, 127, 0.13246091367955518], "35": [1, 127, 0.13264591172044202], "36": [1, 127, 0.13269017199714353], "37": [1, 127, 0.13259926552730283], "38": [1, 127, 0.13215885933957935], "39": [1, 127, 0.1321221537242724], "40": [1, 127, 0.1323393444772663], "41": [1, 127, 0.1321636238245396], "42": [1, 127, 0.1322415869199033], "43": [1, 127, 0.13214643853973215], "44": [1, 127, 0.13231516531191942], "45": [1, 127, 0.1324159505036403], "46": [1, 127, 0.1323714980591587], "47": [1, 127, 0.13285875907827785], "48": [1, 127, 0.13284208905685135], "49": [1, 127, 0.13277236816627302], "50": [1, 127, 0.13220590082415212]}, {"1": [2, 127, 0.2065369671019982], "2": [2, 127, 0.20658271900546832], "3": [2, 127, 0.2064401048022931], "4": [2, 127, 0.20610618562708924], "5": [2, 127, 0.20591890660855244], "6": [2, 127, 0.2059837922409881], "7": [2, 127, 0.20701123849584127], "8": [2, 127, 0.2060294511295327], "9": [2, 127, 0.2060396643575486], "10": [2, 127, 0.2061395687161116], "11": [2, 127, 0.2067375921930267], "12": [2, 127, 0.20616222687769592], "13": [2, 127, 0.20838276816781345], "14": [2, 127, 0.20631472743666313], "15": [2, 127, 0.2059738673783076], "16": [2, 127, 0.20684085491546025], "17": [2, 127, 0.20590604351114805], "18": [2, 127, 0.20603561116103816], "19": [2, 127, 0.20608098912016143], "20": [2, 127, 0.2059206898419524], "21": [2, 127, 0.20607113615998368], "22": [2, 127, 0.2059743350269053], "23": [2, 127, 0.20593849510159784], "24": [2, 127, 0.20589631687351098], "25": [2, 127, 0.20588375412397028], "26": [2, 127, 0.2058386887445694], "27": [2, 127, 0.20587758561522942], "28": [2, 127, 0.2063599968563736], "29": [2, 127, 0.2064633226007458], "30": [2, 127, 0.20595567276715998], "31": [2, 127, 0.2056862441602889], "32": [2, 127, 0.2056966119731857], "33": [2, 127, 0.20569746441200493], "34": [2, 127, 0.2057881440131331], "35": [2, 127, 0.20583161324497282], "36": [2, 127, 0.2058203127968499],