{"ttft": [{"1": [1, 0.37112699914723635], "2": [1, 0.20714133512228727], "3": [1, 0.20538488496094942], "4": [1, 0.2050504283979535], "5": [1, 0.2135801874101162], "6": [1, 0.20687331724911928], "7": [1, 0.20545219350606203], "8": [1, 0.2027201857417822], "9": [1, 0.2059626467525959], "10": [1, 0.2022735709324479], "11": [1, 0.20370733179152012], "12": [1, 0.2024916773661971], "13": [1, 0.20323113724589348], "14": [1, 0.20261209551244974], "15": [1, 0.20330006629228592], "16": [1, 0.2026505544781685], "17": [1, 0.2048748880624771], "18": [1, 0.20301795843988657], "19": [1, 0.20303585939109325], "20": [1, 0.20151242706924677], "21": [1, 0.2040171455591917], "22": [1, 0.20319936610758305], "23": [1, 0.20321944635361433], "24": [1, 0.20188803132623434], "25": [1, 0.20345592219382524], "26": [1, 0.20452820882201195], "27": [1, 0.20235089492052794], "28": [1, 0.20172498188912868], "29": [1, 0.20336435176432133], "30": [1, 0.20581196248531342], "31": [1, 0.2036622976884246], "32": [1, 0.20244134217500687], "33": [1, 0.20245023164898157], "34": [1, 0.20594562031328678], "35": [1, 0.20214626472443342], "36": [1, 0.20230500306934118], "37": [1, 0.20503551047295332], "38": [1, 0.20560799445956945], "39": [1, 0.2019543256610632], "40": [1, 0.2051471695303917], "41": [1, 0.20257255900651217], "42": [1, 0.20697287563234568], "43": [1, 0.20414356980472803], "44": [1, 0.20254372898489237], "45": [1, 0.2018845472484827], "46": [1, 0.20371995400637388], "47": [1, 0.20400045067071915], "48": [1, 0.20274084620177746], "49": [1, 0.2030446119606495], "50": [1, 0.20489194989204407], "51": [1, 0.20292538218200207]}, {"1": [2, 0.24205145798623562], "2": [2, 0.21317223086953163], "3": [2, 0.21972443256527185], "4": [2, 0.2166096307337284], "5": [2, 0.2122199907898903], "6": [2, 0.23099155817180872], "7": [2, 0.22029745485633612], "8": [2, 0.2302863448858261], "9": [2, 0.22944653499871492], "10": [2, 0.21823217906057835], "11": [2, 0.23020795546472073], "12": [2, 0.2296868422999978], "13": [2, 0.21467736922204494], "14": [2, 0.22609554324299097], "15": [2, 0.23007853608578444], "16": [2, 0.2307239668443799], "17": [2, 0.22880052961409092], "18": [2, 0.21582960337400436], "19": [2, 0.21757596358656883], "20": [2, 0.21017929073423147], "21": [2, 0.2146038580685854], "22": [2, 0.2300776643678546], "23": [2, 0.20949681848287582], "24": [2, 0.22015790175646544], "25": [2, 0.21324583236128092], "26": [2, 0.23207145929336548], "27": [2, 0.21181931998580694], "28": [2, 0.215249958448112], "29": [2, 0.2189951241016388], "30": [2, 0.2103966334834695], "31": [2, 0.20919067598879337], "32": [2, 0.23434233851730824], "33": [2, 0.2317740060389042], "34": [2, 0.21858901530504227], "35": [2, 0.23110902961343527], "36": [2, 0.23031783755868673], "37": [2, 0.23004092928022146], "38": [2, 0.22450151201337576], "39": [2, 0.2296608304604888], "40": [2, 0.21227738913148642], "41": [2, 0.230598296970129], "42": [2, 0.22908098250627518], "43": [2, 0.23047008644789457], "44": [2, 0.22373061068356037], "45": [2, 0.2135492078959942], "46": [2, 0.2166626201942563], "47": [2, 0.2111231442540884], "48": [2, 0.21382018085569143], "49": [2, 0.21581338625401258], "50": [2, 0.21018628031015396], "51": [1, 0.20078308694064617]}, {"1": [4, 0.2629824401810765], "2": [4, 0.22801770083606243], "3": [4, 0.2636301601305604], "4": [4, 0.2445577885955572], "5": [4, 0.22811303660273552], "6": [4, 0.2258790424093604], "7": [4, 0.24762121867388487], "8": [4, 0.2462778128683567], "9": [4, 0.2287325942888856], "10": [4, 0.22724069189280272], "11": [4, 0.2291074190288782], "12": [4, 0.22576515562832355], "13": [4, 0.24857815075665712], "14": [4, 0.23059558868408203], "15": [4, 0.23175497446209192], "16": [4, 0.24327164981514215], "17": [4, 0.22627170477062464], "18": [4, 0.2448416193947196], "19": [4, 0.23416148219257593], "20": [4, 0.23849145136773586], "21": [4, 0.22640238050371408], "22": [4, 0.2470508459955454], "23": [4, 0.22998967580497265], "24": [4, 0.24140143487602472], "25": [4, 0.22825638949871063], "26": [4, 0.23123322520405054], "27": [4, 0.22711957897990942], "28": [4, 0.24091412220150232], "29": [4, 0.22802375629544258], "30": [4, 0.23369821906089783], "31": [4, 0.24289396405220032], "32": [4, 0.22855084389448166], "33": [4, 0.23501472920179367], "34": [4, 0.22919135354459286], "35": [4, 0.230281719006598], "36": [4, 0.23363733012229204], "37": [4, 0.24847463984042406], "38": [4, 0.22887478861957788], "39": [4, 0.23422821797430515], "40": [4, 0.22925548255443573], "41": [4, 0.24176360853016376], "42": [4, 0.23433362040668726], "43": [4, 0.23082200903445482], "44": [4, 0.22784692142158747], "45": [4, 0.2393020698800683], "46": [4, 0.23348324373364449], "47": [4, 0.24229511339217424], "48": [4, 0.23229755461215973], "49": [4, 0.22545680031180382], "50": [4, 0.22507118433713913], "51": [1, 0.22134046535938978]}], "tbt": [{"1": [1, 127, 0.12573658197560883], "2": [1, 127, 0.12422806015018169], "3": [1, 127, 0.12518021448214692], "4": [1, 127, 0.12892898673001002], "5": [1, 127, 0.1263265924704239], "6": [1, 127, 0.12485617729945211], "7": [1, 127, 0.1246593081810343], "8": [1, 127, 0.12443100252577405], "9": [1, 127, 0.12417506411906302], "10": [1, 127, 0.12430627359531995], "11": [1, 127, 0.1240143952964563], "12": [1, 127, 0.1244959347976709], "13": [1, 127, 0.12436198770970576], "14": [1, 127, 0.12421371434323901], "15": [1, 127, 0.1240550506214692], "16": [1, 127, 0.12431226813007058], "17": [1, 127, 0.12411456157666022], "18": [1, 127, 0.12396863108779502], "19": [1, 127, 0.12405585683148912], "20": [1, 127, 0.12395649628464396], "21": [1, 127, 0.1241355358263639], "22": [1, 127, 0.12408479099257255], "23": [1, 127, 0.12393265075277625], "24": [1, 127, 0.12403301217072592], "25": [1, 127, 0.12414135673178697], "26": [1, 127, 0.12423425194198691], "27": [1, 127, 0.12391202970165906], "28": [1, 127, 0.12403211231512112], "29": [1, 127, 0.12383414687603478], "30": [1, 127, 0.12395650205591063], "31": [1, 127, 0.12399108693971643], "32": [1, 127, 0.12400317830803591], "33": [1, 127, 0.1238570413148896], "34": [1, 127, 0.12400259906206075], "35": [1, 127, 0.1238666888047743], "36": [1, 127, 0.12387063523651812], "37": [1, 127, 0.12382649364844552], "38": [1, 127, 0.12390961355757056], "39": [1, 127, 0.12394894894183152], "40": [1, 127, 0.12435865702151548], "41": [1, 127, 0.12428863662639707], "42": [1, 127, 0.12402485915291028], "43": [1, 127, 0.12401801688728605], "44": [1, 127, 0.12398540368670319], "45": [1, 127, 0.1238706087781571], "46": [1, 127, 0.12459616918908799], "47": [1, 127, 0.1245331596436463], "48": [1, 127, 0.12401261490835684], "49": [1, 127, 0.1240790732879573], "50": [1, 127, 0.12395190413102625]}, {"1": [2, 127, 0.1942385735400901], "2": [2, 127, 0.19325027773963419], "3": [2, 127, 0.19294682293983662], "4": [2, 127, 0.19290205405834387], "5": [2, 127, 0.19273892611881174], "6": [2, 127, 0.1922987014729911], "7": [2, 127, 0.19228137976042634], "8": [2, 127, 0.1921016993367766], "9": [2, 127, 0.19211910328439136], "10": [2, 127, 0.19225512810168774], "11": [2, 127, 0.19213135860948347], "12": [2, 127, 0.19239806550312935], "13": [2, 127, 0.1922150120784448], "14": [2, 127, 0.19206607918893023], "15": [2, 127, 0.1922424063893167], "16": [2, 127, 0.19227269673206676], "17": [2, 127, 0.19254005355687123], "18": [2, 127, 0.19257323087493736], "19": [2, 127, 0.19384232153896036], "20": [2, 127, 0.1929720874846451], "21": [2, 127, 0.19276677551642646], "22": [2, 127, 0.19675299261263976], "23": [2, 127, 0.1924025761696884], "24": [2, 127, 0.19244522836763323], "25": [2, 127, 0.19229783447034013], "26": [2, 127, 0.19258442399363349], "27": [2, 127, 0.19239618500151973], "28": [2, 127, 0.19233491292267335], "29": [2, 127, 0.19254202969870934], "30": [2, 127, 0.1924273878937279], "31": [2, 127, 0.19230714504878352], "32": [2, 127, 0.1923795480530445], "33": [2, 127, 0.19232880097527907], "34": [2, 127, 0.192323562850457], "35": [2, 127, 0.192431644866551], "36": [2, 127, 0.19235676354691972],