{"l20w1.0": [{"batch_size": 1, "mean_ttft": 189437.4630310469, "std_ttft": 1272.5297222443448, "mean_tbt": 102795.517608637, "std_tbt": 131.58340491879073}, {"batch_size": 2, "mean_ttft": 263463.4038226472, "std_ttft": 14700.095509378263, "mean_tbt": 159426.87566519954, "std_tbt": 83.82344731250896}, {"batch_size": 4, "mean_ttft": 382720.3539096647, "std_ttft": 4405.600484934114, "mean_tbt": 162492.85254351518, "std_tbt": 111.39868950012927}]}