{
    "mmlu_eval_accuracy": 0.22882744441163722,
    "mmlu_eval_accuracy_abstract_algebra": 0.18181818181818182,
    "mmlu_eval_accuracy_anatomy": 0.07142857142857142,
    "mmlu_eval_accuracy_astronomy": 0.3125,
    "mmlu_eval_accuracy_business_ethics": 0.18181818181818182,
    "mmlu_eval_accuracy_clinical_knowledge": 0.2413793103448276,
    "mmlu_eval_accuracy_college_biology": 0.3125,
    "mmlu_eval_accuracy_college_chemistry": 0.125,
    "mmlu_eval_accuracy_college_computer_science": 0.09090909090909091,
    "mmlu_eval_accuracy_college_mathematics": 0.18181818181818182,
    "mmlu_eval_accuracy_college_medicine": 0.22727272727272727,
    "mmlu_eval_accuracy_college_physics": 0.2727272727272727,
    "mmlu_eval_accuracy_computer_security": 0.36363636363636365,
    "mmlu_eval_accuracy_conceptual_physics": 0.3076923076923077,
    "mmlu_eval_accuracy_econometrics": 0.25,
    "mmlu_eval_accuracy_electrical_engineering": 0.1875,
    "mmlu_eval_accuracy_elementary_mathematics": 0.2682926829268293,
    "mmlu_eval_accuracy_formal_logic": 0.07142857142857142,
    "mmlu_eval_accuracy_global_facts": 0.3,
    "mmlu_eval_accuracy_high_school_biology": 0.4,
    "mmlu_loss": 7.54394782781601
}