{"l28w1.0sml128mnt128": [{"batch_size": 1, "mean_ttft": 246318.19546222687, "std_ttft": 6265.792692381598, "mean_tbt": 145955.87399311538, "std_tbt": 1452.835079692308}, {"batch_size": 2, "mean_ttft": 277046.66236415505, "std_ttft": 9869.29480413918, "mean_tbt": 225183.39583620898, "std_tbt": 1517.9851041465365}, {"batch_size": 4, "mean_ttft": 350499.42994490266, "std_ttft": 7915.421227713395, "mean_tbt": 225670.93688745314, "std_tbt": 1728.972550815603}]}