{
    "l17w1.0sml128": [
        {
            "batch_size": 1,
            "mean_ttft": 151479.76867026754,
            "std_ttft": 1017.2711891546982,
            "mean_tbt": 88585.64611021144,
            "std_tbt": 70.72595652128805
        },
        {
            "batch_size": 2,
            "mean_ttft": 179263.72438669205,
            "std_ttft": 14432.2310846709,
            "mean_tbt": 137304.77330788228,
            "std_tbt": 146.16719425898486
        },
        {
            "batch_size": 4,
            "mean_ttft": 216055.0302101506,
            "std_ttft": 6894.6122634059175,
            "mean_tbt": 137974.586801153,
            "std_tbt": 158.72452118236865
        }
    ]
}