{
    "l20w1.0sml128": [
        {
            "batch_size": 1,
            "mean_ttft": 178161.90895520977,
            "std_ttft": 2449.3534416327966,
            "mean_tbt": 104367.62873261908,
            "std_tbt": 673.6505177844423
        },
        {
            "batch_size": 2,
            "mean_ttft": 209480.34073743556,
            "std_ttft": 15292.77736575032,
            "mean_tbt": 161020.274595043,
            "std_tbt": 55.448412273337766
        },
        {
            "batch_size": 4,
            "mean_ttft": 251545.4835154944,
            "std_ttft": 2529.9143263197066,
            "mean_tbt": 161951.56565792288,
            "std_tbt": 245.89819030609064
        }
    ]
}