{
    "l16w1.0sml128": [
        {
            "batch_size": 1,
            "mean_ttft": 143909.8604230417,
            "std_ttft": 1648.0329797569325,
            "mean_tbt": 83608.33738705303,
            "std_tbt": 67.99451106662555
        },
        {
            "batch_size": 2,
            "mean_ttft": 161802.69192490313,
            "std_ttft": 10141.61769467516,
            "mean_tbt": 129393.44538063266,
            "std_tbt": 59.592210920358525
        },
        {
            "batch_size": 4,
            "mean_ttft": 204394.136245052,
            "std_ttft": 3384.54477871649,
            "mean_tbt": 130002.29035985039,
            "std_tbt": 189.09716016199715
        }
    ]
}