{
    "l20w1.0sml128mnt256": [
        {
            "batch_size": 1,
            "mean_ttft": 180400.36763995886,
            "std_ttft": 2017.0694463593684,
            "mean_tbt": 106819.24075691724,
            "std_tbt": 459.7046685311606
        },
        {
            "batch_size": 2,
            "mean_ttft": 198298.69091510773,
            "std_ttft": 6008.075568252421,
            "mean_tbt": 162884.0829629232,
            "std_tbt": 303.5963616913603
        },
        {
            "batch_size": 4,
            "mean_ttft": 262837.2589126229,
            "std_ttft": 13531.83300228565,
            "mean_tbt": 163107.68774904168,
            "std_tbt": 223.4871019894516
        }
    ]
}