{"ttft": [{"1": [1, 0.23761594109237194], "2": [1, 0.20645896904170513], "3": [1, 0.20588213484734297], "4": [1, 0.20378837920725346], "5": [1, 0.2022082069888711], "6": [1, 0.20709967985749245], "7": [1, 0.20317804533988237], "8": [1, 0.20120059698820114], "9": [1, 0.2013887157663703], "10": [1, 0.20576505456119776], "11": [1, 0.20277945790439844], "12": [1, 0.20489723421633244], "13": [1, 0.2029101951047778], "14": [1, 0.20207740552723408], "15": [1, 0.20301047526299953], "16": [1, 0.2026186492294073], "17": [1, 0.20142544247210026], "18": [1, 0.2020335365086794], "19": [1, 0.20498228073120117], "20": [1, 0.20389654394239187], "21": [1, 0.2026436971500516], "22": [1, 0.20287368446588516], "23": [1, 0.20201637502759695], "24": [1, 0.20319531951099634], "25": [1, 0.20371212344616652], "26": [1, 0.20211293175816536], "27": [1, 0.20250563696026802], "28": [1, 0.20062061864882708], "29": [1, 0.2047399114817381], "30": [1, 0.2021156521514058], "31": [1, 0.20338740572333336], "32": [1, 0.2044137753546238], "33": [1, 0.20417419634759426], "34": [1, 0.20308756921440363], "35": [1, 0.2031604591757059], "36": [1, 0.20326031558215618], "37": [1, 0.2033458249643445], "38": [1, 0.20175158511847258], "39": [1, 0.20424290373921394], "40": [1, 0.20107337180525064], "41": [1, 0.20337596535682678], "42": [1, 0.2007226636633277], "43": [1, 0.20450806710869074], "44": [1, 0.20237889047712088], "45": [1, 0.20453697443008423], "46": [1, 0.20430693868547678], "47": [1, 0.20246647763997316], "48": [1, 0.20375935267657042], "49": [1, 0.20119381230324507], "50": [1, 0.20471030194312334], "51": [1, 0.2016268763691187], "52": [1, 0.20330073684453964], "53": [1, 0.2073801001533866], "54": [1, 0.20238514710217714], "55": [1, 0.20154279563575983], "56": [1, 0.2012407574802637], "57": [1, 0.2055713189765811], "58": [1, 0.20294147916138172], "59": [1, 0.20178486220538616], "60": [1, 0.20445742085576057], "61": [1, 0.20333997439593077], "62": [1, 0.2042949115857482], "63": [1, 0.20514199323952198], "64": [1, 0.20109573658555746], "65": [1, 0.20311798341572285], "66": [1, 0.20643136650323868], "67": [1, 0.2031409740447998], "68": [1, 0.20341333094984293], "69": [1, 0.2022604225203395], "70": [1, 0.20387937501072884], "71": [1, 0.2037534862756729]}, {"1": [2, 0.2526182206347585], "2": [2, 0.25320105254650116], "3": [2, 0.22186587937176228], "4": [2, 0.24668405577540398], "5": [2, 0.22369855549186468], "6": [2, 0.25538757629692554], "7": [2, 0.22274198848754168], "8": [2, 0.22449959721416235], "9": [2, 0.22142121102660894], "10": [2, 0.22755574062466621], "11": [2, 0.2447410449385643], "12": [2, 0.2586688557639718], "13": [2, 0.23774763382971287], "14": [2, 0.22115602251142263], "15": [2, 0.23354468122124672], "16": [2, 0.22077582497149706], "17": [2, 0.2564940582960844], "18": [2, 0.2476482391357422], "19": [2, 0.23767649289220572], "20": [2, 0.25919001549482346], "21": [2, 0.22136599756777287], "22": [2, 0.22521464340388775], "23": [2, 0.23988590482622385], "24": [2, 0.23571088165044785], "25": [2, 0.23093130625784397], "26": [2, 0.2448839070275426], "27": [2, 0.22678394336253405], "28": [2, 0.25962353870272636], "29": [2, 0.22107144817709923], "30": [2, 0.2517481567338109], "31": [2, 0.24809480924159288], "32": [2, 0.25733259320259094], "33": [2, 0.21955788414925337], "34": [2, 0.26595156360417604], "35": [2, 0.2299139341339469], "36": [2, 0.2223330857232213], "37": [2, 0.24735612887889147], "38": [2, 0.262687424197793], "39": [2, 0.2620752714574337], "40": [2, 0.26387389842420816], "41": [2, 0.23070870898663998], "42": [2, 0.22482835594564676], "43": [2, 0.2323453789576888], "44": [2, 0.258799416013062], "45": [2, 0.2250310517847538], "46": [2, 0.2197832828387618], "47": [2, 0.22381398640573025], "48": [2, 0.2256891643628478], "49": [2, 0.226062280125916], "50": [2, 0.25590268801897764], "51": [2, 0.2223205715417862], "52": [2, 0.24720600713044405], "53": [2, 0.22660433128476143], "54": [2, 0.2212883746251464], "55": [2, 0.2522874679416418], "56": [2, 0.26163967978209257], "57": [2, 0.2229713834822178], "58": [2, 0.2624234016984701], "59": [2, 0.22882539685815573], "60": [2, 0.22042315360158682], "61": [2, 0.2607049811631441], "62": [2, 0.2241150802001357], "63": [2, 0.2420902531594038], "64": [2, 0.25975655019283295], "65": [2, 0.2312787165865302], "66": [2, 0.21967092994600534], "67": [2, 0.2248035306110978], "68": [2, 0.25949167273938656], "69": [2, 0.22622220404446125], "70": [2, 0.24603432696312666], "71": [1, 0.21460258681327105]}, {"1": [4, 0.31191268004477024], "2": [4, 0.2875409107655287], "3": [4, 0.29039986710995436], "4": [4, 0.28841551672667265], "5": [4, 0.28652435820549726], "6": [4, 0.2883747471496463], "7": [4, 0.2844147626310587], "8": [4, 0.2906106011942029], "9": [4, 0.2867667945101857], "10": [4, 0.28622631076723337], "11": [4, 0.3281750688329339], "12": [4, 0.2865253761410713], "13": [4, 0.284729796461761], "14": [4, 0.2855484476312995], "15": [4, 0.285398880019784], "16": [4, 0.28971191961318254], "17": [4, 0.28955492191016674], "18": [4, 0.28533503878861666], "19": [4, 0.28650268632918596], "20": [4, 0.28724671714007854], "21": [4, 0.28649126552045345], "22": [4, 0.2842169823125005], "23": [4, 0.2895255656912923], "24": [4, 0.2886268263682723], "25": [4, 0.28745310939848423], "26": [4, 0.2883826084434986], "27": [4, 0.285062987357378], "28": [4, 0.2861672844737768], "29": [4, 0.28829908929765224], "30": [4, 0.2862667525187135], "31": [4, 0.2861227737739682], "32": [4, 0.2864564601331949], "33": [4, 0.2902287757024169], "34": [4, 0.2915592510253191], "35": [4, 0.2888153837993741], "36": [4, 0.2888330528512597], "37": [4, 0.2866964880377054], "38": [4, 0.29775951988995075], "39": [4, 0.2883675182238221], "40": [4, 0.2876089261844754], "41": [4, 0.28518934454768896], "42": [4, 0.2859988948330283], "43": [4, 0.2895196136087179], "44": [4, 0.2926143677905202], "45": [4, 0.2874511880800128], "46": [4, 0.29223844315856695], "47": [4, 0.28560836985707283], "48": [4, 0.28597223572432995], "49": [4, 0.2892068764194846], "50": [4, 0.2880762815475464], "51": [4, 0.28701209276914597], "52": [4, 0.2860820731148124], "53": [4, 0.2878693025559187], "54": [4, 0.2847493477165699], "55": [4, 0.2870591916143894], "56": [4, 0.2826484329998493], "57": [4, 0.28439702186733484], "58": [4, 0.2847708985209465], "59": [4, 0.2873450983315706], "60": [4, 0.2859735041856766], "61": [4, 0.2897055307403207], "62": [4, 0.28674579598009586], "63": [4, 0.2866076370701194], "64": [4, 0.2859845543280244], "65": [4, 0.289227357134223], "66": [4, 0.2830780567601323], "67": [4, 0.29048393201082945], "68": [4, 0.28738303761929274], "69": [4, 0.2926747063174844], "70": [4, 0.28180095460265875], "71": [1, 0.20742431934922934]}], "tbt": [{"1": [1, 255, 0.12082173651559096], "2": [1, 255, 0.12017420566111219], "3": [1, 255, 0.12029266663845263], "4": [1, 255, 0.12028601579733339], "5": [1, 255, 0.1202853750839245], "6": [1, 255, 0.12011893836087456], "7": [1, 255, 0.12003106465380566], "8": [1, 255, 0.12016323296828013], "9": [1, 255, 0.12040703729452455], "10": [1, 255, 0.1202134916741474], "11": [1, 255, 0.1201753897482858], "12": [1, 255, 0.12029919962161312], "13": [1, 255, 0.12034189685010442], "14": [1, 255, 0.12020802932480971], "15": [1, 255, 0.12032116559133225], "16": [1, 255, 0.12018465422386047], "17": [1, 255, 0.12009470494573607], "18": [1, 255, 0.12007163803586189], "19": [1, 255, 0.12000704588112877], "20": [1, 255, 0.1198987673748942], "21": [1, 255, 0.11984760373027302], "22": [1, 255, 0.11989103618132717], "23": [1, 255, 0.12007947594438698], "24": [1, 255, 0.11999733038977081], "25": [1, 255, 0.12012185575623138], "26": [1, 255, 0.11992260041263174], "27": [1, 255, 0.11994312540354098], "28": [1, 255, 0.1199682692869329], "29": [1, 255, 0.12011704652698017], "30": [1, 255, 0.12012304392661534], "31": [1, 255, 0.12007677483134994], "32": [1, 255, 0.12004178509335307], "33": [1, 255, 0.12004597993092794], "34": [1, 255, 0.11999697349235124], "35": [1, 255, 0.1200582234006302],