{
    "l30w1.0sml128": [
        {
            "batch_size": 1,
            "mean_ttft": 261349.02282307544,
            "std_ttft": 2293.1559256637124,
            "mean_tbt": 154703.09042706597,
            "std_tbt": 112.27565495422158
        },
        {
            "batch_size": 2,
            "mean_ttft": 308488.19373382465,
            "std_ttft": 20398.04754063479,
            "mean_tbt": 239569.03327361954,
            "std_tbt": 197.38051794106318
        },
        {
            "batch_size": 4,
            "mean_ttft": 372779.81044931547,
            "std_ttft": 11320.209536440867,
            "mean_tbt": 240930.60463950978,
            "std_tbt": 125.89859627724339
        }
    ]
}