{"l32w1.0sml64": [{"batch_size": 1, "mean_ttft": 268003.80278792646, "std_ttft": 1622.2101766285523, "mean_tbt": 162059.8991343463, "std_tbt": 108.50754260825894}, {"batch_size": 2, "mean_ttft": 305045.721348789, "std_ttft": 20805.947187232447, "mean_tbt": 253056.7927936129, "std_tbt": 160.3881649537847}, {"batch_size": 4, "mean_ttft": 304666.78065972193, "std_ttft": 11863.773851102243, "mean_tbt": 253775.0920054375, "std_tbt": 178.4985835536561}]}