{"l22w1.0": [{"batch_size": 1, "mean_ttft": 206235.5073996716, "std_ttft": 1285.2877973995844, "mean_tbt": 113091.83443521101, "std_tbt": 606.9639684862933}, {"batch_size": 2, "mean_ttft": 288188.06403626996, "std_ttft": 14826.409088291271, "mean_tbt": 175503.12150610622, "std_tbt": 140.2850863719039}, {"batch_size": 4, "mean_ttft": 423577.91546318267, "std_ttft": 11192.29514197901, "mean_tbt": 179363.1767642264, "std_tbt": 1512.301568406283}]}