{
    "l27w1.0sml128": [
        {
            "batch_size": 1,
            "mean_ttft": 237349.91540097527,
            "std_ttft": 1397.788392341853,
            "mean_tbt": 139489.67336634407,
            "std_tbt": 113.69085988048745
        },
        {
            "batch_size": 2,
            "mean_ttft": 278145.4555483328,
            "std_ttft": 19192.551346389857,
            "mean_tbt": 216117.90611512132,
            "std_tbt": 110.56242131822684
        },
        {
            "batch_size": 4,
            "mean_ttft": 335681.24760770134,
            "std_ttft": 7602.440190492366,
            "mean_tbt": 217599.88394478633,
            "std_tbt": 147.00379736468292
        }
    ]
}