{"l26w1.0": [{"batch_size": 1, "mean_ttft": 241903.2597500417, "std_ttft": 1495.7907911910295, "mean_tbt": 132371.33707753778, "std_tbt": 254.69299983571378}, {"batch_size": 2, "mean_ttft": 335956.89593089954, "std_ttft": 15529.301294971352, "mean_tbt": 206393.84587232454, "std_tbt": 70.60557211859376}, {"batch_size": 4, "mean_ttft": 493204.35997926525, "std_ttft": 4852.176271351302, "mean_tbt": 209924.53255741356, "std_tbt": 113.09062715236358}]}