{
    "l32w1.0sml128mnt256": [
        {
            "batch_size": 1,
            "mean_ttft": 279344.3192355335,
            "std_ttft": 1573.7441850528294,
            "mean_tbt": 167631.7093323359,
            "std_tbt": 429.7147095446065
        },
        {
            "batch_size": 2,
            "mean_ttft": 312229.1975840926,
            "std_ttft": 11185.409815665218,
            "mean_tbt": 258289.13554842546,
            "std_tbt": 313.2643567517003
        },
        {
            "batch_size": 4,
            "mean_ttft": 405382.9406760633,
            "std_ttft": 9433.442471843287,
            "mean_tbt": 258482.132750732,
            "std_tbt": 282.82001792926167
        }
    ]
}