{"l28w1.0sml64mnt128": [{"batch_size": 1, "mean_ttft": 233024.65562398234, "std_ttft": 1223.9344699531623, "mean_tbt": 141498.38671640653, "std_tbt": 227.21526624580432}, {"batch_size": 2, "mean_ttft": 250512.83544550338, "std_ttft": 8640.41094917508, "mean_tbt": 220648.91868952924, "std_tbt": 311.5898354876399}, {"batch_size": 4, "mean_ttft": 267882.25664446753, "std_ttft": 8807.455814038247, "mean_tbt": 221022.76437703197, "std_tbt": 445.16028906568596}]}