{"ttft": [{"1": [1, 0.2640857957303524], "2": [1, 0.24147358536720276], "3": [1, 0.2347264662384987], "4": [1, 0.23702694941312075], "5": [1, 0.2404686389490962], "6": [1, 0.2355741783976555], "7": [1, 0.2363509787246585], "8": [1, 0.23523574229329824], "9": [1, 0.23553553968667984], "10": [1, 0.23795566149055958], "11": [1, 0.23529626429080963], "12": [1, 0.23503701575100422], "13": [1, 0.23762339539825916], "14": [1, 0.23601050581783056], "15": [1, 0.2381696803495288], "16": [1, 0.23456946294754744], "17": [1, 0.23445165622979403], "18": [1, 0.238143271766603], "19": [1, 0.23459600564092398], "20": [1, 0.23538858629763126], "21": [1, 0.23415021132677794], "22": [1, 0.23441009782254696], "23": [1, 0.2372906543314457], "24": [1, 0.23741381242871284], "25": [1, 0.23849066067487001], "26": [1, 0.23505969997495413], "27": [1, 0.23642906546592712], "28": [1, 0.23589341063052416], "29": [1, 0.2378824781626463], "30": [1, 0.2376757301390171], "31": [1, 0.23463390860706568], "32": [1, 0.23760520201176405], "33": [1, 0.23873140010982752], "34": [1, 0.23892948776483536], "35": [1, 0.23861258197575808], "36": [1, 0.23528498131781816], "37": [1, 0.2348892567679286], "38": [1, 0.23430494405329227], "39": [1, 0.2360149035230279], "40": [1, 0.23661755863577127], "41": [1, 0.23469658102840185], "42": [1, 0.23527064453810453], "43": [1, 0.23773634620010853], "44": [1, 0.23414161801338196], "45": [1, 0.23511970695108175], "46": [1, 0.2371382238343358], "47": [1, 0.23411990981549025], "48": [1, 0.2360040182247758], "49": [1, 0.23788447584956884], "50": [1, 0.2357067819684744], "51": [1, 0.23502379097044468], "52": [1, 0.23808094579726458], "53": [1, 0.2375350808724761], "54": [1, 0.23743252363055944], "55": [1, 0.23473298456519842], "56": [1, 0.23765917122364044], "57": [1, 0.23728929553180933], "58": [1, 0.23523047007620335], "59": [1, 0.23739398457109928], "60": [1, 0.23446494061499834], "61": [1, 0.23846859391778708], "62": [1, 0.2350478945299983], "63": [1, 0.23719781823456287], "64": [1, 0.23465846944600344], "65": [1, 0.23659833520650864], "66": [1, 0.23579752445220947], "67": [1, 0.23844414297491312], "68": [1, 0.2386811301112175], "69": [1, 0.23812922649085522], "70": [1, 0.25301410257816315], "71": [1, 0.2341415649279952]}, {"1": [2, 0.2855823580175638], "2": [2, 0.26648207288235426], "3": [2, 0.2793302424252033], "4": [2, 0.2691226238384843], "5": [2, 0.2598133534193039], "6": [2, 0.25790454633533955], "7": [2, 0.2755750576034188], "8": [2, 0.27543046046048403], "9": [2, 0.2772236494347453], "10": [2, 0.2658739434555173], "11": [2, 0.2669228408485651], "12": [2, 0.2589800050482154], "13": [2, 0.2563777370378375], "14": [2, 0.2561495592817664], "15": [2, 0.2749830475077033], "16": [2, 0.2751080961897969], "17": [2, 0.2749418495222926], "18": [2, 0.2758389478549361], "19": [2, 0.2767472779378295], "20": [2, 0.27407469041645527], "21": [2, 0.2539881868287921], "22": [2, 0.2671828204765916], "23": [2, 0.2724057510495186], "24": [2, 0.27498465962707996], "25": [2, 0.2755989348515868], "26": [2, 0.25542200170457363], "27": [2, 0.2661375366151333], "28": [2, 0.26673523895442486], "29": [2, 0.2662261947989464], "30": [2, 0.2676198408007622], "31": [2, 0.2545463824644685], "32": [2, 0.25647740066051483], "33": [2, 0.27502192184329033], "34": [2, 0.276211597956717], "35": [2, 0.2752837771549821], "36": [2, 0.27881504502147436], "37": [2, 0.27488159108906984], "38": [2, 0.27541589457541704], "39": [2, 0.2757544098421931], "40": [2, 0.2598313158378005], "41": [2, 0.25609995890408754], "42": [2, 0.27395226154476404], "43": [2, 0.26782772317528725], "44": [2, 0.27638902235776186], "45": [2, 0.2739024516195059], "46": [2, 0.2742284080013633], "47": [2, 0.27347679529339075], "48": [2, 0.2755347117781639], "49": [2, 0.2745093144476414], "50": [2, 0.25575497280806303], "51": [2, 0.2561385193839669], "52": [2, 0.2769137052819133], "53": [2, 0.2753726337105036], "54": [2, 0.27421967778354883], "55": [2, 0.2747679306194186], "56": [2, 0.2765739196911454], "57": [2, 0.27775066532194614], "58": [2, 0.27472654078155756], "59": [2, 0.2741918470710516], "60": [2, 0.27538304310292006], "61": [2, 0.27750007901340723], "62": [2, 0.27538000233471394], "63": [2, 0.2761275041848421], "64": [2, 0.2746650306507945], "65": [2, 0.2762642838060856], "66": [2, 0.27635418251156807], "67": [2, 0.2754414323717356], "68": [2, 0.27624540217220783], "69": [2, 0.2591698607429862], "70": [2, 0.2739099198952317], "71": [1, 0.257701869122684]}, {"1": [4, 0.3668547635897994], "2": [4, 0.3340737968683243], "3": [4, 0.33474580850452185], "4": [4, 0.33365550078451633], "5": [4, 0.33414612524211407], "6": [4, 0.33163709472864866], "7": [4, 0.33532367181032896], "8": [4, 0.33518499229103327], "9": [4, 0.33047060761600733], "10": [4, 0.33068027533590794], "11": [4, 0.3313099378719926], "12": [4, 0.3307246658951044], "13": [4, 0.3317684531211853], "14": [4, 0.3337153308093548], "15": [4, 0.33023238088935614], "16": [4, 0.33278508111834526], "17": [4, 0.33044280856847763], "18": [4, 0.351878697052598], "19": [4, 0.3332982650026679], "20": [4, 0.3302593696862459], "21": [4, 0.33016575034707785], "22": [4, 0.33126612938940525], "23": [4, 0.3321010386571288], "24": [4, 0.3288076566532254], "25": [4, 0.33348939195275307], "26": [4, 0.3345827804878354], "27": [4, 0.3320959573611617], "28": [4, 0.33214937802404165], "29": [4, 0.3332547452300787], "30": [4, 0.33442443143576384], "31": [4, 0.33327221404761076], "32": [4, 0.33438047114759684], "33": [4, 0.33829249534755945], "34": [4, 0.33459556940943], "35": [4, 0.33165052346885204], "36": [4, 0.33088371250778437], "37": [4, 0.3304427471011877], "38": [4, 0.3299693036824465], "39": [4, 0.33153311256319284], "40": [4, 0.3335888274013996], "41": [4, 0.33031410444527864], "42": [4, 0.33276783488690853], "43": [4, 0.33383612148463726], "44": [4, 0.3313639108091593], "45": [4, 0.33226915914565325], "46": [4, 0.3344699749723077], "47": [4, 0.3348280591890216], "48": [4, 0.33371304254978895], "49": [4, 0.33113093208521605], "50": [4, 0.3296186290681362], "51": [4, 0.33338167518377304], "52": [4, 0.3338980684056878], "53": [4, 0.333038117736578], "54": [4, 0.32922757137566805], "55": [4, 0.33266590256243944], "56": [4, 0.33145259600132704], "57": [4, 0.3300037616863847], "58": [4, 0.32936338894069195], "59": [4, 0.33239803463220596], "60": [4, 0.3316310839727521], "61": [4, 0.3303488390520215], "62": [4, 0.33043223805725574], "63": [4, 0.3299467833712697], "64": [4, 0.33141625486314297], "65": [4, 0.33280831947922707], "66": [4, 0.3317683218047023], "67": [4, 0.33152766339480877], "68": [4, 0.3302065199241042], "69": [4, 0.3301258999854326], "70": [4, 0.3291287524625659], "71": [1, 0.2341463891789317]}], "tbt": [{"1": [1, 127, 0.141816108238216], "2": [1, 127, 0.14133126034922017], "3": [1, 127, 0.1415132615260604], "4": [1, 127, 0.14150360694492425], "5": [1, 127, 0.1410083909643682], "6": [1, 127, 0.14122918049445538], "7": [1, 127, 0.14101215405023004], "8": [1, 127, 0.1415633446001631], "9": [1, 127, 0.14136345769594036], "10": [1, 127, 0.14104091493398185], "11": [1, 127, 0.14126335672564863], "12": [1, 127, 0.14153484303474895], "13": [1, 127, 0.14166200688974126], "14": [1, 127, 0.14111537291983686], "15": [1, 127, 0.140984733926323], "16": [1, 127, 0.1409731742185284], "17": [1, 127, 0.14109379089782087], "18": [1, 127, 0.1409579636822418], "19": [1, 127, 0.1409266320841871], "20": [1, 127, 0.14092971322192685], "21": [1, 127, 0.1410055733395843], "22": [1, 127, 0.14087116264364147], "23": [1, 127, 0.1409559993396007], "24": [1, 127, 0.14092787383784225], "25": [1, 127, 0.1408338006659169], "26": [1, 127, 0.14078506349226622], "27": [1, 127, 0.14084923272497776], "28": [1, 127, 0.14092179156810514], "29": [1, 127, 0.1408981826581706], "30": [1, 127, 0.14073865276974018], "31": [1, 127, 0.14080674474046925], "32": [1, 127, 0.14071653613923338], "33": [1, 127, 0.14091583708755848], "34": [1, 127, 0.14073915085865288], "35": [1, 127, 0.14088631471193683],