{"l20w1.0sml64mnt128": [{"batch_size": 1, "mean_ttft": 172437.6897327602, "std_ttft": 2860.722801132386, "mean_tbt": 104947.73685272165, "std_tbt": 1145.1175286222174}, {"batch_size": 2, "mean_ttft": 187351.9910313189, "std_ttft": 7464.244807778913, "mean_tbt": 161708.27993052447, "std_tbt": 676.1815524719791}, {"batch_size": 4, "mean_ttft": 197868.36164072156, "std_ttft": 4851.34248525261, "mean_tbt": 161682.88810061308, "std_tbt": 401.30132916458285}]}