{"ttft": [{"1": [1, 0.1981162168085575], "2": [1, 0.1684387344866991], "3": [1, 0.16854922380298376], "4": [1, 0.17016290500760078], "5": [1, 0.1699726665392518], "6": [1, 0.17135155014693737], "7": [1, 0.16978340782225132], "8": [1, 0.16917612496763468], "9": [1, 0.1687385505065322], "10": [1, 0.1700468948110938], "11": [1, 0.170724056661129], "12": [1, 0.17057255003601313], "13": [1, 0.17017295397818089], "14": [1, 0.17156655807048082], "15": [1, 0.16880027018487453], "16": [1, 0.16819870751351118], "17": [1, 0.16922860592603683], "18": [1, 0.16887348983436823], "19": [1, 0.16910272557288408], "20": [1, 0.16843615379184484], "21": [1, 0.17546188179403543], "22": [1, 0.1685964521020651], "23": [1, 0.16925676353275776], "24": [1, 0.17120004165917635], "25": [1, 0.17207160126417875], "26": [1, 0.17068500723689795], "27": [1, 0.16844137385487556], "28": [1, 0.16920679528266191], "29": [1, 0.1691464064642787], "30": [1, 0.16950339078903198], "31": [1, 0.16831253468990326], "32": [1, 0.17045800015330315], "33": [1, 0.1699399771168828], "34": [1, 0.16889629792422056], "35": [1, 0.16868478152900934], "36": [1, 0.17013402376323938], "37": [1, 0.1683947341516614], "38": [1, 0.16902986727654934], "39": [1, 0.16930969338864088], "40": [1, 0.17095028422772884], "41": [1, 0.1686530914157629], "42": [1, 0.169306012801826], "43": [1, 0.16933755204081535], "44": [1, 0.16918508429080248], "45": [1, 0.16842391341924667], "46": [1, 0.1680111875757575], "47": [1, 0.16982558742165565], "48": [1, 0.16885139793157578], "49": [1, 0.16906588524580002], "50": [1, 0.16922498401254416], "51": [1, 0.16872128937393427], "52": [1, 0.1698157573118806], "53": [1, 0.17002221383154392], "54": [1, 0.16809090599417686], "55": [1, 0.16947400104254484], "56": [1, 0.16917376406490803], "57": [1, 0.16938486136496067], "58": [1, 0.16901737544685602], "59": [1, 0.16953324060887098], "60": [1, 0.17025701235979795], "61": [1, 0.16905159503221512], "62": [1, 0.17001538444310427], "63": [1, 0.16969472914934158], "64": [1, 0.17009471356868744], "65": [1, 0.17133810929954052], "66": [1, 0.17127796914428473], "67": [1, 0.16839147359132767], "68": [1, 0.1691881539300084], "69": [1, 0.16981241665780544], "70": [1, 0.17074320558458567], "71": [1, 0.1676201205700636]}, {"1": [2, 0.20956648234277964], "2": [2, 0.1889392714947462], "3": [2, 0.19117377698421478], "4": [2, 0.1905756527557969], "5": [2, 0.18576059862971306], "6": [2, 0.18688320647925138], "7": [2, 0.1816402282565832], "8": [2, 0.19736746419221163], "9": [2, 0.19743413291871548], "10": [2, 0.19171182997524738], "11": [2, 0.19888715632259846], "12": [2, 0.18793951347470284], "13": [2, 0.19797654636204243], "14": [2, 0.1903958348557353], "15": [2, 0.18341405596584082], "16": [2, 0.19146488141268492], "17": [2, 0.18111823312938213], "18": [2, 0.19070762116461992], "19": [2, 0.19706871639937162], "20": [2, 0.19405629020184278], "21": [2, 0.18583887815475464], "22": [2, 0.1978727662935853], "23": [2, 0.19118088576942682], "24": [2, 0.18190211337059736], "25": [2, 0.1842532055452466], "26": [2, 0.1826642733067274], "27": [2, 0.19914654176682234], "28": [2, 0.19098425656557083], "29": [2, 0.19206641428172588], "30": [2, 0.18408010806888342], "31": [2, 0.19736242201179266], "32": [2, 0.1975722797214985], "33": [2, 0.19715459365397692], "34": [2, 0.1907984772697091], "35": [2, 0.1973413722589612], "36": [2, 0.19264815747737885], "37": [2, 0.19817614182829857], "38": [2, 0.191671178676188], "39": [2, 0.19753029011189938], "40": [2, 0.19788652565330267], "41": [2, 0.18358613178133965], "42": [2, 0.18622309248894453], "43": [2, 0.192378468811512], "44": [2, 0.19907773099839687], "45": [2, 0.1978043857961893], "46": [2, 0.19090461637824774], "47": [2, 0.19816264137625694], "48": [2, 0.19339382834732533], "49": [2, 0.1991255898028612], "50": [2, 0.1912758918479085], "51": [2, 0.19701834488660097], "52": [2, 0.19115146435797215], "53": [2, 0.1984545085579157], "54": [2, 0.19111462403088808], "55": [2, 0.18347305338829756], "56": [2, 0.19250935688614845], "57": [2, 0.19821447134017944], "58": [2, 0.19144561979919672], "59": [2, 0.19732560962438583], "60": [2, 0.1937452331185341], "61": [2, 0.1994387460872531], "62": [2, 0.1912691816687584], "63": [2, 0.1975938966497779], "64": [2, 0.19285925291478634], "65": [2, 0.19968582224100828], "66": [2, 0.18957020062953234], "67": [2, 0.18738972675055265], "68": [2, 0.1993999257683754], "69": [2, 0.19964786246418953], "70": [2, 0.19026542268693447], "71": [1, 0.1840950846672058]}, {"1": [4, 0.2769411485642195], "2": [4, 0.2455880744382739], "3": [4, 0.25513265281915665], "4": [4, 0.24493790231645107], "5": [4, 0.24001068994402885], "6": [4, 0.24174044001847506], "7": [4, 0.24093570932745934], "8": [4, 0.25451787281781435], "9": [4, 0.2407463015988469], "10": [4, 0.24512176122516394], "11": [4, 0.24336266983300447], "12": [4, 0.24074444081634283], "13": [4, 0.2386571653187275], "14": [4, 0.24252760969102383], "15": [4, 0.25290315970778465], "16": [4, 0.25330917444080114], "17": [4, 0.25390416756272316], "18": [4, 0.25629056990146637], "19": [4, 0.2507811039686203], "20": [4, 0.24172514863312244], "21": [4, 0.23788473196327686], "22": [4, 0.25651294831186533], "23": [4, 0.24004276748746634], "24": [4, 0.2462289361283183], "25": [4, 0.2397433202713728], "26": [4, 0.23859882354736328], "27": [4, 0.24069764837622643], "28": [4, 0.25308650452643633], "29": [4, 0.25061513390392065], "30": [4, 0.2361378101631999], "31": [4, 0.23939949367195368], "32": [4, 0.23970984853804111], "33": [4, 0.2417419059202075], "34": [4, 0.24135730974376202], "35": [4, 0.25214520655572414], "36": [4, 0.2366140242666006], "37": [4, 0.24104716442525387], "38": [4, 0.240344881080091], "39": [4, 0.23610728979110718], "40": [4, 0.25209515634924173], "41": [4, 0.23800903744995594], "42": [4, 0.23804767709225416], "43": [4, 0.2529838653281331], "44": [4, 0.24648748990148306], "45": [4, 0.24591993633657694], "46": [4, 0.23857659008353949], "47": [4, 0.23807423561811447], "48": [4, 0.2512869741767645], "49": [4, 0.2386482795700431], "50": [4, 0.23968377709388733], "51": [4, 0.24068744480609894], "52": [4, 0.23749593272805214], "53": [4, 0.2413504784926772], "54": [4, 0.23817290551960468], "55": [4, 0.23751436173915863], "56": [4, 0.24238587729632854], "57": [4, 0.23832139559090137], "58": [4, 0.2367075551301241], "59": [4, 0.2379856901243329], "60": [4, 0.23984018806368113], "61": [4, 0.24166408739984035], "62": [4, 0.24035505205392838], "63": [4, 0.238605591468513], "64": [4, 0.24031913094222546], "65": [4, 0.2383261127397418], "66": [4, 0.25263551995158195], "67": [4, 0.2522041341289878], "68": [4, 0.2503305058926344], "69": [4, 0.23919670283794403], "70": [4, 0.2514125322923064], "71": [1, 0.180671451613307]}], "tbt": [{"1": [1, 127, 0.10124797769272187], "2": [1, 127, 0.10116973663790255], "3": [1, 127, 0.10202223568509414], "4": [1, 127, 0.101892338919006], "5": [1, 127, 0.10187001816019065], "6": [1, 127, 0.10209934136236277], "7": [1, 127, 0.1017962677448284], "8": [1, 127, 0.1013554196042104], "9": [1, 127, 0.10134280233196621], "10": [1, 127, 0.10122112548492086], "11": [1, 127, 0.10138754375044286], "12": [1, 127, 0.10115300207655495], "13": [1, 127, 0.10122917062331607], "14": [1, 127, 0.10091533870472917], "15": [1, 127, 0.10134175061944901], "16": [1, 127, 0.1009902656738331], "17": [1, 127, 0.10120151814542652], "18": [1, 127, 0.10121906557538378], "19": [1, 127, 0.10107310909015221], "20": [1, 127, 0.10098572695759807], "21": [1, 127, 0.10116993178298155], "22": [1, 127, 0.10110509735128777], "23": [1, 127, 0.10109302983802604], "24": [1, 127, 0.10083812431204976], "25": [1, 127, 0.10080021671862818], "26": [1, 127, 0.10098992133381095], "27": [1, 127, 0.10083753538618642], "28": [1, 127, 0.10094422643168235], "29": [1, 127, 0.1008718888326658], "30": [1, 127, 0.10086958639059715], "31": [1, 127, 0.10090084308685046], "32": [1, 127, 0.10089413020906486], "33": [1, 127, 0.1007553655800857], "34": [1, 127, 0.10077641641823795],