{"ttft": [{"1": [1, 0.28862613439559937], "2": [1, 0.2545315930619836], "3": [1, 0.2544731833040714], "4": [1, 0.2546744616702199], "5": [1, 0.2522246679291129], "6": [1, 0.2536687208339572], "7": [1, 0.25159892346709967], "8": [1, 0.25158484373241663], "9": [1, 0.25000105053186417], "10": [1, 0.2552677821367979], "11": [1, 0.2557182163000107], "12": [1, 0.25066410284489393], "13": [1, 0.25167507119476795], "14": [1, 0.2504735542461276], "15": [1, 0.2541937818750739], "16": [1, 0.2522426834329963], "17": [1, 0.2530404347926378], "18": [1, 0.25504205096513033], "19": [1, 0.25158108957111835], "20": [1, 0.2555471546947956], "21": [1, 0.252023383975029], "22": [1, 0.2555590635165572], "23": [1, 0.25141695979982615], "24": [1, 0.25310245994478464], "25": [1, 0.25335297733545303], "26": [1, 0.2547098221257329], "27": [1, 0.25292043201625347], "28": [1, 0.25406323932111263], "29": [1, 0.25265529472380877], "30": [1, 0.2510250583291054], "31": [1, 0.2530142553150654], "32": [1, 0.2522205524146557], "33": [1, 0.2507321806624532], "34": [1, 0.252708506770432], "35": [1, 0.2521710926666856], "36": [1, 0.2520019356161356], "37": [1, 0.25377808418124914], "38": [1, 0.25034461356699467], "39": [1, 0.25556458346545696], "40": [1, 0.2548476606607437], "41": [1, 0.25050590094178915], "42": [1, 0.25484742037951946], "43": [1, 0.25230077002197504], "44": [1, 0.2529387827962637], "45": [1, 0.25276099517941475], "46": [1, 0.2519800625741482], "47": [1, 0.2527175433933735], "48": [1, 0.25334145687520504], "49": [1, 0.2532052267342806], "50": [1, 0.2522615985944867], "51": [1, 0.25225152913480997], "52": [1, 0.2515490371733904], "53": [1, 0.25520495511591434], "54": [1, 0.25376453064382076], "55": [1, 0.25311325769871473], "56": [1, 0.25350073259323835], "57": [1, 0.252636362798512], "58": [1, 0.2527618519961834], "59": [1, 0.2545321127399802], "60": [1, 0.25410902593284845], "61": [1, 0.2513216780498624], "62": [1, 0.25580151472240686], "63": [1, 0.25196086056530476], "64": [1, 0.2560680415481329], "65": [1, 0.2531343763694167], "66": [1, 0.2530362978577614], "67": [1, 0.25463838782161474], "68": [1, 0.25649184733629227], "69": [1, 0.2537333285436034], "70": [1, 0.25219141505658627], "71": [1, 0.25367541890591383]}, {"1": [2, 0.3071947740390897], "2": [2, 0.31700018141418695], "3": [2, 0.2772838771343231], "4": [2, 0.27064300142228603], "5": [2, 0.2826814819127321], "6": [2, 0.32289157900959253], "7": [2, 0.2786301877349615], "8": [2, 0.28637644834816456], "9": [2, 0.276998657733202], "10": [2, 0.29424926824867725], "11": [2, 0.2745595034211874], "12": [2, 0.3222090061753988], "13": [2, 0.2951147574931383], "14": [2, 0.28898785822093487], "15": [2, 0.3211163878440857], "16": [2, 0.2775522479787469], "17": [2, 0.27889014314860106], "18": [2, 0.27330533880740404], "19": [2, 0.2887595696374774], "20": [2, 0.3190172351896763], "21": [2, 0.277694801799953], "22": [2, 0.28067066706717014], "23": [2, 0.27418262232095003], "24": [2, 0.27573683485388756], "25": [2, 0.28657679818570614], "26": [2, 0.3207181366160512], "27": [2, 0.2976896809414029], "28": [2, 0.27725537586957216], "29": [2, 0.2752901390194893], "30": [2, 0.28936893586069345], "31": [2, 0.31901581492275], "32": [2, 0.32041979767382145], "33": [2, 0.27724013663828373], "34": [2, 0.288402546197176], "35": [2, 0.2754220673814416], "36": [2, 0.2916779890656471], "37": [2, 0.27711945679038763], "38": [2, 0.31693979911506176], "39": [2, 0.27385614439845085], "40": [2, 0.28844414558261633], "41": [2, 0.2848331481218338], "42": [2, 0.27680780086666346], "43": [2, 0.3294785041362047], "44": [2, 0.30089432280510664], "45": [2, 0.2767961695790291], "46": [2, 0.2810092121362686], "47": [2, 0.27915018424391747], "48": [2, 0.2759482990950346], "49": [2, 0.2738996436819434], "50": [2, 0.2874668063595891], "51": [2, 0.2786754993721843], "52": [2, 0.32307915668934584], "53": [2, 0.28930703550577164], "54": [2, 0.2758402293547988], "55": [2, 0.2836451409384608], "56": [2, 0.3197519248351455], "57": [2, 0.2783787017688155], "58": [2, 0.32161840330809355], "59": [2, 0.2779461285099387], "60": [2, 0.27433483861386776], "61": [2, 0.31891896575689316], "62": [2, 0.3211769303306937], "63": [2, 0.31806127447634935], "64": [2, 0.3203609688207507], "65": [2, 0.2796713765710592], "66": [2, 0.27924959175288677], "67": [2, 0.2792485225945711], "68": [2, 0.2887539332732558], "69": [2, 0.27756936103105545], "70": [2, 0.32303681690245867], "71": [1, 0.26657782681286335]}], "tbt": [{"1": [1, 255, 0.15068736745446337], "2": [1, 255, 0.15004163155441774], "3": [1, 255, 0.14985810540543468], "4": [1, 255, 0.14995475964730276], "5": [1, 255, 0.15010422677459084], "6": [1, 255, 0.14987012219852677], "7": [1, 255, 0.14984416317413835], "8": [1, 255, 0.1499820140866088], "9": [1, 255, 0.1500923826888788], "10": [1, 255, 0.1500250886833551], "11": [1, 255, 0.1499675413995397], "12": [1, 255, 0.1498322510836171], "13": [1, 255, 0.149993002096958], "14": [1, 255, 0.14998773273226676], "15": [1, 255, 0.14990954808525594], "16": [1, 255, 0.14982949729789705], "17": [1, 255, 0.14963505288549497], "18": [1, 255, 0.14973195471673034], "19": [1, 255, 0.14972342720218734], "20": [1, 255, 0.1498369866470788], "21": [1, 255, 0.14958130098221933], "22": [1, 255, 0.14971934991943486], "23": [1, 255, 0.14980221807445382], "24": [1, 255, 0.1498936335063156], "25": [1, 255, 0.14975616245658374], "26": [1, 255, 0.14966745582938779], "27": [1, 255, 0.14970794165981752], "28": [1, 255, 0.14982964792014922], "29": [1, 255, 0.14978458979623574], "30": [1, 255, 0.14982584247036893], "31": [1, 255, 0.14975865698036026], "32": [1, 255, 0.1498822849463014], "33": [1, 255, 0.14971210008815808], "34": [1, 255, 0.1498314662672141], "35": [1, 255, 0.14982383338844074], "36": [1, 255, 0.14978924795400864], "37": [1, 255, 0.1498202334285951], "38": [1, 255, 0.14982188884168862], "39": [1, 255, 0.149701880747635], "40": [1, 255, 0.14974778342042483], "41": [1, 255, 0.14963581354959923], "42": [1, 255, 0.14988526616829867], "43": [1, 255, 0.15032822198654508], "44": [1, 255, 0.1496752487057272], "45": [1, 255, 0.14952506367117166], "46": [1, 255, 0.14961812064124674], "47": [1, 255, 0.14955837825568868], "48": [1, 255, 0.1495625289887482], "49": [1, 255, 0.14970767461493903], "50": [1, 255, 0.14969388539446335], "51": [1, 255, 0.14970998779377517], "52": [1, 255, 0.14964602898952423], "53": [1, 255, 0.14966944402047233], "54": [1, 255, 0.14956982681418166], "55": [1, 255, 0.1499960711371957], "56": [1, 255, 0.150437604161162], "57": [1, 255, 0.15030155807149176], "58": [1, 255, 0.1503455004344384], "59": [1, 255, 0.15037962628126728], "60": [1, 255, 0.14998871787067722], "61": [1, 255, 0.15004376948391104], "62": [1, 255, 0.14991438866172935], "63": [1, 255, 0.15006842627829198], "64": [1, 255, 0.1500170730346558], "65": [1, 255, 0.15003700155545682], "66": [1, 255, 0.14993264202539827], "67": [1, 255, 0.14992796499647346], "68": [1, 255, 0.1501186390936959], "69": [1, 255, 0.15020019735264428], "70": [1, 255, 0.1500180176952306]}, {"1": [2, 255, 0.2337721260994965], "2": [2, 255, 0.23198169566617877], "3": [2, 255, 0.23164678960673366], "4": [2, 255, 0.23174235073886082], "5": [2, 255, 0.23167393600166428], "6": [2, 255, 0.23175469790676645], "7": [2, 255, 0.23180164679081416], "8": [2, 255, 0.2316601972077407], "9": [2, 255, 0.23161553134593893], "10": [2, 255, 0.23131291582888247], "11": [2, 255, 0.23130872888015766], "12": [2, 255, 0.23124924946722447], "13": [2, 255, 0.2313088152776746], "14": [2, 255, 0.2312025242905114], "15": [2, 255, 0.23115561569438262], "16": [2, 255, 0.23128877894258967], "17": [2, 255, 0.23118222670666144], "18": [2, 255, 0.23127766212119777], "19": [2, 255, 0.23104458840965642], "20": [2, 255, 0.23120908224772588], "21": [2, 255, 0.2312760940077258], "22": [2, 255, 0.2312269849885328], "23": [2, 255, 0.23129442007664372], "24": [2, 255, 0.2313146408902956], "25": [2, 255, 0.23126946496320705], "26": [2, 255, 0.2312962837809441],