{"l19w1.0sml64": [{"batch_size": 1, "mean_ttft": 162478.9347872138, "std_ttft": 1404.3024094338293, "mean_tbt": 97788.26874609802, "std_tbt": 80.00013854366019}, {"batch_size": 2, "mean_ttft": 189068.04966843792, "std_ttft": 15266.356442795635, "mean_tbt": 151844.43680192129, "std_tbt": 93.02413239810909}, {"batch_size": 4, "mean_ttft": 187058.47673118114, "std_ttft": 8884.76168551311, "mean_tbt": 152388.22385944703, "std_tbt": 174.9480455159155}]}