{"ttft": [{"1": [1, 0.3812389653176069], "2": [1, 0.22998365107923746], "3": [1, 0.2269703969359398], "4": [1, 0.22597832046449184], "5": [1, 0.22886131517589092], "6": [1, 0.22627849597483873], "7": [1, 0.2259436696767807], "8": [1, 0.22672499157488346], "9": [1, 0.2253676187247038], "10": [1, 0.23012482188642025], "11": [1, 0.22595801576972008], "12": [1, 0.2267563370987773], "13": [1, 0.22488545905798674], "14": [1, 0.2274000095203519], "15": [1, 0.23405727092176676], "16": [1, 0.22657989989966154], "17": [1, 0.2263333834707737], "18": [1, 0.22546682506799698], "19": [1, 0.22718052472919226], "20": [1, 0.22381591331213713], "21": [1, 0.2370341969653964], "22": [1, 0.22718238458037376], "23": [1, 0.22837701998651028], "24": [1, 0.22732689417898655], "25": [1, 0.22572630178183317], "26": [1, 0.2267102412879467], "27": [1, 0.2276238612830639], "28": [1, 0.2248970242217183], "29": [1, 0.24300160817801952], "30": [1, 0.2309029335156083], "31": [1, 0.22785610891878605], "32": [1, 0.2282390035688877], "33": [1, 0.22495273407548666], "34": [1, 0.22638591844588518], "35": [1, 0.22568824421614408], "36": [1, 0.22674794401973486], "37": [1, 0.22444555070251226], "38": [1, 0.22789803985506296], "39": [1, 0.22586437407881021], "40": [1, 0.227118200622499], "41": [1, 0.23110193386673927], "42": [1, 0.22709928266704082], "43": [1, 0.22668131906539202], "44": [1, 0.22464447282254696], "45": [1, 0.2260705567896366], "46": [1, 0.22467549238353968], "47": [1, 0.22733718156814575], "48": [1, 0.2255202941596508], "49": [1, 0.22705094516277313], "50": [1, 0.22558988444507122], "51": [1, 0.22613610606640577], "52": [1, 0.2249853704124689], "53": [1, 0.22662384156137705], "54": [1, 0.22576594073325396], "55": [1, 0.22887720447033644], "56": [1, 0.23602153174579144], "57": [1, 0.22767715994268656], "58": [1, 0.2239127941429615], "59": [1, 0.2268168507143855], "60": [1, 0.23173392284661531], "61": [1, 0.22616610955446959], "62": [1, 0.2250100327655673], "63": [1, 0.22557113599032164], "64": [1, 0.22537003923207521], "65": [1, 0.2281583845615387], "66": [1, 0.22759859263896942], "67": [1, 0.2251971121877432], "68": [1, 0.22627468779683113], "69": [1, 0.2264791475608945], "70": [1, 0.22787353955209255], "71": [1, 0.22486966662108898]}, {"1": [2, 0.2832146342843771], "2": [2, 0.24823001772165298], "3": [2, 0.25600885786116123], "4": [2, 0.2688243268057704], "5": [2, 0.26176791079342365], "6": [2, 0.24772409442812204], "7": [2, 0.24517658352851868], "8": [2, 0.27698673121631145], "9": [2, 0.26206178590655327], "10": [2, 0.2741430336609483], "11": [2, 0.2900028983131051], "12": [2, 0.25470288190990686], "13": [2, 0.2929015550762415], "14": [2, 0.25952804554253817], "15": [2, 0.26133853010833263], "16": [2, 0.24518354795873165], "17": [2, 0.24368008598685265], "18": [2, 0.2755804620683193], "19": [2, 0.26028604060411453], "20": [2, 0.2511130180209875], "21": [2, 0.2634795131161809], "22": [2, 0.2512905951589346], "23": [2, 0.24885615427047014], "24": [2, 0.24395980034023523], "25": [2, 0.29332064278423786], "26": [2, 0.25075083039700985], "27": [2, 0.25225856248289347], "28": [2, 0.2462345026433468], "29": [2, 0.2902012877166271], "30": [2, 0.2511015348136425], "31": [2, 0.28689754754304886], "32": [2, 0.28997810930013657], "33": [2, 0.24800733104348183], "34": [2, 0.2716960133984685], "35": [2, 0.2615068219602108], "36": [2, 0.28338393568992615], "37": [2, 0.2924454202875495], "38": [2, 0.24285048991441727], "39": [2, 0.2643233984708786], "40": [2, 0.24652579613029957], "41": [2, 0.2588277328759432], "42": [2, 0.2842464642599225], "43": [2, 0.2602642262354493], "44": [2, 0.24613710027188063], "45": [2, 0.24913055542856455], "46": [2, 0.29328170884400606], "47": [2, 0.2523605963215232], "48": [2, 0.2897385787218809], "49": [2, 0.24383709579706192], "50": [2, 0.260024837218225], "51": [2, 0.2593995127826929], "52": [2, 0.25986048858612776], "53": [2, 0.2972617605701089], "54": [2, 0.26912005338817835], "55": [2, 0.29047407768666744], "56": [2, 0.2897403761744499], "57": [2, 0.2624439597129822], "58": [2, 0.26069836039096117], "59": [2, 0.25151983462274075], "60": [2, 0.2857603905722499], "61": [2, 0.26611021626740694], "62": [2, 0.24563869182020426], "63": [2, 0.24784929770976305], "64": [2, 0.24809914268553257], "65": [2, 0.26136418897658587], "66": [2, 0.27693519834429026], "67": [2, 0.2507976498454809], "68": [2, 0.2859365437179804], "69": [2, 0.29418609756976366], "70": [2, 0.24072307627648115], "71": [1, 0.2654176289215684]}, {"1": [4, 0.3548546452075243], "2": [4, 0.31980495899915695], "3": [4, 0.3196030370891094], "4": [4, 0.3244875203818083], "5": [4, 0.3245651386678219], "6": [4, 0.33512463606894016], "7": [4, 0.3202176671475172], "8": [4, 0.3263340648263693], "9": [4, 0.32397217117249966], "10": [4, 0.3195195123553276], "11": [4, 0.3259550053626299], "12": [4, 0.3184768809005618], "13": [4, 0.31928132101893425], "14": [4, 0.32596080284565687], "15": [4, 0.32143955398350954], "16": [4, 0.32059193309396505], "17": [4, 0.3220374062657356], "18": [4, 0.3188820695504546], "19": [4, 0.32194733433425426], "20": [4, 0.3223525704815984], "21": [4, 0.31931164395064116], "22": [4, 0.319640938192606], "23": [4, 0.31817978899925947], "24": [4, 0.32171612698584795], "25": [4, 0.32438596710562706], "26": [4, 0.31993401516228914], "27": [4, 0.343926970846951], "28": [4, 0.3206900963559747], "29": [4, 0.3215040946379304], "30": [4, 0.3238133676350117], "31": [4, 0.31938811764121056], "32": [4, 0.3219430083408952], "33": [4, 0.3229864053428173], "34": [4, 0.3220658851787448], "35": [4, 0.3196241622790694], "36": [4, 0.32488604076206684], "37": [4, 0.3237642729654908], "38": [4, 0.3303337274119258], "39": [4, 0.3243562839925289], "40": [4, 0.3192535322159529], "41": [4, 0.32063778582960367], "42": [4, 0.32077960297465324], "43": [4, 0.32298109866678715], "44": [4, 0.32353731989860535], "45": [4, 0.31973749306052923], "46": [4, 0.319971258752048], "47": [4, 0.3174981167539954], "48": [4, 0.31892864126712084], "49": [4, 0.3183312760666013], "50": [4, 0.31721015740185976], "51": [4, 0.32258396595716476], "52": [4, 0.32177742570638657], "53": [4, 0.3206625273451209], "54": [4, 0.3215071363374591], "55": [4, 0.318274793215096], "56": [4, 0.3182083237916231], "57": [4, 0.32053477596491575], "58": [4, 0.32049307506531477], "59": [4, 0.322068496607244], "60": [4, 0.3182297497987747], "61": [4, 0.3225409397855401], "62": [4, 0.3237016061320901], "63": [4, 0.31833700835704803], "64": [4, 0.3250330714508891], "65": [4, 0.3190702171996236], "66": [4, 0.3321183994412422], "67": [4, 0.32943415734916925], "68": [4, 0.3181064957752824], "69": [4, 0.32150974590331316], "70": [4, 0.3151174886152148], "71": [1, 0.2237604632973671]}], "tbt": [{"1": [1, 255, 0.13426160655696603], "2": [1, 255, 0.13410039832267692], "3": [1, 255, 0.13419377594163603], "4": [1, 255, 0.13446292539364568], "5": [1, 255, 0.1342143331818721], "6": [1, 255, 0.13418594964359906], "7": [1, 255, 0.13622901496276552], "8": [1, 255, 0.13368962801554624], "9": [1, 255, 0.13385746207307367], "10": [1, 255, 0.13392993800853398], "11": [1, 255, 0.13395740337596804], "12": [1, 255, 0.13410016275650147], "13": [1, 255, 0.13406551111051265], "14": [1, 255, 0.1339378514418415], "15": [1, 255, 0.13384892843371513], "16": [1, 255, 0.13533686355267668], "17": [1, 255, 0.13388473960917954], "18": [1, 255, 0.13377429745068736], "19": [1, 255, 0.1351127499568404], "20": [1, 255, 0.13397416592228648], "21": [1, 255, 0.1351070106796482], "22": [1, 255, 0.13386666777306327], "23": [1, 255, 0.13388626546617233], "24": [1, 255, 0.13378728344013877], "25": [1, 255, 0.1338007952031844], "26": [1, 255, 0.13396575519924656], "27": [1, 255, 0.13382064261491977], "28": [1, 255, 0.13412037567765106], "29": [1, 255, 0.13810979145779914], "30": [1, 255, 0.13477668116490046], "31": [1, 255, 0.13357335567912634], "32": [1, 255, 0.1340898846221321], "33": [1, 255, 0.13392527528180212], "34": [1, 255, 0.133909496993703], "35": [1, 255, 0.13379842611212356],