{"ttft": [{"1": [1, 0.3360733240842819], "2": [1, 0.1473029712215066], "3": [1, 0.14797697216272354], "4": [1, 0.14446465205401182], "5": [1, 0.14401518739759922], "6": [1, 0.1441052369773388], "7": [1, 0.14542056061327457], "8": [1, 0.1449051769450307], "9": [1, 0.14350104331970215], "10": [1, 0.14320658799260855], "11": [1, 0.14097924251109362], "12": [1, 0.1410330832004547], "13": [1, 0.1424554055556655], "14": [1, 0.14270595461130142], "15": [1, 0.14004030358046293], "16": [1, 0.1404732195660472], "17": [1, 0.14014527387917042], "18": [1, 0.1406751573085785], "19": [1, 0.14300266932696104], "20": [1, 0.15138972271233797], "21": [1, 0.14724675007164478], "22": [1, 0.1444826228544116], "23": [1, 0.1427415730431676], "24": [1, 0.14327924698591232], "25": [1, 0.14260121621191502], "26": [1, 0.14403041824698448], "27": [1, 0.1437675803899765], "28": [1, 0.14124838262796402], "29": [1, 0.14255713485181332], "30": [1, 0.14642760064452887], "31": [1, 0.14555177092552185], "32": [1, 0.14353419467806816], "33": [1, 0.1465085493400693], "34": [1, 0.15305659361183643], "35": [1, 0.14495936874300241], "36": [1, 0.14345102570950985], "37": [1, 0.1436911029741168], "38": [1, 0.14224884007126093], "39": [1, 0.1399787673726678], "40": [1, 0.14149940945208073], "41": [1, 0.14288426283746958], "42": [1, 0.1489558620378375], "43": [1, 0.14563335105776787], "44": [1, 0.15726525522768497], "45": [1, 0.14586202800273895], "46": [1, 0.14536599442362785], "47": [1, 0.1444276049733162], "48": [1, 0.14272684417665005], "49": [1, 0.14306852966547012], "50": [1, 0.14365238323807716], "51": [1, 0.1411865632981062], "52": [1, 0.1436454951763153], "53": [1, 0.14170880615711212], "54": [1, 0.1409269655123353], "55": [1, 0.14663780946284533], "56": [1, 0.14262387715280056], "57": [1, 0.14066307060420513], "58": [1, 0.14353889506310225], "59": [1, 0.14232707116752863], "60": [1, 0.14359868597239256], "61": [1, 0.14395523071289062], "62": [1, 0.14287768490612507], "63": [1, 0.1408225679770112], "64": [1, 0.14123138319700956], "65": [1, 0.14298029243946075], "66": [1, 0.14257938787341118], "67": [1, 0.14134497195482254], "68": [1, 0.1452483655884862], "69": [1, 0.14058745093643665], "70": [1, 0.1411337750032544], "71": [1, 0.15193271823227406]}, {"1": [2, 0.20231405831873417], "2": [2, 0.18230770342051983], "3": [2, 0.1592945121228695], "4": [2, 0.15502387285232544], "5": [2, 0.15597933065146208], "6": [2, 0.16840400453656912], "7": [2, 0.16779368184506893], "8": [2, 0.15840121265500784], "9": [2, 0.1737953433766961], "10": [2, 0.16966415103524923], "11": [2, 0.15408456418663263], "12": [2, 0.15618958976119757], "13": [2, 0.15510967187583447], "14": [2, 0.15582220535725355], "15": [2, 0.1557543445378542], "16": [2, 0.15404457598924637], "17": [2, 0.15092308167368174], "18": [2, 0.16665621753782034], "19": [2, 0.1548919351771474], "20": [2, 0.16948345862329006], "21": [2, 0.15201489347964525], "22": [2, 0.1526576764881611], "23": [2, 0.15603872761130333], "24": [2, 0.15385805256664753], "25": [2, 0.15357121638953686], "26": [2, 0.15479888208210468], "27": [2, 0.15527205634862185], "28": [2, 0.15094086714088917], "29": [2, 0.1552683962509036], "30": [2, 0.1505382414907217], "31": [2, 0.15328263025730848], "32": [2, 0.15610437653958797], "33": [2, 0.15373442508280277], "34": [2, 0.1514428723603487], "35": [2, 0.1665248442441225], "36": [2, 0.15785842761397362], "37": [2, 0.15432028751820326], "38": [2, 0.15194660611450672], "39": [2, 0.167188317514956], "40": [2, 0.15457611437886953], "41": [2, 0.16648816596716642], "42": [2, 0.15281607676297426], "43": [2, 0.16541664768010378], "44": [2, 0.15636788494884968], "45": [2, 0.16659988462924957], "46": [2, 0.1536638867110014], "47": [2, 0.16737662628293037], "48": [2, 0.1562377568334341], "49": [2, 0.15441277716308832], "50": [2, 0.1658911034464836], "51": [2, 0.1603890685364604], "52": [2, 0.15691651962697506], "53": [2, 0.16811844799667597], "54": [2, 0.15390594489872456], "55": [2, 0.16562785767018795], "56": [2, 0.15483996365219355], "57": [2, 0.17003090493381023], "58": [2, 0.15578687377274036], "59": [2, 0.15574998315423727], "60": [2, 0.15865718945860863], "61": [2, 0.16993461642414331], "62": [2, 0.1568227019160986], "63": [2, 0.16960963141173124], "64": [2, 0.16655077692121267], "65": [2, 0.15739622339606285], "66": [2, 0.15615634992718697], "67": [2, 0.16681434493511915], "68": [2, 0.15882135834544897], "69": [2, 0.15825531259179115], "70": [2, 0.1512959934771061], "71": [1, 0.14144091121852398]}, {"1": [4, 0.2360474020242691], "2": [4, 0.20977313071489334], "3": [4, 0.20237289648503065], "4": [4, 0.2032046364620328], "5": [4, 0.20361589174717665], "6": [4, 0.21478882152587175], "7": [4, 0.21516958624124527], "8": [4, 0.20723605062812567], "9": [4, 0.21269692666828632], "10": [4, 0.20222995802760124], "11": [4, 0.20449910126626492], "12": [4, 0.20181758422404528], "13": [4, 0.2014712980017066], "14": [4, 0.2021847004070878], "15": [4, 0.207410697825253], "16": [4, 0.21238107979297638], "17": [4, 0.21682949922978878], "18": [4, 0.199070006608963], "19": [4, 0.20218228083103895], "20": [4, 0.20334522798657417], "21": [4, 0.2126171886920929], "22": [4, 0.19971559010446072], "23": [4, 0.20129016134887934], "24": [4, 0.20201156195253134], "25": [4, 0.20377980172634125], "26": [4, 0.20069722831249237], "27": [4, 0.20139699149876833], "28": [4, 0.2008741768077016], "29": [4, 0.20205636322498322], "30": [4, 0.21160388085991144], "31": [4, 0.19994243793189526], "32": [4, 0.2011218937113881], "33": [4, 0.2077642073854804], "34": [4, 0.20439309626817703], "35": [4, 0.20573664084076881], "36": [4, 0.20261429715901613], "37": [4, 0.20271251536905766], "38": [4, 0.21165561117231846], "39": [4, 0.20964375510811806], "40": [4, 0.2021922916173935], "41": [4, 0.2019678046926856], "42": [4, 0.20303922332823277], "43": [4, 0.2036768663674593], "44": [4, 0.20173135865479708], "45": [4, 0.20191444642841816], "46": [4, 0.20213023480027914], "47": [4, 0.20013658702373505], "48": [4, 0.20561583247035742], "49": [4, 0.20413101091980934], "50": [4, 0.20220662280917168], "51": [4, 0.20054215285927057], "52": [4, 0.2011653259396553], "53": [4, 0.20357160735875368], "54": [4, 0.21467124857008457], "55": [4, 0.2116866633296013], "56": [4, 0.20260753855109215], "57": [4, 0.20062146335840225], "58": [4, 0.20479802414774895], "59": [4, 0.2070890674367547], "60": [4, 0.2025617202743888], "61": [4, 0.20203625597059727], "62": [4, 0.20515333954244852], "63": [4, 0.20277490839362144], "64": [4, 0.20303996372967958], "65": [4, 0.21471507754176855], "66": [4, 0.19999234098941088], "67": [4, 0.19940999802201986], "68": [4, 0.2144609224051237], "69": [4, 0.20727004576474428], "70": [4, 0.20927713252604008], "71": [1, 0.14133792649954557]}], "tbt": [{"1": [1, 127, 0.08367024857081531], "2": [1, 127, 0.08395672209678202], "3": [1, 127, 0.08390306382198033], "4": [1, 127, 0.08255692002341503], "5": [1, 127, 0.08227596634368259], "6": [1, 127, 0.08522849262318039], "7": [1, 127, 0.08329846401970217], "8": [1, 127, 0.0826321218866767], "9": [1, 127, 0.08241920968825657], "10": [1, 127, 0.08247139565939979], "11": [1, 127, 0.08212285687574955], "12": [1, 127, 0.08203057996840693], "13": [1, 127, 0.08216939914942258], "14": [1, 127, 0.08183153804508954], "15": [1, 127, 0.08250916319510598], "16": [1, 127, 0.08227364016388815], "17": [1, 127, 0.0819559296827734], "18": [1, 127, 0.08198858917815478], "19": [1, 127, 0.08374915608593564], "20": [1, 127, 0.08495000863491785], "21": [1, 127, 0.08321474953077909], "22": [1, 127, 0.0830269647600848], "23": [1, 127, 0.08235987744433439], "24": [1, 127, 0.08211732307434316], "25": [1, 127, 0.08201097184425499], "26": [1, 127, 0.08215793802248915], "27": [1, 127, 0.0822624088829662], "28": [1, 127, 0.08280231619591084], "29": [1, 127, 0.08390520761654836], "30": [1, 127, 0.08344240126559349], "31": [1, 127, 0.0823444040404178], "32": [1, 127, 0.08346631665398756], "33": [1, 127, 0.08419658701250872], "34": [1, 127, 0.08448693599170587],