{"l17w1.0sml64mnt128": [{"batch_size": 1, "mean_ttft": 146043.59988123178, "std_ttft": 1303.027302677133, "mean_tbt": 87306.67761343671, "std_tbt": 174.0440375086632}, {"batch_size": 2, "mean_ttft": 161654.31724861264, "std_ttft": 5505.901345173555, "mean_tbt": 135623.91564073996, "std_tbt": 77.36979265438924}, {"batch_size": 4, "mean_ttft": 168267.02166348696, "std_ttft": 5394.178981315784, "mean_tbt": 135830.41491236273, "std_tbt": 144.79509574633838}]}