{
    "l26w1.0sml128": [
        {
            "batch_size": 1,
            "mean_ttft": 229037.96012202898,
            "std_ttft": 2703.951476881513,
            "mean_tbt": 134912.0893107001,
            "std_tbt": 724.8690468767925
        },
        {
            "batch_size": 2,
            "mean_ttft": 267483.2687402765,
            "std_ttft": 18728.804935153337,
            "mean_tbt": 208514.4890915432,
            "std_tbt": 108.16105707662764
        },
        {
            "batch_size": 4,
            "mean_ttft": 324444.16261795495,
            "std_ttft": 6979.4965629593835,
            "mean_tbt": 209627.63314153635,
            "std_tbt": 155.8579044084513
        }
    ]
}