{"ttft": [{"1": [1, 0.25617212802171707], "2": [1, 0.2206541383638978], "3": [1, 0.2206537565216422], "4": [1, 0.22111100237816572], "5": [1, 0.22123552951961756], "6": [1, 0.21760422177612782], "7": [1, 0.22212136071175337], "8": [1, 0.22198297083377838], "9": [1, 0.2218087324872613], "10": [1, 0.2177574187517166], "11": [1, 0.2233616141602397], "12": [1, 0.22277963999658823], "13": [1, 0.21815036237239838], "14": [1, 0.2216228013858199], "15": [1, 0.21913085039705038], "16": [1, 0.22115105763077736], "17": [1, 0.21851435583084822], "18": [1, 0.22231409326195717], "19": [1, 0.21878756303340197], "20": [1, 0.2205412108451128], "21": [1, 0.21792062278836966], "22": [1, 0.22036294359713793], "23": [1, 0.21843791380524635], "24": [1, 0.21880669984966516], "25": [1, 0.22327573783695698], "26": [1, 0.22198163345456123], "27": [1, 0.2190822260454297], "28": [1, 0.2186252698302269], "29": [1, 0.22306744940578938], "30": [1, 0.2194086005911231], "31": [1, 0.22000202350318432], "32": [1, 0.21911621280014515], "33": [1, 0.23268337920308113], "34": [1, 0.2210124908015132], "35": [1, 0.22073659300804138], "36": [1, 0.22185068111866713], "37": [1, 0.21798910479992628], "38": [1, 0.2220547180622816], "39": [1, 0.21784480568021536], "40": [1, 0.2210676996037364], "41": [1, 0.2182993283495307], "42": [1, 0.2200370691716671], "43": [1, 0.2202122574672103], "44": [1, 0.2171816611662507], "45": [1, 0.2231504926458001], "46": [1, 0.21807405073195696], "47": [1, 0.22088037803769112], "48": [1, 0.22123016323894262], "49": [1, 0.21755317598581314], "50": [1, 0.21905226819217205], "51": [1, 0.22273105569183826], "52": [1, 0.22359765600413084], "53": [1, 0.2184075741097331], "54": [1, 0.22018961422145367], "55": [1, 0.21916829608380795], "56": [1, 0.2234843261539936], "57": [1, 0.21842261403799057], "58": [1, 0.2193630924448371], "59": [1, 0.22167692612856627], "60": [1, 0.21801364701241255], "61": [1, 0.22026427090168], "62": [1, 0.22250710614025593], "63": [1, 0.2201159419491887], "64": [1, 0.2186878975480795], "65": [1, 0.22343715373426676], "66": [1, 0.21862506959587336], "67": [1, 0.2222363268956542], "68": [1, 0.2210084516555071], "69": [1, 0.2206581151112914], "70": [1, 0.21792188566178083], "71": [1, 0.22162707336246967]}, {"1": [2, 0.2710271393880248], "2": [2, 0.28817685414105654], "3": [2, 0.24415879510343075], "4": [2, 0.23490943014621735], "5": [2, 0.2532179607078433], "6": [2, 0.2774210134521127], "7": [2, 0.28255569469183683], "8": [2, 0.24319165386259556], "9": [2, 0.23867783416062593], "10": [2, 0.2498709373176098], "11": [2, 0.2404667939990759], "12": [2, 0.26709566451609135], "13": [2, 0.2548351837322116], "14": [2, 0.25584222190082073], "15": [2, 0.27609485015273094], "16": [2, 0.2390991123393178], "17": [2, 0.2863931804895401], "18": [2, 0.2379171857610345], "19": [2, 0.23814323265105486], "20": [2, 0.2801916804164648], "21": [2, 0.2507977169007063], "22": [2, 0.24035046622157097], "23": [2, 0.2413488645106554], "24": [2, 0.27318994142115116], "25": [2, 0.2415856821462512], "26": [2, 0.26850416231900454], "27": [2, 0.2616893509402871], "28": [2, 0.24637267645448446], "29": [2, 0.2471589371562004], "30": [2, 0.25762003753334284], "31": [2, 0.2818986978381872], "32": [2, 0.28674714267253876], "33": [2, 0.24200295470654964], "34": [2, 0.26669572200626135], "35": [2, 0.24352460727095604], "36": [2, 0.2775735864415765], "37": [2, 0.2780364900827408], "38": [2, 0.24227618146687746], "39": [2, 0.2785126743838191], "40": [2, 0.2916429042816162], "41": [2, 0.2549081537872553], "42": [2, 0.24216657038778067], "43": [2, 0.25051295571029186], "44": [2, 0.2425981955602765], "45": [2, 0.25677669141441584], "46": [2, 0.23613394889980555], "47": [2, 0.24906403943896294], "48": [2, 0.24000649340450764], "49": [2, 0.24225419759750366], "50": [2, 0.2572335135191679], "51": [2, 0.2398708937689662], "52": [2, 0.26809039898216724], "53": [2, 0.249196395277977], "54": [2, 0.24357630964368582], "55": [2, 0.24123168736696243], "56": [2, 0.2385754669085145], "57": [2, 0.2423674538731575], "58": [2, 0.2778762159869075], "59": [2, 0.24853685311973095], "60": [2, 0.2421439355239272], "61": [2, 0.23882440384477377], "62": [2, 0.24425884149968624], "63": [2, 0.27835615910589695], "64": [2, 0.28102207835763693], "65": [2, 0.24911862146109343], "66": [2, 0.24011596478521824], "67": [2, 0.27248483151197433], "68": [2, 0.24353942554444075], "69": [2, 0.2697101328521967], "70": [2, 0.2761738495901227], "71": [1, 0.22223061975091696]}, {"1": [4, 0.34170856326818466], "2": [4, 0.3147109551355243], "3": [4, 0.31556664500385523], "4": [4, 0.3259722450748086], "5": [4, 0.3112906627357006], "6": [4, 0.3159663015976548], "7": [4, 0.31484539341181517], "8": [4, 0.3128215866163373], "9": [4, 0.31238780077546835], "10": [4, 0.31057605240494013], "11": [4, 0.32176357228308916], "12": [4, 0.3124437304213643], "13": [4, 0.3117585377767682], "14": [4, 0.3118906458839774], "15": [4, 0.3133738087490201], "16": [4, 0.31401325203478336], "17": [4, 0.3130395822227001], "18": [4, 0.3085702434182167], "19": [4, 0.3105369424447417], "20": [4, 0.31288025341928005], "21": [4, 0.3132445402443409], "22": [4, 0.3110877349972725], "23": [4, 0.314924880862236], "24": [4, 0.30904094874858856], "25": [4, 0.30917596723884344], "26": [4, 0.3106779297813773], "27": [4, 0.3128647133708], "28": [4, 0.3138663927093148], "29": [4, 0.3172248341143131], "30": [4, 0.31455689389258623], "31": [4, 0.3125864276662469], "32": [4, 0.3136298656463623], "33": [4, 0.31617689598351717], "34": [4, 0.31259504705667496], "35": [4, 0.31273017451167107], "36": [4, 0.3143605161458254], "37": [4, 0.3090923270210624], "38": [4, 0.32688218355178833], "39": [4, 0.31073656026273966], "40": [4, 0.30828326754271984], "41": [4, 0.31173587776720524], "42": [4, 0.32010102178901434], "43": [4, 0.3163912948220968], "44": [4, 0.31265617720782757], "45": [4, 0.3135391967371106], "46": [4, 0.31139619182795286], "47": [4, 0.3171109762042761], "48": [4, 0.3109969459474087], "49": [4, 0.31227902229875326], "50": [4, 0.30767857376486063], "51": [4, 0.3105370905250311], "52": [4, 0.3082455787807703], "53": [4, 0.31340472772717476], "54": [4, 0.30800258181989193], "55": [4, 0.316054318100214], "56": [4, 0.3082288075238466], "57": [4, 0.3151702368631959], "58": [4, 0.31157517712563276], "59": [4, 0.3119803015142679], "60": [4, 0.31029207073152065], "61": [4, 0.3127623237669468], "62": [4, 0.30826439522206783], "63": [4, 0.31253222562372684], "64": [4, 0.31280450243502855], "65": [4, 0.3109570238739252], "66": [4, 0.3093954725190997], "67": [4, 0.3160528941079974], "68": [4, 0.31018617283552885], "69": [4, 0.31666087731719017], "70": [4, 0.3076084526255727], "71": [1, 0.21818883251398802]}], "tbt": [{"1": [1, 255, 0.1309766756881978], "2": [1, 255, 0.13040203339986356], "3": [1, 255, 0.1303351386760672], "4": [1, 255, 0.13034695555620335], "5": [1, 255, 0.13044885351669555], "6": [1, 255, 0.13037903220118846], "7": [1, 255, 0.13048896673409377], "8": [1, 255, 0.13054696893429055], "9": [1, 255, 0.13086250835627902], "10": [1, 255, 0.1305598002876721], "11": [1, 255, 0.13061631852578298], "12": [1, 255, 0.13051115190062454], "13": [1, 255, 0.13049320224672556], "14": [1, 255, 0.13053043498201114], "15": [1, 255, 0.13055584855815944], "16": [1, 255, 0.13067933452114755], "17": [1, 255, 0.13050579729617812], "18": [1, 255, 0.1305610108937995], "19": [1, 255, 0.13036457982425595], "20": [1, 255, 0.13034447674803873], "21": [1, 255, 0.13040768465794184], "22": [1, 255, 0.13041305600793338], "23": [1, 255, 0.13039623267364267], "24": [1, 255, 0.1304832552979682], "25": [1, 255, 0.13041213069330243], "26": [1, 255, 0.13036457460884954], "27": [1, 255, 0.13041480589731066], "28": [1, 255, 0.13048222698271275], "29": [1, 255, 0.13015920532611655], "30": [1, 255, 0.13036438210995174], "31": [1, 255, 0.13036171612055864], "32": [1, 255, 0.13321889103846807], "33": [1, 255, 0.13337030454593546], "34": [1, 255, 0.13134907260171924], "35": [1, 255, 0.13091214809420645],