{"ttft": [{"1": [1, 0.4002138199284673], "2": [1, 0.24670670740306377], "3": [1, 0.24530184362083673], "4": [1, 0.24699073284864426], "5": [1, 0.24351644422858953], "6": [1, 0.2448193384334445], "7": [1, 0.24969003070145845], "8": [1, 0.2485555736348033], "9": [1, 0.2459538746625185], "10": [1, 0.24389556888490915], "11": [1, 0.2427951106801629], "12": [1, 0.24149319622665644], "13": [1, 0.2451570937409997], "14": [1, 0.24194488115608692], "15": [1, 0.24171924404799938], "16": [1, 0.24659294728189707], "17": [1, 0.2454489404335618], "18": [1, 0.24692017305642366], "19": [1, 0.25149480905383825], "20": [1, 0.25075049698352814], "21": [1, 0.2835359312593937], "22": [1, 0.2474676063284278], "23": [1, 0.24766975361853838], "24": [1, 0.2463333671912551], "25": [1, 0.24450166057795286], "26": [1, 0.25103274267166853], "27": [1, 0.2427420513704419], "28": [1, 0.24088820163160563], "29": [1, 0.24074974469840527], "30": [1, 0.24233233463019133], "31": [1, 0.2525805253535509], "32": [1, 0.24055326730012894], "33": [1, 0.2418487910181284], "34": [1, 0.24434799142181873], "35": [1, 0.24084597267210484], "36": [1, 0.24239950347691774], "37": [1, 0.24440804962068796], "38": [1, 0.24157102312892675], "39": [1, 0.2415578132495284], "40": [1, 0.24717642832547426], "41": [1, 0.24335350282490253], "42": [1, 0.24970730673521757], "43": [1, 0.24781296029686928], "44": [1, 0.24914048332720995], "45": [1, 0.24497243203222752], "46": [1, 0.24716686643660069], "47": [1, 0.24791603814810514], "48": [1, 0.2432035431265831], "49": [1, 0.24195529893040657], "50": [1, 0.2466650614514947], "51": [1, 0.24968668539077044], "52": [1, 0.24179458804428577], "53": [1, 0.24240592028945684], "54": [1, 0.24821532424539328], "55": [1, 0.24687597900629044], "56": [1, 0.2454875549301505], "57": [1, 0.25174651201814413], "58": [1, 0.24833745136857033], "59": [1, 0.24829402193427086], "60": [1, 0.24554147571325302], "61": [1, 0.24090490769594908], "62": [1, 0.2438041241839528], "63": [1, 0.25367039907723665], "64": [1, 0.244357087649405], "65": [1, 0.2452419763430953], "66": [1, 0.24702534638345242], "67": [1, 0.24762229900807142], "68": [1, 0.24955751560628414], "69": [1, 0.24407219048589468], "70": [1, 0.2448321608826518], "71": [1, 0.2501687491312623]}, {"1": [2, 0.290149980224669], "2": [2, 0.26685552205890417], "3": [2, 0.27947053499519825], "4": [2, 0.28250346798449755], "5": [2, 0.288328611291945], "6": [2, 0.3119004340842366], "7": [2, 0.2843033466488123], "8": [2, 0.2716617863625288], "9": [2, 0.2806291002780199], "10": [2, 0.26493673492223024], "11": [2, 0.26549464743584394], "12": [2, 0.2870817231014371], "13": [2, 0.272882959805429], "14": [2, 0.2847477002069354], "15": [2, 0.2781327171251178], "16": [2, 0.29290172550827265], "17": [2, 0.2727720309048891], "18": [2, 0.26807614509016275], "19": [2, 0.26999973226338625], "20": [2, 0.27489136438816786], "21": [2, 0.2841018168255687], "22": [2, 0.2870494620874524], "23": [2, 0.2756524095311761], "24": [2, 0.28647786285728216], "25": [2, 0.27097482420504093], "26": [2, 0.2641902333125472], "27": [2, 0.2845373749732971], "28": [2, 0.2658759346231818], "29": [2, 0.2735635032877326], "30": [2, 0.2738780090585351], "31": [2, 0.26419319305568933], "32": [2, 0.26416214276105165], "33": [2, 0.2813613712787628], "34": [2, 0.2826894158497453], "35": [2, 0.26196925807744265], "36": [2, 0.2778188409283757], "37": [2, 0.2925231587141752], "38": [2, 0.30276177916675806], "39": [2, 0.2886076048016548], "40": [2, 0.2678289581090212], "41": [2, 0.2965482510626316], "42": [2, 0.285717798396945], "43": [2, 0.28344971407204866], "44": [2, 0.28238469548523426], "45": [2, 0.26350007858127356], "46": [2, 0.2766309343278408], "47": [2, 0.26586459018290043], "48": [2, 0.27190967835485935], "49": [2, 0.26301215309649706], "50": [2, 0.28375437017530203], "51": [2, 0.26754255034029484], "52": [2, 0.26809485349804163], "53": [2, 0.29275382217019796], "54": [2, 0.26836160011589527], "55": [2, 0.2783626625314355], "56": [2, 0.2718925280496478], "57": [2, 0.2884633932262659], "58": [2, 0.26585901249200106], "59": [2, 0.26452915742993355], "60": [2, 0.2712890477851033], "61": [2, 0.2861433541402221], "62": [2, 0.268402760848403], "63": [2, 0.2811807319521904], "64": [2, 0.27109767962247133], "65": [2, 0.2824294865131378], "66": [2, 0.28245279751718044], "67": [2, 0.28446139208972454], "68": [2, 0.2850801954045892], "69": [2, 0.271334576420486], "70": [2, 0.2796120988205075], "71": [1, 0.2677534567192197]}, {"1": [4, 0.38118281960487366], "2": [4, 0.3474802430719137], "3": [4, 0.3434392912313342], "4": [4, 0.3441739222034812], "5": [4, 0.35010174196213484], "6": [4, 0.36748751904815435], "7": [4, 0.3425259608775377], "8": [4, 0.36579175759106874], "9": [4, 0.3843826912343502], "10": [4, 0.34365463722497225], "11": [4, 0.3627021638676524], "12": [4, 0.3431099820882082], "13": [4, 0.348035323433578], "14": [4, 0.3658413551747799], "15": [4, 0.3485545180737972], "16": [4, 0.3558129519224167], "17": [4, 0.3492808388546109], "18": [4, 0.34641184378415346], "19": [4, 0.3483136584982276], "20": [4, 0.34347405657172203], "21": [4, 0.3692392148077488], "22": [4, 0.347910082899034], "23": [4, 0.34834162797778845], "24": [4, 0.3464095713570714], "25": [4, 0.35441481694579124], "26": [4, 0.3494730945676565], "27": [4, 0.35237251967191696], "28": [4, 0.34726678021252155], "29": [4, 0.35241369903087616], "30": [4, 0.36665191128849983], "31": [4, 0.34702374041080475], "32": [4, 0.3453546417877078], "33": [4, 0.34925768431276083], "34": [4, 0.3487863792106509], "35": [4, 0.35399465821683407], "36": [4, 0.3495665602385998], "37": [4, 0.3490751162171364], "38": [4, 0.36319394037127495], "39": [4, 0.364478824660182], "40": [4, 0.3431374030187726], "41": [4, 0.34448776859790087], "42": [4, 0.34436635952442884], "43": [4, 0.3546250890940428], "44": [4, 0.3478288874030113], "45": [4, 0.3462401069700718], "46": [4, 0.3514916440472007], "47": [4, 0.3447810923680663], "48": [4, 0.353308011777699], "49": [4, 0.34342683758586645], "50": [4, 0.3446538234129548], "51": [4, 0.34126291144639254], "52": [4, 0.34436447639018297], "53": [4, 0.34164823684841394], "54": [4, 0.36500858422368765], "55": [4, 0.3408440565690398], "56": [4, 0.35110784508287907], "57": [4, 0.34733057860285044], "58": [4, 0.34330125618726015], "59": [4, 0.34205467998981476], "60": [4, 0.3445162810385227], "61": [4, 0.3430398879572749], "62": [4, 0.35122054163366556], "63": [4, 0.3435742361471057], "64": [4, 0.35650177486240864], "65": [4, 0.3488033339381218], "66": [4, 0.35379145480692387], "67": [4, 0.35370955523103476], "68": [4, 0.38008307944983244], "69": [4, 0.35486429184675217], "70": [4, 0.35437254700809717], "71": [1, 0.24991110153496265]}], "tbt": [{"1": [1, 127, 0.1455504776044624], "2": [1, 127, 0.14480700455312653], "3": [1, 127, 0.14803731678361734], "4": [1, 127, 0.14701424583088696], "5": [1, 127, 0.14503521103353248], "6": [1, 127, 0.1463447017595172], "7": [1, 127, 0.14634239218953088], "8": [1, 127, 0.14835223075237094], "9": [1, 127, 0.14592861069557], "10": [1, 127, 0.14488062021271217], "11": [1, 127, 0.14489842166640157], "12": [1, 127, 0.1447725770995021], "13": [1, 127, 0.1459492471025098], "14": [1, 127, 0.1446001266283313], "15": [1, 127, 0.14575057631490504], "16": [1, 127, 0.1480631796408474], "17": [1, 127, 0.1472387796737195], "18": [1, 127, 0.1472391917289594], "19": [1, 127, 0.14604417872651826], "20": [1, 127, 0.15006033892149295], "21": [1, 127, 0.14744682380504262], "22": [1, 127, 0.14946471422353363], "23": [1, 127, 0.1455458091337263], "24": [1, 127, 0.1459414631450974], "25": [1, 127, 0.15026979532650137], "26": [1, 127, 0.14810329762940097], "27": [1, 127, 0.14497899255297314], "28": [1, 127, 0.14501843872062098], "29": [1, 127, 0.1444929179948146], "30": [1, 127, 0.1443782950289489], "31": [1, 127, 0.14450115815362358], "32": [1, 127, 0.14462600151208913], "33": [1, 127, 0.14472781387194406], "34": [1, 127, 0.14452910017016835], "35": [1, 127, 0.14467727592376273],