{
    "l22w1.0sml128mnt256": [
        {
            "batch_size": 1,
            "mean_ttft": 196343.5699045658,
            "std_ttft": 2302.9170989569557,
            "mean_tbt": 115790.44913602811,
            "std_tbt": 750.2848163527092
        },
        {
            "batch_size": 2,
            "mean_ttft": 232422.38787934184,
            "std_ttft": 20575.199956153556,
            "mean_tbt": 177737.4063302927,
            "std_tbt": 447.6891823229022
        },
        {
            "batch_size": 4,
            "mean_ttft": 275745.5210387707,
            "std_ttft": 2938.569781929189,
            "mean_tbt": 178544.99888222886,
            "std_tbt": 114.21071105022087
        }
    ]
}