{"ttft": [{"1": [1, 0.3229059483855963], "2": [1, 0.16374231781810522], "3": [1, 0.16038168780505657], "4": [1, 0.15911089442670345], "5": [1, 0.15528948046267033], "6": [1, 0.15506116300821304], "7": [1, 0.1567035038024187], "8": [1, 0.15486466698348522], "9": [1, 0.15448208060115576], "10": [1, 0.15569325722754002], "11": [1, 0.1540289670228958], "12": [1, 0.15704795066267252], "13": [1, 0.15538834128528833], "14": [1, 0.15663206577301025], "15": [1, 0.1543783424422145], "16": [1, 0.15567201655358076], "17": [1, 0.15676600579172373], "18": [1, 0.15774150285869837], "19": [1, 0.15464580059051514], "20": [1, 0.15515766385942698], "21": [1, 0.15538919251412153], "22": [1, 0.15634498931467533], "23": [1, 0.15562507882714272], "24": [1, 0.15421579591929913], "25": [1, 0.15672168601304293], "26": [1, 0.15482899826020002], "27": [1, 0.1562038529664278], "28": [1, 0.15647649951279163], "29": [1, 0.15804565139114857], "30": [1, 0.1553568346425891], "31": [1, 0.1555873416364193], "32": [1, 0.15640329103916883], "33": [1, 0.15631030220538378], "34": [1, 0.15608306508511305], "35": [1, 0.15653344336897135], "36": [1, 0.15545454528182745], "37": [1, 0.15781550761312246], "38": [1, 0.15651590283960104], "39": [1, 0.15525758732110262], "40": [1, 0.15688904747366905], "41": [1, 0.15541861578822136], "42": [1, 0.15571938082575798], "43": [1, 0.1572867427021265], "44": [1, 0.15591722913086414], "45": [1, 0.1554155545309186], "46": [1, 0.15550519432872534], "47": [1, 0.15620163455605507], "48": [1, 0.1571900825947523], "49": [1, 0.15523936599493027], "50": [1, 0.1567791374400258], "51": [1, 0.1542558977380395], "52": [1, 0.15624939370900393], "53": [1, 0.1540895588696003], "54": [1, 0.15399367082864046], "55": [1, 0.15588769875466824], "56": [1, 0.15502226818352938], "57": [1, 0.15694888401776552], "58": [1, 0.1551389954984188], "59": [1, 0.15658292826265097], "60": [1, 0.15417763777077198], "61": [1, 0.15455634240061045], "62": [1, 0.15697305276989937], "63": [1, 0.15516840480268002], "64": [1, 0.1562793105840683], "65": [1, 0.15563303790986538], "66": [1, 0.15407132729887962], "67": [1, 0.15538608189672232], "68": [1, 0.1573396995663643], "69": [1, 0.15626379940658808], "70": [1, 0.15673890430480242], "71": [1, 0.1535346433520317]}, {"1": [2, 0.20851052273064852], "2": [2, 0.16615252289921045], "3": [2, 0.17584500834345818], "4": [2, 0.16165070608258247], "5": [2, 0.17697305511683226], "6": [2, 0.16516341548413038], "7": [2, 0.16514411382377148], "8": [2, 0.1778855323791504], "9": [2, 0.17511182557791471], "10": [2, 0.16936296317726374], "11": [2, 0.17560841888189316], "12": [2, 0.17349963448941708], "13": [2, 0.16175817232578993], "14": [2, 0.17656181659549475], "15": [2, 0.17393448762595654], "16": [2, 0.17463108990341425], "17": [2, 0.16826208494603634], "18": [2, 0.17474682815372944], "19": [2, 0.16281711868941784], "20": [2, 0.1770730698481202], "21": [2, 0.16293050721287727], "22": [2, 0.1604395965114236], "23": [2, 0.17315093614161015], "24": [2, 0.17650459613651037], "25": [2, 0.17619834002107382], "26": [2, 0.16282663773745298], "27": [2, 0.16514849103987217], "28": [2, 0.16433207970112562], "29": [2, 0.16096101980656385], "30": [2, 0.16082423087209463], "31": [2, 0.16428310982882977], "32": [2, 0.16201487556099892], "33": [2, 0.17469902522861958], "34": [2, 0.16352779790759087], "35": [2, 0.1787828067317605], "36": [2, 0.17372756637632847], "37": [2, 0.1737016374245286], "38": [2, 0.18169942125678062], "39": [2, 0.17323104199022055], "40": [2, 0.1737410258501768], "41": [2, 0.1728310864418745], "42": [2, 0.1775453006848693], "43": [2, 0.17160606011748314], "44": [2, 0.1621546931564808], "45": [2, 0.1667574681341648], "46": [2, 0.16118137445300817], "47": [2, 0.16613723523914814], "48": [2, 0.16397306136786938], "49": [2, 0.16462895274162292], "50": [2, 0.17803998291492462], "51": [2, 0.16238221898674965], "52": [2, 0.16439000517129898], "53": [2, 0.16433350555598736], "54": [2, 0.1766028506681323], "55": [2, 0.17681848630309105], "56": [2, 0.1656483393162489], "57": [2, 0.16316385846585035], "58": [2, 0.16112858429551125], "59": [2, 0.16489910706877708], "60": [2, 0.1781503902748227], "61": [2, 0.16248752735555172], "62": [2, 0.16808786522597075], "63": [2, 0.1677900366485119], "64": [2, 0.16328537836670876], "65": [2, 0.17744171619415283], "66": [2, 0.18072342779487371], "67": [2, 0.16721437126398087], "68": [2, 0.16148932464420795], "69": [2, 0.1793741500005126], "70": [2, 0.16561635676771402], "71": [1, 0.15381451044231653]}, {"1": [4, 0.20420332439243793], "2": [4, 0.17438629362732172], "3": [4, 0.18063215259462595], "4": [4, 0.18700524792075157], "5": [4, 0.17624281998723745], "6": [4, 0.17623880878090858], "7": [4, 0.18878670502454042], "8": [4, 0.17361936811357737], "9": [4, 0.17712779715657234], "10": [4, 0.1835255641490221], "11": [4, 0.18041915819048882], "12": [4, 0.1875798236578703], "13": [4, 0.17472599260509014], "14": [4, 0.17986831162124872], "15": [4, 0.17611926514655352], "16": [4, 0.17894697096198797], "17": [4, 0.1738631185144186], "18": [4, 0.17787754256278276], "19": [4, 0.1754862479865551], "20": [4, 0.17898614797741175], "21": [4, 0.17781538050621748], "22": [4, 0.17871669959276915], "23": [4, 0.17998476419597864], "24": [4, 0.18296331819146872], "25": [4, 0.1794121889397502], "26": [4, 0.17173792701214552], "27": [4, 0.17634366359561682], "28": [4, 0.18407862354069948], "29": [4, 0.17798999324440956], "30": [4, 0.17493909783661366], "31": [4, 0.18287464510649443], "32": [4, 0.17397050838917494], "33": [4, 0.18077507801353931], "34": [4, 0.1753368591889739], "35": [4, 0.17479919642210007], "36": [4, 0.17638258635997772], "37": [4, 0.18918367754667997], "38": [4, 0.17715658713132143], "39": [4, 0.1786166885867715], "40": [4, 0.17453364748507738], "41": [4, 0.17499594017863274], "42": [4, 0.17603628803044558], "43": [4, 0.17659569066017866], "44": [4, 0.17259957641363144], "45": [4, 0.1745114540681243], "46": [4, 0.17303700000047684], "47": [4, 0.18127319402992725], "48": [4, 0.1770164594054222], "49": [4, 0.17409404087811708], "50": [4, 0.1748406896367669], "51": [4, 0.17948734760284424], "52": [4, 0.1781334923580289], "53": [4, 0.17726369947195053], "54": [4, 0.18368401657789946], "55": [4, 0.17802582867443562], "56": [4, 0.17525504063814878], "57": [4, 0.18166333623230457], "58": [4, 0.1746933339163661], "59": [4, 0.17340237740427256], "60": [4, 0.18565212842077017], "61": [4, 0.1720820190384984], "62": [4, 0.17163943406194448], "63": [4, 0.17874242179095745], "64": [4, 0.17354209162294865], "65": [4, 0.17300800420343876], "66": [4, 0.18368271365761757], "67": [4, 0.17520987894386053], "68": [4, 0.1754936845973134], "69": [4, 0.18049980700016022], "70": [4, 0.17410707846283913], "71": [1, 0.1560006821528077]}], "tbt": [{"1": [1, 127, 0.09575621361338248], "2": [1, 127, 0.09511248105183595], "3": [1, 127, 0.09504261224229973], "4": [1, 127, 0.09490338696797532], "5": [1, 127, 0.09504257332474932], "6": [1, 127, 0.09490530314583948], "7": [1, 127, 0.09475044190414308], "8": [1, 127, 0.0945509677591521], "9": [1, 127, 0.09450028957725745], "10": [1, 127, 0.0944023242616278], "11": [1, 127, 0.09446148308888665], "12": [1, 127, 0.09442830060088024], "13": [1, 127, 0.09448614999593243], "14": [1, 127, 0.09452852808437713], "15": [1, 127, 0.09478098344732458], "16": [1, 127, 0.09466554943882809], "17": [1, 127, 0.09492547879010205], "18": [1, 127, 0.09555135550725413], "19": [1, 127, 0.09461145865635609], "20": [1, 127, 0.09446172680207125], "21": [1, 127, 0.09468907711103441], "22": [1, 127, 0.09463565746747603], "23": [1, 127, 0.09469590619881088], "24": [1, 127, 0.0948356550524202], "25": [1, 127, 0.09479030176967852], "26": [1, 127, 0.09452718900384631], "27": [1, 127, 0.0945763079464201], "28": [1, 127, 0.09469668498248096], "29": [1, 127, 0.09458938961129958], "30": [1, 127, 0.09470330153804594], "31": [1, 127, 0.09466137552237887], "32": [1, 127, 0.09444128303957267], "33": [1, 127, 0.09417972349979746],