{"l25w1.0sml64mnt128": [{"batch_size": 1, "mean_ttft": 211973.85234758258, "std_ttft": 1539.2270819028663, "mean_tbt": 129287.23573523363, "std_tbt": 445.1343146764767}, {"batch_size": 2, "mean_ttft": 228485.30253395438, "std_ttft": 8154.8664567015285, "mean_tbt": 200287.61547924142, "std_tbt": 147.78130331952508}, {"batch_size": 4, "mean_ttft": 243301.8021658063, "std_ttft": 7609.843643926465, "mean_tbt": 200305.99950277433, "std_tbt": 345.9477626226053}]}