{"l24w1.0": [{"batch_size": 1, "mean_ttft": 226529.8161862625, "std_ttft": 1399.843615567323, "mean_tbt": 124507.16112279746, "std_tbt": 97.52130468435313}, {"batch_size": 2, "mean_ttft": 313656.6238891747, "std_ttft": 15496.142752835345, "mean_tbt": 192638.9419254979, "std_tbt": 136.93636095776407}, {"batch_size": 4, "mean_ttft": 458375.29802487954, "std_ttft": 5876.541709220507, "mean_tbt": 196002.36504117516, "std_tbt": 224.92946286983636}]}