{
    "l23w1.0sml128mnt256": [
        {
            "batch_size": 1,
            "mean_ttft": 203174.8072989285,
            "std_ttft": 1418.3055803860138,
            "mean_tbt": 120181.20846561357,
            "std_tbt": 243.27908886175638
        },
        {
            "batch_size": 2,
            "mean_ttft": 238390.372954309,
            "std_ttft": 15878.119378095711,
            "mean_tbt": 185544.2255084567,
            "std_tbt": 163.2995366892623
        },
        {
            "batch_size": 4,
            "mean_ttft": 287528.29525619745,
            "std_ttft": 2780.86757534531,
            "mean_tbt": 186615.95368217316,
            "std_tbt": 438.65190188844736
        }
    ]
}