{
    "l25w1.0sml128mnt256": [
        {
            "batch_size": 1,
            "mean_ttft": 220430.2934370935,
            "std_ttft": 2524.341627535184,
            "mean_tbt": 130612.23087664328,
            "std_tbt": 588.3381698591443
        },
        {
            "batch_size": 2,
            "mean_ttft": 255485.06950959563,
            "std_ttft": 15843.352317567156,
            "mean_tbt": 201349.71166701586,
            "std_tbt": 273.7540528839239
        },
        {
            "batch_size": 4,
            "mean_ttft": 312566.77221506834,
            "std_ttft": 3520.6695608186324,
            "mean_tbt": 202486.930416203,
            "std_tbt": 400.68159963030877
        }
    ]
}