{"l23w1.0sml64": [{"batch_size": 1, "mean_ttft": 194045.4627904627, "std_ttft": 1720.656591551716, "mean_tbt": 117841.32908794352, "std_tbt": 137.96375468388968}, {"batch_size": 2, "mean_ttft": 228871.05515433682, "std_ttft": 19258.07642092682, "mean_tbt": 182836.4183861673, "std_tbt": 118.01725002541625}, {"batch_size": 4, "mean_ttft": 220986.07590628995, "std_ttft": 7317.27447972652, "mean_tbt": 183400.52890735387, "std_tbt": 167.30864733938725}]}