{"ttft": [{"1": [1, 0.40869997534900904], "2": [1, 0.26538274344056845], "3": [1, 0.2639639237895608], "4": [1, 0.2611910654231906], "5": [1, 0.26302612386643887], "6": [1, 0.2621031356975436], "7": [1, 0.260897820815444], "8": [1, 0.26382046565413475], "9": [1, 0.2669478300958872], "10": [1, 0.2622824553400278], "11": [1, 0.26380954775959253], "12": [1, 0.26261069159954786], "13": [1, 0.2635860312730074], "14": [1, 0.2640712456777692], "15": [1, 0.26235121581703424], "16": [1, 0.26161650475114584], "17": [1, 0.2642762139439583], "18": [1, 0.265512109734118], "19": [1, 0.2631018990650773], "20": [1, 0.26727388985455036], "21": [1, 0.2620281232520938], "22": [1, 0.2633261075243354], "23": [1, 0.26221164129674435], "24": [1, 0.26386683247983456], "25": [1, 0.2632980393245816], "26": [1, 0.26333918888121843], "27": [1, 0.27435989771038294], "28": [1, 0.26169613748788834], "29": [1, 0.2671273984014988], "30": [1, 0.2647811956703663], "31": [1, 0.2605802370235324], "32": [1, 0.26293318904936314], "33": [1, 0.2633322551846504], "34": [1, 0.26198619045317173], "35": [1, 0.26384921837598085], "36": [1, 0.26456556003540754], "37": [1, 0.26106942258775234], "38": [1, 0.26289294101297855], "39": [1, 0.2659990144893527], "40": [1, 0.2610625736415386], "41": [1, 0.26456829253584146], "42": [1, 0.2626129360869527], "43": [1, 0.2616044180467725], "44": [1, 0.26269227359443903], "45": [1, 0.26478215027600527], "46": [1, 0.2647149218246341], "47": [1, 0.26338990684598684], "48": [1, 0.265371804125607], "49": [1, 0.2630059029906988], "50": [1, 0.2659443886950612], "51": [1, 0.26310741156339645], "52": [1, 0.26455272547900677], "53": [1, 0.2652531173080206], "54": [1, 0.26355028711259365], "55": [1, 0.26533039566129446], "56": [1, 0.26297277584671974], "57": [1, 0.2641771314665675], "58": [1, 0.2646308168768883], "59": [1, 0.2631475441157818], "60": [1, 0.26325793378055096], "61": [1, 0.263003115542233], "62": [1, 0.2634576503187418], "63": [1, 0.2630541045218706], "64": [1, 0.2657212344929576], "65": [1, 0.2641223631799221], "66": [1, 0.26220982428640127], "67": [1, 0.2639166945591569], "68": [1, 0.26562583446502686], "69": [1, 0.2636457271873951], "70": [1, 0.26502104103565216], "71": [1, 0.2608447801321745]}, {"1": [2, 0.30974791664630175], "2": [2, 0.28802705742418766], "3": [2, 0.28949720971286297], "4": [2, 0.2881258763372898], "5": [2, 0.2997578205540776], "6": [2, 0.2881252355873585], "7": [2, 0.3115176912397146], "8": [2, 0.33046106062829494], "9": [2, 0.29880847968161106], "10": [2, 0.3345453720539808], "11": [2, 0.29690233152359724], "12": [2, 0.30296572018414736], "13": [2, 0.33851588424295187], "14": [2, 0.28405344020575285], "15": [2, 0.3060087142512202], "16": [2, 0.2847013818100095], "17": [2, 0.28487126901745796], "18": [2, 0.31679415609687567], "19": [2, 0.3363320380449295], "20": [2, 0.3362631481140852], "21": [2, 0.33587645180523396], "22": [2, 0.2890155706554651], "23": [2, 0.2868665736168623], "24": [2, 0.30375830736011267], "25": [2, 0.31230128556489944], "26": [2, 0.2884448254480958], "27": [2, 0.3292387677356601], "28": [2, 0.28286605048924685], "29": [2, 0.3168356027454138], "30": [2, 0.28730278834700584], "31": [2, 0.2869395921006799], "32": [2, 0.30036723520606756], "33": [2, 0.288482453674078], "34": [2, 0.3151836497709155], "35": [2, 0.2838812032714486], "36": [2, 0.2844606367871165], "37": [2, 0.3335984004661441], "38": [2, 0.3081790320575237], "39": [2, 0.33796887658536434], "40": [2, 0.32941651437431574], "41": [2, 0.33874036744236946], "42": [2, 0.33305537328124046], "43": [2, 0.3166672708466649], "44": [2, 0.3305009100586176], "45": [2, 0.29314745031297207], "46": [2, 0.3333409670740366], "47": [2, 0.2922516204416752], "48": [2, 0.336612886749208], "49": [2, 0.28578458447009325], "50": [2, 0.3354006800800562], "51": [2, 0.2929449509829283], "52": [2, 0.2984088594093919], "53": [2, 0.34031988959759474], "54": [2, 0.29092416260391474], "55": [2, 0.32192476745694876], "56": [2, 0.3296727081760764], "57": [2, 0.29408812429755926], "58": [2, 0.302388746291399], "59": [2, 0.2911935243755579], "60": [2, 0.33631436713039875], "61": [2, 0.3011987777426839], "62": [2, 0.3050733534619212], "63": [2, 0.33478724118322134], "64": [2, 0.30838534142822027], "65": [2, 0.3225949490442872], "66": [2, 0.2911860095337033], "67": [2, 0.2851316975429654], "68": [2, 0.3398607671260834], "69": [2, 0.3325690748170018], "70": [2, 0.28174050617963076], "71": [1, 0.2674124576151371]}, {"1": [4, 0.3973395014181733], "2": [4, 0.37213993817567825], "3": [4, 0.3873319234699011], "4": [4, 0.3710708376020193], "5": [4, 0.37279548682272434], "6": [4, 0.3748523611575365], "7": [4, 0.3725409675389528], "8": [4, 0.4193959180265665], "9": [4, 0.37639584951102734], "10": [4, 0.3734486345201731], "11": [4, 0.37528548017144203], "12": [4, 0.3759458316490054], "13": [4, 0.36927133798599243], "14": [4, 0.3719539372250438], "15": [4, 0.3743009576573968], "16": [4, 0.37119247298687696], "17": [4, 0.37123149167746305], "18": [4, 0.3715799069032073], "19": [4, 0.3721081893891096], "20": [4, 0.368910176679492], "21": [4, 0.37102633994072676], "22": [4, 0.3751569213345647], "23": [4, 0.3720628162845969], "24": [4, 0.36994051933288574], "25": [4, 0.3678650427609682], "26": [4, 0.37283784337341785], "27": [4, 0.4062747089192271], "28": [4, 0.37182533368468285], "29": [4, 0.36818521562963724], "30": [4, 0.3707328150048852], "31": [4, 0.3738363590091467], "32": [4, 0.37600629311054945], "33": [4, 0.3730859076604247], "34": [4, 0.36981559451669455], "35": [4, 0.3745522992685437], "36": [4, 0.3733131214976311], "37": [4, 0.379508969374001], "38": [4, 0.3845143923535943], "39": [4, 0.3729333421215415], "40": [4, 0.38087411038577557], "41": [4, 0.3721177587285638], "42": [4, 0.372610691934824], "43": [4, 0.3710829894989729], "44": [4, 0.37144160456955433], "45": [4, 0.37483084481209517], "46": [4, 0.36885939072817564], "47": [4, 0.37145879957824945], "48": [4, 0.37166102696210146], "49": [4, 0.37282996252179146], "50": [4, 0.370522147975862], "51": [4, 0.3724448150023818], "52": [4, 0.3697824738919735], "53": [4, 0.37318423483520746], "54": [4, 0.3689525034278631], "55": [4, 0.3717330200597644], "56": [4, 0.37058540247380733], "57": [4, 0.3723826399073005], "58": [4, 0.3710215650498867], "59": [4, 0.3745462838560343], "60": [4, 0.3699120059609413], "61": [4, 0.3727292828261852], "62": [4, 0.37048431672155857], "63": [4, 0.37742071878165007], "64": [4, 0.3729819171130657], "65": [4, 0.3698298819363117], "66": [4, 0.37646382581442595], "67": [4, 0.3721358049660921], "68": [4, 0.37079507019370794], "69": [4, 0.38144957553595304], "70": [4, 0.36794320959597826], "71": [1, 0.2666021268814802]}], "tbt": [{"1": [1, 255, 0.1572797410153583], "2": [1, 255, 0.1569512334487894], "3": [1, 255, 0.15674085953072006], "4": [1, 255, 0.15712469641630555], "5": [1, 255, 0.15712594186485399], "6": [1, 255, 0.15695495481292407], "7": [1, 255, 0.15754703850503646], "8": [1, 255, 0.15727495065360678], "9": [1, 255, 0.15713219317224095], "10": [1, 255, 0.16024047709709288], "11": [1, 255, 0.15762031673289398], "12": [1, 255, 0.1571895110366099], "13": [1, 255, 0.15738880990767012], "14": [1, 255, 0.1573984996689593], "15": [1, 255, 0.1571880061215922], "16": [1, 255, 0.15772053137713787], "17": [1, 255, 0.15701622762078163], "18": [1, 255, 0.1577922978201041], "19": [1, 255, 0.15760118889384994], "20": [1, 255, 0.15708250523563108], "21": [1, 255, 0.15731053838104594], "22": [1, 255, 0.15730297115138347], "23": [1, 255, 0.1571426792983331], "24": [1, 255, 0.15735014703709121], "25": [1, 255, 0.15733141236226347], "26": [1, 255, 0.15698640195689365], "27": [1, 255, 0.15675913745208697], "28": [1, 255, 0.15718330540785602], "29": [1, 255, 0.15695585147934218], "30": [1, 255, 0.15705733856222792], "31": [1, 255, 0.1568945799095958], "32": [1, 255, 0.1569799761196562], "33": [1, 255, 0.15700686972807434], "34": [1, 255, 0.15684515314505382], "35": [1, 255, 0.15680959745145895], "36": [1, 255, 0.15692505722171535],