{"ttft": [{"1": [1, 0.40023650135844946], "2": [1, 0.24828640557825565], "3": [1, 0.24439797271043062], "4": [1, 0.2463238900527358], "5": [1, 0.2465179581195116], "6": [1, 0.24523237626999617], "7": [1, 0.24402672052383423], "8": [1, 0.24461187422275543], "9": [1, 0.24672515969723463], "10": [1, 0.24797633476555347], "11": [1, 0.24248880986124277], "12": [1, 0.24471038486808538], "13": [1, 0.24311070423573256], "14": [1, 0.24883175641298294], "15": [1, 0.24406199343502522], "16": [1, 0.2435995489358902], "17": [1, 0.24665401224046946], "18": [1, 0.24521240033209324], "19": [1, 0.2442749422043562], "20": [1, 0.2457781843841076], "21": [1, 0.24653359595686197], "22": [1, 0.24327418394386768], "23": [1, 0.24393509700894356], "24": [1, 0.24322257563471794], "25": [1, 0.24342320300638676], "26": [1, 0.24740316718816757], "27": [1, 0.24276734236627817], "28": [1, 0.24619867093861103], "29": [1, 0.2455182485282421], "30": [1, 0.24621196184307337], "31": [1, 0.2434229962527752], "32": [1, 0.24726162012666464], "33": [1, 0.2465388085693121], "34": [1, 0.24535698257386684], "35": [1, 0.24621957633644342], "36": [1, 0.2420806959271431], "37": [1, 0.24652976263314486], "38": [1, 0.2430418049916625], "39": [1, 0.24619951751083136], "40": [1, 0.24387650471180677], "41": [1, 0.2446901872754097], "42": [1, 0.24851754121482372], "43": [1, 0.2428522789850831], "44": [1, 0.2556013483554125], "45": [1, 0.24684718251228333], "46": [1, 0.2454338287934661], "47": [1, 0.24605461210012436], "48": [1, 0.2438228176906705], "49": [1, 0.24387894757092], "50": [1, 0.24517231155186892], "51": [1, 0.2529516201466322], "52": [1, 0.24321545660495758], "53": [1, 0.24430458340793848], "54": [1, 0.24365471210330725], "55": [1, 0.26041874289512634], "56": [1, 0.24443455319851637], "57": [1, 0.24333497509360313], "58": [1, 0.24597349390387535], "59": [1, 0.24492158740758896], "60": [1, 0.2444899119436741], "61": [1, 0.2446307512000203], "62": [1, 0.2458514366298914], "63": [1, 0.2464020298793912], "64": [1, 0.2437157928943634], "65": [1, 0.24590359721332788], "66": [1, 0.24285298213362694], "67": [1, 0.2448656288906932], "68": [1, 0.24436365440487862], "69": [1, 0.24592876620590687], "70": [1, 0.24547795113176107], "71": [1, 0.24384112004190683]}, {"1": [2, 0.3012491362169385], "2": [2, 0.2694693887606263], "3": [2, 0.28037581127136946], "4": [2, 0.2657011142000556], "5": [2, 0.26357956789433956], "6": [2, 0.2660533497110009], "7": [2, 0.2891714181751013], "8": [2, 0.2892042938619852], "9": [2, 0.2772567244246602], "10": [2, 0.3116792906075716], "11": [2, 0.2837429875507951], "12": [2, 0.2805324951186776], "13": [2, 0.26418387424200773], "14": [2, 0.26251991372555494], "15": [2, 0.28055144380778074], "16": [2, 0.26398329716175795], "17": [2, 0.2674431065097451], "18": [2, 0.2685995614156127], "19": [2, 0.2931615049019456], "20": [2, 0.31757323909550905], "21": [2, 0.2777026351541281], "22": [2, 0.2702865693718195], "23": [2, 0.27352188248187304], "24": [2, 0.2714092768728733], "25": [2, 0.29141598381102085], "26": [2, 0.2671651756390929], "27": [2, 0.30684174224734306], "28": [2, 0.26224443409591913], "29": [2, 0.26789319701492786], "30": [2, 0.2764763869345188], "31": [2, 0.31196792237460613], "32": [2, 0.2953928345814347], "33": [2, 0.2683283220976591], "34": [2, 0.26641610264778137], "35": [2, 0.31157813407480717], "36": [2, 0.3052417794242501], "37": [2, 0.3004255946725607], "38": [2, 0.31004127115011215], "39": [2, 0.28057706635445356], "40": [2, 0.27286646608263254], "41": [2, 0.3136327797546983], "42": [2, 0.26563462149351835], "43": [2, 0.27784399688243866], "44": [2, 0.313001767732203], "45": [2, 0.2718424228951335], "46": [2, 0.3154687788337469], "47": [2, 0.2724419152364135], "48": [2, 0.2652771370485425], "49": [2, 0.29204045701771975], "50": [2, 0.31242839992046356], "51": [2, 0.31927050091326237], "52": [2, 0.269411226734519], "53": [2, 0.27143731340765953], "54": [2, 0.265332474373281], "55": [2, 0.28402321692556143], "56": [2, 0.2672350099310279], "57": [2, 0.2823682650923729], "58": [2, 0.3160565346479416], "59": [2, 0.2720529930666089], "60": [2, 0.3115945355966687], "61": [2, 0.29501062631607056], "62": [2, 0.27012641355395317], "63": [2, 0.28968378715217113], "64": [2, 0.3057281235232949], "65": [2, 0.2723733549937606], "66": [2, 0.26434652507305145], "67": [2, 0.31644149776548147], "68": [2, 0.30875358544290066], "69": [2, 0.29806773643940687], "70": [2, 0.3045659316703677], "71": [1, 0.28292203787714243]}, {"1": [4, 0.37770435214042664], "2": [4, 0.3466687658801675], "3": [4, 0.3547261329367757], "4": [4, 0.3443750599399209], "5": [4, 0.3598593110218644], "6": [4, 0.346417305059731], "7": [4, 0.34646278340369463], "8": [4, 0.3456671517342329], "9": [4, 0.3585778530687094], "10": [4, 0.34407246299088], "11": [4, 0.3581211110576987], "12": [4, 0.3496766574680805], "13": [4, 0.34533535595983267], "14": [4, 0.34394012950360775], "15": [4, 0.34560594893991947], "16": [4, 0.343557202257216], "17": [4, 0.34821584913879633], "18": [4, 0.34346606209874153], "19": [4, 0.3458759030327201], "20": [4, 0.3432742627337575], "21": [4, 0.34727830439805984], "22": [4, 0.34434505738317966], "23": [4, 0.34745231084525585], "24": [4, 0.3488972932100296], "25": [4, 0.3444454735144973], "26": [4, 0.34723220113664865], "27": [4, 0.36554785910993814], "28": [4, 0.34511399269104004], "29": [4, 0.3455865066498518], "30": [4, 0.3448562938719988], "31": [4, 0.34800136741250753], "32": [4, 0.3470027083531022], "33": [4, 0.34294524416327477], "34": [4, 0.3474484411999583], "35": [4, 0.34742586128413677], "36": [4, 0.3497224831953645], "37": [4, 0.3443337753415108], "38": [4, 0.3588620563969016], "39": [4, 0.3452907521277666], "40": [4, 0.34666627552360296], "41": [4, 0.34482670575380325], "42": [4, 0.3446150878444314], "43": [4, 0.3485892806202173], "44": [4, 0.3428076272830367], "45": [4, 0.34337950963526964], "46": [4, 0.3463605949655175], "47": [4, 0.34678935445845127], "48": [4, 0.3461850620806217], "49": [4, 0.34481336548924446], "50": [4, 0.3420436764135957], "51": [4, 0.34612960927188396], "52": [4, 0.35071937553584576], "53": [4, 0.34430925734341145], "54": [4, 0.3477887073531747], "55": [4, 0.3425318347290158], "56": [4, 0.34633688163012266], "57": [4, 0.3471739999949932], "58": [4, 0.34400616586208344], "59": [4, 0.34667909517884254], "60": [4, 0.3449140042066574], "61": [4, 0.34510357957333326], "62": [4, 0.345942959189415], "63": [4, 0.3467403296381235], "64": [4, 0.34401241037994623], "65": [4, 0.3452741950750351], "66": [4, 0.3597350502386689], "67": [4, 0.34409242775291204], "68": [4, 0.3472466906532645], "69": [4, 0.3479573121294379], "70": [4, 0.34327090345323086], "71": [1, 0.2444774080067873]}], "tbt": [{"1": [1, 255, 0.1461746853356268], "2": [1, 255, 0.14548807223418764], "3": [1, 255, 0.14678127384726322], "4": [1, 255, 0.1465040094529589], "5": [1, 255, 0.14559048588077228], "6": [1, 255, 0.14534272993823477], "7": [1, 255, 0.14533007559823055], "8": [1, 255, 0.14572845713472835], "9": [1, 255, 0.14505966464970627], "10": [1, 255, 0.14510141051940473], "11": [1, 255, 0.14529169488552154], "12": [1, 255, 0.1454106857890592], "13": [1, 255, 0.14516918341464857], "14": [1, 255, 0.14526557686063005], "15": [1, 255, 0.1449091263188451], "16": [1, 255, 0.14496866687036614], "17": [1, 255, 0.14480982966282788], "18": [1, 255, 0.14459515942589324], "19": [1, 255, 0.14457206506939496], "20": [1, 255, 0.14468698423794088], "21": [1, 255, 0.14473051649390484], "22": [1, 255, 0.14497963658296595], "23": [1, 255, 0.14466117121936645], "24": [1, 255, 0.14480250944547793], "25": [1, 255, 0.14482465379086196], "26": [1, 255, 0.1450623777676739], "27": [1, 255, 0.14498025335225403], "28": [1, 255, 0.14493297848704398], "29": [1, 255, 0.144978805956449], "30": [1, 255, 0.14512924700610194], "31": [1, 255, 0.14516847404267857], "32": [1, 255, 0.1453095757092039], "33": [1, 255, 0.14562894965284595], "34": [1, 255, 0.14510069124254527], "35": [1, 255, 0.1449772807239902],