{
    "l26w1.0sml128mnt256": [
        {
            "batch_size": 1,
            "mean_ttft": 227439.98903781176,
            "std_ttft": 3349.1089818496253,
            "mean_tbt": 133852.4417380492,
            "std_tbt": 707.943209593278
        },
        {
            "batch_size": 2,
            "mean_ttft": 265216.72202274203,
            "std_ttft": 17833.56909996199,
            "mean_tbt": 206796.46382312858,
            "std_tbt": 223.5097703397868
        },
        {
            "batch_size": 4,
            "mean_ttft": 321812.53192946315,
            "std_ttft": 4506.164205388139,
            "mean_tbt": 207823.995398321,
            "std_tbt": 218.74157332589218
        }
    ]
}