{
    "l25w1.0sml128": [
        {
            "batch_size": 1,
            "mean_ttft": 214714.33709892962,
            "std_ttft": 928.4399702075884,
            "mean_tbt": 126029.15183472609,
            "std_tbt": 105.13895863622984
        },
        {
            "batch_size": 2,
            "mean_ttft": 251111.5205163757,
            "std_ttft": 17156.883869242116,
            "mean_tbt": 196479.7759319053,
            "std_tbt": 133.14637991214852
        },
        {
            "batch_size": 4,
            "mean_ttft": 307098.417604963,
            "std_ttft": 2440.7932791672742,
            "mean_tbt": 197789.26088846003,
            "std_tbt": 173.1941935947883
        }
    ]
}