{"ttft": [{"1": [1, 0.3057093247771263], "2": [1, 0.2724405424669385], "3": [1, 0.2707458809018135], "4": [1, 0.27013163827359676], "5": [1, 0.268706863746047], "6": [1, 0.26913709845393896], "7": [1, 0.266864943318069], "8": [1, 0.2687482526525855], "9": [1, 0.2661795224994421], "10": [1, 0.2667261650785804], "11": [1, 0.2684461148455739], "12": [1, 0.26926425378769636], "13": [1, 0.27080726716667414], "14": [1, 0.27096701320260763], "15": [1, 0.27651634998619556], "16": [1, 0.26838251389563084], "17": [1, 0.269418690353632], "18": [1, 0.2697276873514056], "19": [1, 0.2686081398278475], "20": [1, 0.26828687358647585], "21": [1, 0.26837630197405815], "22": [1, 0.2678156578913331], "23": [1, 0.2665968118235469], "24": [1, 0.2691281922161579], "25": [1, 0.2683421103283763], "26": [1, 0.26953231543302536], "27": [1, 0.26664438005536795], "28": [1, 0.26893744245171547], "29": [1, 0.2685474371537566], "30": [1, 0.26965043414384127], "31": [1, 0.2690389705821872], "32": [1, 0.270056557841599], "33": [1, 0.26648171804845333], "34": [1, 0.2670561708509922], "35": [1, 0.26767280139029026], "36": [1, 0.2713307710364461], "37": [1, 0.268484752625227], "38": [1, 0.26649963576346636], "39": [1, 0.2667224118486047], "40": [1, 0.26680462062358856], "41": [1, 0.2672482253983617], "42": [1, 0.2701735207810998], "43": [1, 0.2671602638438344], "44": [1, 0.2664974108338356], "45": [1, 0.26913654152303934], "46": [1, 0.2668036753311753], "47": [1, 0.2682832293212414], "48": [1, 0.26896968949586153], "49": [1, 0.2706128805875778], "50": [1, 0.26686773356050253], "51": [1, 0.2699229894205928], "52": [1, 0.2678193710744381], "53": [1, 0.26702145021408796], "54": [1, 0.26935805287212133], "55": [1, 0.26736451499164104], "56": [1, 0.26838251389563084], "57": [1, 0.27068227622658014], "58": [1, 0.26830360293388367], "59": [1, 0.2698262045159936], "60": [1, 0.2670231759548187], "61": [1, 0.267019085586071], "62": [1, 0.26923356018960476], "63": [1, 0.26690674666315317], "64": [1, 0.2668520864099264], "65": [1, 0.26918724924325943], "66": [1, 0.266940894536674], "67": [1, 0.26671785674989223], "68": [1, 0.27630465757101774], "69": [1, 0.2761486880481243], "70": [1, 0.2720796540379524], "71": [1, 0.27111235447227955]}, {"1": [2, 0.30729507375508547], "2": [2, 0.2858282560482621], "3": [2, 0.28084244206547737], "4": [2, 0.2785879373550415], "5": [2, 0.27716760244220495], "6": [2, 0.28476931527256966], "7": [2, 0.2980968626216054], "8": [2, 0.28013161662966013], "9": [2, 0.3032343527302146], "10": [2, 0.2957247169688344], "11": [2, 0.29378053918480873], "12": [2, 0.2783681945875287], "13": [2, 0.2808682043105364], "14": [2, 0.28127089887857437], "15": [2, 0.30540949292480946], "16": [2, 0.29826776403933764], "17": [2, 0.30511417519301176], "18": [2, 0.2850844031199813], "19": [2, 0.2802104176953435], "20": [2, 0.2975689386948943], "21": [2, 0.2833188343793154], "22": [2, 0.2792030116543174], "23": [2, 0.2852140022441745], "24": [2, 0.30026920046657324], "25": [2, 0.29962118715047836], "26": [2, 0.2793655563145876], "27": [2, 0.30422144290059805], "28": [2, 0.3048274954780936], "29": [2, 0.3030076650902629], "30": [2, 0.30327586084604263], "31": [2, 0.30348923802375793], "32": [2, 0.2833337960764766], "33": [2, 0.28042775858193636], "34": [2, 0.2832200564444065], "35": [2, 0.3023027181625366], "36": [2, 0.28456258960068226], "37": [2, 0.3008727738633752], "38": [2, 0.3054214119911194], "39": [2, 0.30310770589858294], "40": [2, 0.2867583418264985], "41": [2, 0.2888842085376382], "42": [2, 0.29274724144488573], "43": [2, 0.3024918017908931], "44": [2, 0.28668379969894886], "45": [2, 0.27632569801062346], "46": [2, 0.305908739566803], "47": [2, 0.28378745168447495], "48": [2, 0.3059427086263895], "49": [2, 0.284510001540184], "50": [2, 0.30627742130309343], "51": [2, 0.2847769074141979], "52": [2, 0.28420959413051605], "53": [2, 0.28030414693057537], "54": [2, 0.2877169521525502], "55": [2, 0.30113047920167446], "56": [2, 0.2990877814590931], "57": [2, 0.2834317898377776], "58": [2, 0.2816013991832733], "59": [2, 0.284483827650547], "60": [2, 0.2857815604656935], "61": [2, 0.2842067675665021], "62": [2, 0.2823028387501836], "63": [2, 0.2799229957163334], "64": [2, 0.28195959236472845], "65": [2, 0.28430744633078575], "66": [2, 0.2870806725695729], "67": [2, 0.2844809414818883], "68": [2, 0.28620550222694874], "69": [2, 0.2868562638759613], "70": [2, 0.28069471288472414], "71": [1, 0.26743163634091616]}, {"1": [4, 0.3287417236715555], "2": [4, 0.3028578581288457], "3": [4, 0.30056053400039673], "4": [4, 0.31751392874866724], "5": [4, 0.3053688080981374], "6": [4, 0.3021896332502365], "7": [4, 0.32459826674312353], "8": [4, 0.30031921435147524], "9": [4, 0.30273395869880915], "10": [4, 0.30333200097084045], "11": [4, 0.32356330845505], "12": [4, 0.3237687349319458], "13": [4, 0.3013761630281806], "14": [4, 0.30358003731817007], "15": [4, 0.30199316516518593], "16": [4, 0.3142064632847905], "17": [4, 0.3117446228861809], "18": [4, 0.32286808360368013], "19": [4, 0.3024650067090988], "20": [4, 0.2997225681319833], "21": [4, 0.3216260764747858], "22": [4, 0.30292927101254463], "23": [4, 0.32266667298972607], "24": [4, 0.3005955470725894], "25": [4, 0.29935242142528296], "26": [4, 0.31719091534614563], "27": [4, 0.2974766520783305], "28": [4, 0.3020996982231736], "29": [4, 0.298404130153358], "30": [4, 0.3027749601751566], "31": [4, 0.32487008534371853], "32": [4, 0.30147773306816816], "33": [4, 0.30644071474671364], "34": [4, 0.31591465324163437], "35": [4, 0.30106996558606625], "36": [4, 0.3240090813487768], "37": [4, 0.30476019345223904], "38": [4, 0.309742733836174], "39": [4, 0.3230473306030035], "40": [4, 0.3018584167584777], "41": [4, 0.29922438599169254], "42": [4, 0.30080991704016924], "43": [4, 0.32425621524453163], "44": [4, 0.300479750148952], "45": [4, 0.3222106480970979], "46": [4, 0.3019948834553361], "47": [4, 0.30045896023511887], "48": [4, 0.3225391935557127], "49": [4, 0.3043046249076724], "50": [4, 0.3222733261063695], "51": [4, 0.30624198261648417], "52": [4, 0.30802609119564295], "53": [4, 0.30135720781981945], "54": [4, 0.3184928996488452], "55": [4, 0.3094212841242552], "56": [4, 0.30230941716581583], "57": [4, 0.3283427134156227], "58": [4, 0.29876251704990864], "59": [4, 0.301299586892128], "60": [4, 0.30053497571498156], "61": [4, 0.3054603077471256], "62": [4, 0.3002557782456279], "63": [4, 0.298863154835999], "64": [4, 0.3033247450366616], "65": [4, 0.3016139855608344], "66": [4, 0.32808524556457996], "67": [4, 0.2996300095692277], "68": [4, 0.3032543072476983], "69": [4, 0.30039755161851645], "70": [4, 0.32062586303800344], "71": [1, 0.2680591018870473]}], "tbt": [{"1": [1, 127, 0.16695139637055595], "2": [1, 127, 0.16559564384565814], "3": [1, 127, 0.16524795308621146], "4": [1, 127, 0.1652369298128866], "5": [1, 127, 0.16513501934149838], "6": [1, 127, 0.16504740902024695], "7": [1, 127, 0.16508085342256104], "8": [1, 127, 0.16495858696032697], "9": [1, 127, 0.16503291711299203], "10": [1, 127, 0.1649662793987966], "11": [1, 127, 0.16502363163625866], "12": [1, 127, 0.16512799073802673], "13": [1, 127, 0.1650827763910134], "14": [1, 127, 0.1650746087653665], "15": [1, 127, 0.16519087788421571], "16": [1, 127, 0.16498278512612102], "17": [1, 127, 0.16511952322651083], "18": [1, 127, 0.16514631487634474], "19": [1, 127, 0.16509630351408025], "20": [1, 127, 0.1652213963936633], "21": [1, 127, 0.1651079248871625], "22": [1, 127, 0.16510296078384157], "23": [1, 127, 0.16489647895713724], "24": [1, 127, 0.16502019477729488], "25": [1, 127, 0.16501645185053349], "26": [1, 127, 0.16501338166133392], "27": [1, 127, 0.16511893753461013], "28": [1, 127, 0.1650881741313249], "29": [1, 127, 0.16497374808518436], "30": [1, 127, 0.1649707534944448], "31": [1, 127, 0.164983519367639], "32": [1, 127, 0.16514454590611335], "33": [1, 127, 0.16497092899375074], "34": [1, 127, 0.1649470789006024], "35": [1, 127, 0.16479721802514136], "36": [1, 127, 0.16485868736104234],