{"l30w1.0sml64mnt128": [{"batch_size": 1, "mean_ttft": 249238.23395123085, "std_ttft": 1577.6708792892473, "mean_tbt": 151363.92738601667, "std_tbt": 177.06725290943402}, {"batch_size": 2, "mean_ttft": 267105.18406083185, "std_ttft": 8854.865698345906, "mean_tbt": 237116.13444146988, "std_tbt": 248.76599002184417}, {"batch_size": 4, "mean_ttft": 286502.94117008644, "std_ttft": 8871.90845630705, "mean_tbt": 236654.41957026173, "std_tbt": 431.36186917443735}]}