{
    "l19w1.0sml128mnt128": [
        {
            "batch_size": 1,
            "mean_ttft": 169739.3385320902,
            "std_ttft": 1274.5464270836171,
            "mean_tbt": 100267.86090908792,
            "std_tbt": 149.189598734678
        },
        {
            "batch_size": 2,
            "mean_ttft": 193627.11291760206,
            "std_ttft": 5729.266142018026,
            "mean_tbt": 154167.6082479672,
            "std_tbt": 58.34347794780453
        },
        {
            "batch_size": 4,
            "mean_ttft": 238817.76951253414,
            "std_ttft": 1547.276819408639,
            "mean_tbt": 154514.8194776335,
            "std_tbt": 100.83021398073463
        }
    ]
}