{"ttft": [{"1": [1, 0.2883700476959348], "2": [1, 0.26047324016690254], "3": [1, 0.2587126297876239], "4": [1, 0.26290444005280733], "5": [1, 0.2586758295074105], "6": [1, 0.2588695166632533], "7": [1, 0.2580789951607585], "8": [1, 0.25424680951982737], "9": [1, 0.2574261808767915], "10": [1, 0.25416560750454664], "11": [1, 0.25809389259666204], "12": [1, 0.2575106490403414], "13": [1, 0.2545321425423026], "14": [1, 0.25714476127177477], "15": [1, 0.25408970657736063], "16": [1, 0.25459885969758034], "17": [1, 0.25392884761095047], "18": [1, 0.25670974515378475], "19": [1, 0.25482648611068726], "20": [1, 0.2588315103203058], "21": [1, 0.25501044373959303], "22": [1, 0.2545546079054475], "23": [1, 0.26101500261574984], "24": [1, 0.2593301525339484], "25": [1, 0.25844743102788925], "26": [1, 0.257045928388834], "27": [1, 0.25556424353271723], "28": [1, 0.2566742114722729], "29": [1, 0.25594926811754704], "30": [1, 0.25836898013949394], "31": [1, 0.2568479673936963], "32": [1, 0.2566597694531083], "33": [1, 0.25689484644681215], "34": [1, 0.25466026179492474], "35": [1, 0.25558422040194273], "36": [1, 0.254271506331861], "37": [1, 0.2549548065289855], "38": [1, 0.25511383451521397], "39": [1, 0.2561741219833493], "40": [1, 0.2558441562578082], "41": [1, 0.2554771192371845], "42": [1, 0.25440347101539373], "43": [1, 0.25718284770846367], "44": [1, 0.2544467793777585], "45": [1, 0.2563353683799505], "46": [1, 0.2571441475301981], "47": [1, 0.25635452661663294], "48": [1, 0.2569380085915327], "49": [1, 0.25690821930766106], "50": [1, 0.2558269016444683], "51": [1, 0.2538004443049431], "52": [1, 0.25549633521586657], "53": [1, 0.2542937081307173], "54": [1, 0.2537280637770891], "55": [1, 0.2574855610728264], "56": [1, 0.25520942732691765], "57": [1, 0.25764577835798264], "58": [1, 0.25610345508903265], "59": [1, 0.2565214205533266], "60": [1, 0.2549886479973793], "61": [1, 0.2602469054982066], "62": [1, 0.25375051982700825], "63": [1, 0.25536070205271244], "64": [1, 0.257350318133831], "65": [1, 0.2555819693952799], "66": [1, 0.2544160317629576], "67": [1, 0.25699908193200827], "68": [1, 0.25554636772722006], "69": [1, 0.2540430845692754], "70": [1, 0.2541511533781886], "71": [1, 0.25512780249118805]}, {"1": [2, 0.29484701063483953], "2": [2, 0.2735160067677498], "3": [2, 0.27171265706419945], "4": [2, 0.2660118527710438], "5": [2, 0.2684419136494398], "6": [2, 0.2684980118647218], "7": [2, 0.2899901019409299], "8": [2, 0.26904124580323696], "9": [2, 0.29080477077513933], "10": [2, 0.2775783147662878], "11": [2, 0.2873190911486745], "12": [2, 0.2705325158312917], "13": [2, 0.29098739847540855], "14": [2, 0.2704502558335662], "15": [2, 0.27798750810325146], "16": [2, 0.2697747331112623], "17": [2, 0.28976564947515726], "18": [2, 0.277624249458313], "19": [2, 0.26784462202340364], "20": [2, 0.2678556824102998], "21": [2, 0.27195210475474596], "22": [2, 0.2681597759947181], "23": [2, 0.26945547107607126], "24": [2, 0.26739653293043375], "25": [2, 0.2902158945798874], "26": [2, 0.2748525682836771], "27": [2, 0.2804597532376647], "28": [2, 0.27403154503554106], "29": [2, 0.27051129285246134], "30": [2, 0.2684723660349846], "31": [2, 0.31273186579346657], "32": [2, 0.28609178494662046], "33": [2, 0.2748491121456027], "34": [2, 0.2707366272807121], "35": [2, 0.30108585208654404], "36": [2, 0.29108806513249874], "37": [2, 0.294891650788486], "38": [2, 0.29420578945428133], "39": [2, 0.2889814367517829], "40": [2, 0.295871046371758], "41": [2, 0.28961064759641886], "42": [2, 0.2916079955175519], "43": [2, 0.3011885453015566], "44": [2, 0.2851003259420395], "45": [2, 0.26814032811671495], "46": [2, 0.2672365177422762], "47": [2, 0.27280400414019823], "48": [2, 0.3005847577005625], "49": [2, 0.26527879759669304], "50": [2, 0.2678111083805561], "51": [2, 0.2909615747630596], "52": [2, 0.2701754802837968], "53": [2, 0.29336772579699755], "54": [2, 0.2668981356546283], "55": [2, 0.29132351744920015], "56": [2, 0.2860527168959379], "57": [2, 0.2707569804042578], "58": [2, 0.2713913032785058], "59": [2, 0.27231735084205866], "60": [2, 0.28674666676670313], "61": [2, 0.29249085020273924], "62": [2, 0.2701391940936446], "63": [2, 0.27065556682646275], "64": [2, 0.2692545922473073], "65": [2, 0.2729414599016309], "66": [2, 0.27079349383711815], "67": [2, 0.26956008095294237], "68": [2, 0.2790225427597761], "69": [2, 0.2937315646559], "70": [2, 0.2712636897340417], "71": [1, 0.2557724751532078]}, {"1": [4, 0.3227596217766404], "2": [4, 0.29351521376520395], "3": [4, 0.31613945588469505], "4": [4, 0.3150902884081006], "5": [4, 0.3028638968244195], "6": [4, 0.295972834341228], "7": [4, 0.3122323676943779], "8": [4, 0.293271254748106], "9": [4, 0.29771707113832235], "10": [4, 0.3044269150123], "11": [4, 0.2922998918220401], "12": [4, 0.293542536906898], "13": [4, 0.2900266172364354], "14": [4, 0.28693498112261295], "15": [4, 0.3102048747241497], "16": [4, 0.2937872428447008], "17": [4, 0.30106405820697546], "18": [4, 0.29010713193565607], "19": [4, 0.30782030895352364], "20": [4, 0.29155158530920744], "21": [4, 0.28817541245371103], "22": [4, 0.3099891832098365], "23": [4, 0.30968587566167116], "24": [4, 0.3133037043735385], "25": [4, 0.288349567912519], "26": [4, 0.3116832207888365], "27": [4, 0.2894733343273401], "28": [4, 0.3174018654972315], "29": [4, 0.2899214578792453], "30": [4, 0.2874508947134018], "31": [4, 0.30966276209801435], "32": [4, 0.29304980114102364], "33": [4, 0.3099182369187474], "34": [4, 0.2932468568906188], "35": [4, 0.2887788973748684], "36": [4, 0.3105983277782798], "37": [4, 0.2891386626288295], "38": [4, 0.2925798622891307], "39": [4, 0.293298383243382], "40": [4, 0.284037709236145], "41": [4, 0.2896101241931319], "42": [4, 0.29710521921515465], "43": [4, 0.30130975041538477], "44": [4, 0.2971593653783202], "45": [4, 0.2886711033061147], "46": [4, 0.2961733676493168], "47": [4, 0.28814049903303385], "48": [4, 0.2903677523136139], "49": [4, 0.30991370789706707], "50": [4, 0.2879161797463894], "51": [4, 0.2928010420873761], "52": [4, 0.28802774753421545], "53": [4, 0.29009402357041836], "54": [4, 0.3112282305955887], "55": [4, 0.3113686880096793], "56": [4, 0.2874677116051316], "57": [4, 0.28726486675441265], "58": [4, 0.2930793995037675], "59": [4, 0.2863208269700408], "60": [4, 0.29698192328214645], "61": [4, 0.3053442379459739], "62": [4, 0.28925426211208105], "63": [4, 0.28817919362336397], "64": [4, 0.28881407622247934], "65": [4, 0.3061217274516821], "66": [4, 0.31032342836260796], "67": [4, 0.2900174418464303], "68": [4, 0.2895109858363867], "69": [4, 0.2890013325959444], "70": [4, 0.285077266395092], "71": [1, 0.25699400063604116]}], "tbt": [{"1": [1, 127, 0.15720693185544155], "2": [1, 127, 0.15640705571634564], "3": [1, 127, 0.1560874467304959], "4": [1, 127, 0.15576558494133744], "5": [1, 127, 0.1556827684307075], "6": [1, 127, 0.1554064637592693], "7": [1, 127, 0.15558331323362243], "8": [1, 127, 0.15544152536290132], "9": [1, 127, 0.15556365146675682], "10": [1, 127, 0.15546942359995186], "11": [1, 127, 0.15539988418527712], "12": [1, 127, 0.15552051305976206], "13": [1, 127, 0.1554593663868003], "14": [1, 127, 0.15557116348531067], "15": [1, 127, 0.15550189068555598], "16": [1, 127, 0.1554957561444227], "17": [1, 127, 0.155511533790158], "18": [1, 127, 0.15593262730298316], "19": [1, 127, 0.15601923799244907], "20": [1, 127, 0.1559051013896315], "21": [1, 127, 0.15567728887334115], "22": [1, 127, 0.15579172845665865], "23": [1, 127, 0.1562124483477999], "24": [1, 127, 0.1560515351373497], "25": [1, 127, 0.15551250361228788], "26": [1, 127, 0.15551433363914724], "27": [1, 127, 0.15565555142312068], "28": [1, 127, 0.15559993006699668], "29": [1, 127, 0.155344949609886], "30": [1, 127, 0.15573604087396634], "31": [1, 127, 0.15556581014048632], "32": [1, 127, 0.15542728525740424], "33": [1, 127, 0.15535971594197073], "34": [1, 127, 0.15532021731959553], "35": [1, 127, 0.15555126501584615], "36": [1, 127, 0.1562850301219957],