{"ttft": [{"1": [1, 0.1897322991862893], "2": [1, 0.14813998993486166], "3": [1, 0.14649410918354988], "4": [1, 0.14704889245331287], "5": [1, 0.14728027861565351], "6": [1, 0.14740551635622978], "7": [1, 0.14427790138870478], "8": [1, 0.14389807730913162], "9": [1, 0.14626819919794798], "10": [1, 0.14831313490867615], "11": [1, 0.1462171096354723], "12": [1, 0.1442479006946087], "13": [1, 0.14449437893927097], "14": [1, 0.14325102139264345], "15": [1, 0.1442579198628664], "16": [1, 0.14594561140984297], "17": [1, 0.14407983142882586], "18": [1, 0.14623367600142956], "19": [1, 0.144882682710886], "20": [1, 0.144362086430192], "21": [1, 0.1446632230654359], "22": [1, 0.14551701489835978], "23": [1, 0.14456270541995764], "24": [1, 0.14490855019539595], "25": [1, 0.14498836919665337], "26": [1, 0.1441623978316784], "27": [1, 0.14688763581216335], "28": [1, 0.14377171359956264], "29": [1, 0.14717469364404678], "30": [1, 0.1470534736290574], "31": [1, 0.14727135002613068], "32": [1, 0.14714569225907326], "33": [1, 0.14601599518209696], "34": [1, 0.1484807962551713], "35": [1, 0.14767944440245628], "36": [1, 0.1470053130760789], "37": [1, 0.14660375751554966], "38": [1, 0.147579587996006], "39": [1, 0.1470946753397584], "40": [1, 0.1463940516114235], "41": [1, 0.14877521432936192], "42": [1, 0.14498303551226854], "43": [1, 0.14753638673573732], "44": [1, 0.14596622344106436], "45": [1, 0.14602752216160297], "46": [1, 0.14401119388639927], "47": [1, 0.1468502813950181], "48": [1, 0.14738832507282495], "49": [1, 0.14576134365051985], "50": [1, 0.14721362572163343], "51": [1, 0.1461580079048872], "52": [1, 0.1445060959085822], "53": [1, 0.14703961554914713], "54": [1, 0.14664852991700172], "55": [1, 0.14438738487660885], "56": [1, 0.1457607289776206], "57": [1, 0.1468186154961586], "58": [1, 0.14678598567843437], "59": [1, 0.14428617432713509], "60": [1, 0.14507500547915697], "61": [1, 0.14424213394522667], "62": [1, 0.14403200428932905], "63": [1, 0.14769313391298056], "64": [1, 0.14425176195800304], "65": [1, 0.1451909700408578], "66": [1, 0.14637811668217182], "67": [1, 0.14689470082521439], "68": [1, 0.14423696044832468], "69": [1, 0.14527527801692486], "70": [1, 0.1470451969653368], "71": [1, 0.14329045079648495]}, {"1": [2, 0.21285912208259106], "2": [2, 0.1575046069920063], "3": [2, 0.1713616792112589], "4": [2, 0.16639258433133364], "5": [2, 0.15535668935626745], "6": [2, 0.16378427296876907], "7": [2, 0.1663667317479849], "8": [2, 0.1654492523521185], "9": [2, 0.15061939042061567], "10": [2, 0.16421801410615444], "11": [2, 0.15879086591303349], "12": [2, 0.1657898835837841], "13": [2, 0.1561603331938386], "14": [2, 0.16616082843393087], "15": [2, 0.16295066475868225], "16": [2, 0.15957660228013992], "17": [2, 0.15725154988467693], "18": [2, 0.16085109673440456], "19": [2, 0.16516984719783068], "20": [2, 0.16564990114420652], "21": [2, 0.165237694978714], "22": [2, 0.16527641285210848], "23": [2, 0.16591997537761927], "24": [2, 0.1656951867043972], "25": [2, 0.15127483196556568], "26": [2, 0.153957549482584], "27": [2, 0.15764010697603226], "28": [2, 0.165115880779922], "29": [2, 0.165880611166358], "30": [2, 0.16130454372614622], "31": [2, 0.15339542273432016], "32": [2, 0.1537539977580309], "33": [2, 0.15336531307548285], "34": [2, 0.15271300822496414], "35": [2, 0.15202651638537645], "36": [2, 0.15210193488746881], "37": [2, 0.16526001319289207], "38": [2, 0.15939773991703987], "39": [2, 0.16491246595978737], "40": [2, 0.15624908544123173], "41": [2, 0.16319414507597685], "42": [2, 0.15494220796972513], "43": [2, 0.16196048818528652], "44": [2, 0.15459697041660547], "45": [2, 0.16521813720464706], "46": [2, 0.16617920715361834], "47": [2, 0.16660071164369583], "48": [2, 0.1649467395618558], "49": [2, 0.16495577059686184], "50": [2, 0.16641972213983536], "51": [2, 0.16559075098484755], "52": [2, 0.16647773887962103], "53": [2, 0.15849660243839025], "54": [2, 0.16348812263458967], "55": [2, 0.1651922333985567], "56": [2, 0.16531305108219385], "57": [2, 0.16551398765295744], "58": [2, 0.16724276822060347], "59": [2, 0.16501169372349977], "60": [2, 0.1654890775680542], "61": [2, 0.15546971280127764], "62": [2, 0.16526843886822462], "63": [2, 0.1665028128772974], "64": [2, 0.15789391286671162], "65": [2, 0.16454965434968472], "66": [2, 0.16660768166184425], "67": [2, 0.16584351938217878], "68": [2, 0.16594240814447403], "69": [2, 0.16856041736900806], "70": [2, 0.1487688859924674], "71": [1, 0.15831977501511574]}, {"1": [4, 0.20760220289230347], "2": [4, 0.1749073825776577], "3": [4, 0.18030220922082663], "4": [4, 0.17414638865739107], "5": [4, 0.18039440643042326], "6": [4, 0.16416581440716982], "7": [4, 0.1765512702986598], "8": [4, 0.16904108691960573], "9": [4, 0.1650386629626155], "10": [4, 0.17652415949851274], "11": [4, 0.1766581665724516], "12": [4, 0.1639205338433385], "13": [4, 0.161605061031878], "14": [4, 0.16962555702775717], "15": [4, 0.16904077399522066], "16": [4, 0.1629204237833619], "17": [4, 0.16958401538431644], "18": [4, 0.16575088258832693], "19": [4, 0.1758532477542758], "20": [4, 0.16590350028127432], "21": [4, 0.17404512781649828], "22": [4, 0.16289339493960142], "23": [4, 0.1789357215166092], "24": [4, 0.16369978617876768], "25": [4, 0.16716617438942194], "26": [4, 0.16564644314348698], "27": [4, 0.16398455202579498], "28": [4, 0.1675144899636507], "29": [4, 0.1654648846015334], "30": [4, 0.1638114731758833], "31": [4, 0.1650556270033121], "32": [4, 0.16275532357394695], "33": [4, 0.16497170738875866], "34": [4, 0.17361237853765488], "35": [4, 0.16605734545737505], "36": [4, 0.1760300798341632], "37": [4, 0.17259258963167667], "38": [4, 0.16219511069357395], "39": [4, 0.17624174524098635], "40": [4, 0.1730695329606533], "41": [4, 0.16178817301988602], "42": [4, 0.1793775800615549], "43": [4, 0.16343075316399336], "44": [4, 0.16100784111768007], "45": [4, 0.17649364192038774], "46": [4, 0.16666516568511724], "47": [4, 0.1804565852507949], "48": [4, 0.17672725953161716], "49": [4, 0.16848953254520893], "50": [4, 0.16649229638278484], "51": [4, 0.16652403585612774], "52": [4, 0.16345896944403648], "53": [4, 0.16881545819342136], "54": [4, 0.173321477137506], "55": [4, 0.1611033771187067], "56": [4, 0.16799696628004313], "57": [4, 0.16730801481753588], "58": [4, 0.16875538788735867], "59": [4, 0.16619798820465803], "60": [4, 0.17382617853581905], "61": [4, 0.16532362718135118], "62": [4, 0.16274580638855696], "63": [4, 0.16710910573601723], "64": [4, 0.16483215428888798], "65": [4, 0.1626458177343011], "66": [4, 0.1766095468774438], "67": [4, 0.16406086087226868], "68": [4, 0.1644827164709568], "69": [4, 0.16615798696875572], "70": [4, 0.17540329042822123], "71": [1, 0.14440576639026403]}], "tbt": [{"1": [1, 127, 0.08874902932897327], "2": [1, 127, 0.08763291028247575], "3": [1, 127, 0.08728095540028857], "4": [1, 127, 0.08739140637834945], "5": [1, 127, 0.08740381950028533], "6": [1, 127, 0.08736269664400675], "7": [1, 127, 0.08746670154253329], "8": [1, 127, 0.0873562875753782], "9": [1, 127, 0.08743191195109229], "10": [1, 127, 0.08740082596553357], "11": [1, 127, 0.08741330210207485], "12": [1, 127, 0.0874150992906469], "13": [1, 127, 0.08751919853141693], "14": [1, 127, 0.0874359773427952], "15": [1, 127, 0.08748699600742323], "16": [1, 127, 0.08744067494119481], "17": [1, 127, 0.08750237058114818], "18": [1, 127, 0.08737533887862925], "19": [1, 127, 0.08748108636969187], "20": [1, 127, 0.08735219249135162], "21": [1, 127, 0.08741251522249828], "22": [1, 127, 0.08741389691653684], "23": [1, 127, 0.08754444286579222], "24": [1, 127, 0.08725169521763804], "25": [1, 127, 0.08716873356735143], "26": [1, 127, 0.08714672743423482], "27": [1, 127, 0.08721117909968369], "28": [1, 127, 0.0871718633171963], "29": [1, 127, 0.08721275684812407], "30": [1, 127, 0.08724126557078887], "31": [1, 127, 0.0873019498090927], "32": [1, 127, 0.087320050613324], "33": [1, 127, 0.0872445491941895], "34": [1, 127, 0.08722905668716027],