{"l18w1.0sml64mnt128": [{"batch_size": 1, "mean_ttft": 155869.7689138353, "std_ttft": 984.3774423414916, "mean_tbt": 94554.36721356132, "std_tbt": 617.8441495911691}, {"batch_size": 2, "mean_ttft": 168772.1491791308, "std_ttft": 6533.703137815172, "mean_tbt": 146053.7388769719, "std_tbt": 697.4001920905808}, {"batch_size": 4, "mean_ttft": 177357.58397728205, "std_ttft": 3892.5044934137018, "mean_tbt": 145821.56042839715, "std_tbt": 172.87089330790718}]}