{"ttft": [{"1": [1, 0.2887797150760889], "2": [1, 0.1443628091365099], "3": [1, 0.15452068857848644], "4": [1, 0.15293646696954966], "5": [1, 0.1912410780787468], "6": [1, 0.14886878617107868], "7": [1, 0.1368118766695261], "8": [1, 0.14045030437409878], "9": [1, 0.1370630133897066], "10": [1, 0.14042172394692898], "11": [1, 0.1391049800440669], "12": [1, 0.14241797011345625], "13": [1, 0.14120514504611492], "14": [1, 0.1445187358185649], "15": [1, 0.14395228307694197], "16": [1, 0.1394538562744856], "17": [1, 0.14089627750217915], "18": [1, 0.14673739951103926], "19": [1, 0.14100003708153963], "20": [1, 0.14461540523916483], "21": [1, 0.14501168113201857], "22": [1, 0.14027496613562107], "23": [1, 0.14065397158265114], "24": [1, 0.14129382371902466], "25": [1, 0.1387761440128088], "26": [1, 0.13964967243373394], "27": [1, 0.13698746357113123], "28": [1, 0.1390821598470211], "29": [1, 0.1440248228609562], "30": [1, 0.13846521638333797], "31": [1, 0.13896409142762423], "32": [1, 0.13954314403235912], "33": [1, 0.13756740745157003], "34": [1, 0.13878365326672792], "35": [1, 0.13920679781585932], "36": [1, 0.1371518513187766], "37": [1, 0.14950102753937244], "38": [1, 0.14156132005155087], "39": [1, 0.1406780704855919], "40": [1, 0.13754224684089422], "41": [1, 0.14230412151664495], "42": [1, 0.13590517546981573], "43": [1, 0.13738898932933807], "44": [1, 0.1366178672760725], "45": [1, 0.1388093726709485], "46": [1, 0.1380697600543499], "47": [1, 0.15366621036082506], "48": [1, 0.13875919301062822], "49": [1, 0.13916000816971064], "50": [1, 0.14089976716786623], "51": [1, 0.13937386590987444], "52": [1, 0.13647930976003408], "53": [1, 0.13541201036423445], "54": [1, 0.1360165635123849], "55": [1, 0.14319472014904022], "56": [1, 0.1372373104095459], "57": [1, 0.14307282026857138], "58": [1, 0.14932687021791935], "59": [1, 0.13870439305901527], "60": [1, 0.14141786098480225], "61": [1, 0.14042760338634253], "62": [1, 0.14034496434032917], "63": [1, 0.1407107301056385], "64": [1, 0.14151700027287006], "65": [1, 0.13937874510884285], "66": [1, 0.13568095862865448], "67": [1, 0.138834360986948], "68": [1, 0.1371600916609168], "69": [1, 0.14784229546785355], "70": [1, 0.13896071910858154], "71": [1, 0.13891830947250128]}, {"1": [2, 0.18975558690726757], "2": [2, 0.16585505567491055], "3": [2, 0.15928139351308346], "4": [2, 0.14682650845497847], "5": [2, 0.15887849684804678], "6": [2, 0.15410239342600107], "7": [2, 0.14599724765866995], "8": [2, 0.14721471164375544], "9": [2, 0.15993049461394548], "10": [2, 0.15931162051856518], "11": [2, 0.1461735349148512], "12": [2, 0.15653433371335268], "13": [2, 0.1509243594482541], "14": [2, 0.15929878037422895], "15": [2, 0.14565293956547976], "16": [2, 0.1578745674341917], "17": [2, 0.1554602961987257], "18": [2, 0.1439390704035759], "19": [2, 0.14438381511718035], "20": [2, 0.15843624155968428], "21": [2, 0.14391740132123232], "22": [2, 0.15718751586973667], "23": [2, 0.1427615536376834], "24": [2, 0.15728326421231031], "25": [2, 0.1567013105377555], "26": [2, 0.14306152891367674], "27": [2, 0.15540854632854462], "28": [2, 0.1519702458754182], "29": [2, 0.17268869373947382], "30": [2, 0.1584571683779359], "31": [2, 0.16392586566507816], "32": [2, 0.1454097218811512], "33": [2, 0.1469698939472437], "34": [2, 0.1453349320217967], "35": [2, 0.1507272683084011], "36": [2, 0.14939673524349928], "37": [2, 0.15745277144014835], "38": [2, 0.1448194682598114], "39": [2, 0.15084862895309925], "40": [2, 0.14593758527189493], "41": [2, 0.14544250071048737], "42": [2, 0.15411221887916327], "43": [2, 0.15815221332013607], "44": [2, 0.165420257486403], "45": [2, 0.15048589184880257], "46": [2, 0.14422193448990583], "47": [2, 0.1623035641387105], "48": [2, 0.16048997454345226], "49": [2, 0.1616670610383153], "50": [2, 0.15245554875582457], "51": [2, 0.1454374399036169], "52": [2, 0.14712854102253914], "53": [2, 0.14928058441728354], "54": [2, 0.1534469872713089], "55": [2, 0.16277498845010996], "56": [2, 0.1615789821371436], "57": [2, 0.1481678383424878], "58": [2, 0.1428527496755123], "59": [2, 0.16324369236826897], "60": [2, 0.1430099280551076], "61": [2, 0.15104859415441751], "62": [2, 0.15633326210081577], "63": [2, 0.16003840882331133], "64": [2, 0.15592285711318254], "65": [2, 0.14728344790637493], "66": [2, 0.14404117595404387], "67": [2, 0.16389392409473658], "68": [2, 0.14698838163167238], "69": [2, 0.14807036891579628], "70": [2, 0.1587592838332057], "71": [1, 0.13908893428742886]}, {"1": [4, 0.185707769356668], "2": [4, 0.15775413624942303], "3": [4, 0.1650179699063301], "4": [4, 0.15265821479260921], "5": [4, 0.16531131695955992], "6": [4, 0.16430582851171494], "7": [4, 0.1554157231003046], "8": [4, 0.1608815174549818], "9": [4, 0.17001786082983017], "10": [4, 0.1603948837146163], "11": [4, 0.15935712680220604], "12": [4, 0.15787610411643982], "13": [4, 0.15722057223320007], "14": [4, 0.15923427790403366], "15": [4, 0.16552534326910973], "16": [4, 0.1625228589400649], "17": [4, 0.16814079321920872], "18": [4, 0.17136254627257586], "19": [4, 0.1633569486439228], "20": [4, 0.15651818830519915], "21": [4, 0.16138012148439884], "22": [4, 0.16287060361355543], "23": [4, 0.15442941337823868], "24": [4, 0.16000171843916178], "25": [4, 0.15552201494574547], "26": [4, 0.15237732138484716], "27": [4, 0.1555964145809412], "28": [4, 0.15643860399723053], "29": [4, 0.15516546927392483], "30": [4, 0.15989464428275824], "31": [4, 0.159580928273499], "32": [4, 0.16012379061430693], "33": [4, 0.1585800303146243], "34": [4, 0.16519090253859758], "35": [4, 0.15661945194005966], "36": [4, 0.15645655151456594], "37": [4, 0.15448864549398422], "38": [4, 0.15603677835315466], "39": [4, 0.16039942670613527], "40": [4, 0.15930506959557533], "41": [4, 0.15583589859306812], "42": [4, 0.15881778299808502], "43": [4, 0.17207207065075636], "44": [4, 0.1611550860106945], "45": [4, 0.16383543517440557], "46": [4, 0.16640437580645084], "47": [4, 0.16080475971102715], "48": [4, 0.1575661776587367], "49": [4, 0.15938396658748388], "50": [4, 0.15736725833266973], "51": [4, 0.16951389890164137], "52": [4, 0.16927963215857744], "53": [4, 0.15969816222786903], "54": [4, 0.16373920533806086], "55": [4, 0.1683998303487897], "56": [4, 0.16086561791598797], "57": [4, 0.1567448554560542], "58": [4, 0.1622840203344822], "59": [4, 0.16089895833283663], "60": [4, 0.16738547291606665], "61": [4, 0.15640205889940262], "62": [4, 0.15422425419092178], "63": [4, 0.1713321777060628], "64": [4, 0.16126338299363852], "65": [4, 0.15899696853011847], "66": [4, 0.17723425943404436], "67": [4, 0.16049478109925985], "68": [4, 0.1544608399271965], "69": [4, 0.1697265738621354], "70": [4, 0.1570513704791665], "71": [1, 0.13719110935926437]}], "tbt": [{"1": [1, 127, 0.08334182318681338], "2": [1, 127, 0.08699231597734249], "3": [1, 127, 0.0887193702982636], "4": [1, 127, 0.08886234663192212], "5": [1, 127, 0.08581879110200198], "6": [1, 127, 0.08428262610457779], "7": [1, 127, 0.0823136140467731], "8": [1, 127, 0.08295522729946872], "9": [1, 127, 0.08391277401847398], "10": [1, 127, 0.0879225741749204], "11": [1, 127, 0.084004670469545], "12": [1, 127, 0.08274222966870219], "13": [1, 127, 0.08549716831074924], "14": [1, 127, 0.0835470624092057], "15": [1, 127, 0.08275429443932894], "16": [1, 127, 0.0856571001638695], "17": [1, 127, 0.08464983842650971], "18": [1, 127, 0.08540344414279216], "19": [1, 127, 0.08463775577742284], "20": [1, 127, 0.08350128569002227], "21": [1, 127, 0.08340852857222707], "22": [1, 127, 0.08277710566047843], "23": [1, 127, 0.08271685327718577], "24": [1, 127, 0.08294168357392699], "25": [1, 127, 0.08222956170775289], "26": [1, 127, 0.08316042280103278], "27": [1, 127, 0.08388130296403029], "28": [1, 127, 0.08540291528356826], "29": [1, 127, 0.08302540720007785], "30": [1, 127, 0.08287917714800656], "31": [1, 127, 0.08285718131077102], "32": [1, 127, 0.08287136049897183], "33": [1, 127, 0.08245346233190044], "34": [1, 127, 0.08274838966354141],