{"ttft": [{"1": [1, 0.4149784967303276], "2": [1, 0.2684293445199728], "3": [1, 0.2624996844679117], "4": [1, 0.2608691733330488], "5": [1, 0.2628019396215677], "6": [1, 0.261032160371542], "7": [1, 0.2601714516058564], "8": [1, 0.2611187705770135], "9": [1, 0.2633308256044984], "10": [1, 0.26003222446888685], "11": [1, 0.2614854481071234], "12": [1, 0.2620230419561267], "13": [1, 0.26050535030663013], "14": [1, 0.2603214718401432], "15": [1, 0.2608257560059428], "16": [1, 0.2615949073806405], "17": [1, 0.260408672504127], "18": [1, 0.26155316829681396], "19": [1, 0.26197531446814537], "20": [1, 0.2602146342396736], "21": [1, 0.2601866042241454], "22": [1, 0.26119385194033384], "23": [1, 0.261828294955194], "24": [1, 0.26182072702795267], "25": [1, 0.26339869759976864], "26": [1, 0.2637579748407006], "27": [1, 0.262195642106235], "28": [1, 0.2596639031544328], "29": [1, 0.26217033341526985], "30": [1, 0.2603344861418009], "31": [1, 0.2599854292348027], "32": [1, 0.26316315215080976], "33": [1, 0.2606969503685832], "34": [1, 0.2600799798965454], "35": [1, 0.26085933949798346], "36": [1, 0.2623111829161644], "37": [1, 0.26010479871183634], "38": [1, 0.26061269268393517], "39": [1, 0.2619238281622529], "40": [1, 0.2617362402379513], "41": [1, 0.26266062911599874], "42": [1, 0.26242564246058464], "43": [1, 0.26188615895807743], "44": [1, 0.2597674746066332], "45": [1, 0.26228053495287895], "46": [1, 0.262730959802866], "47": [1, 0.2600956913083792], "48": [1, 0.25983044132590294], "49": [1, 0.2616856498643756], "50": [1, 0.2619467871263623], "51": [1, 0.25989120081067085], "52": [1, 0.26222523394972086], "53": [1, 0.26213541626930237], "54": [1, 0.25969368405640125], "55": [1, 0.26081569120287895], "56": [1, 0.2638201666995883], "57": [1, 0.2606673529371619], "58": [1, 0.2604653062298894], "59": [1, 0.2638243967667222], "60": [1, 0.26042305771261454], "61": [1, 0.2617011722177267], "62": [1, 0.26438497100025415], "63": [1, 0.2609074516221881], "64": [1, 0.25981076527386904], "65": [1, 0.26345139276236296], "66": [1, 0.26121003925800323], "67": [1, 0.2617023531347513], "68": [1, 0.2612350881099701], "69": [1, 0.26220533810555935], "70": [1, 0.26288469042629004], "71": [1, 0.26049780659377575]}, {"1": [2, 0.3143249563872814], "2": [2, 0.28362221736460924], "3": [2, 0.3041778467595577], "4": [2, 0.306017586030066], "5": [2, 0.30129831098020077], "6": [2, 0.3115349914878607], "7": [2, 0.3028517933562398], "8": [2, 0.2872743560001254], "9": [2, 0.3006984293460846], "10": [2, 0.2882170854136348], "11": [2, 0.28299485705792904], "12": [2, 0.28077199403196573], "13": [2, 0.28402737621217966], "14": [2, 0.30660495162010193], "15": [2, 0.3033615704625845], "16": [2, 0.30553501565009356], "17": [2, 0.28705070074647665], "18": [2, 0.29468154162168503], "19": [2, 0.28350008372217417], "20": [2, 0.2926531359553337], "21": [2, 0.3038301654160023], "22": [2, 0.3030869849026203], "23": [2, 0.30403396394103765], "24": [2, 0.28569977916777134], "25": [2, 0.28682904597371817], "26": [2, 0.2805380402132869], "27": [2, 0.30205056816339493], "28": [2, 0.3050702130421996], "29": [2, 0.30448140017688274], "30": [2, 0.2855898905545473], "31": [2, 0.3062600903213024], "32": [2, 0.29564579389989376], "33": [2, 0.30710580106824636], "34": [2, 0.2844433458521962], "35": [2, 0.3038265099748969], "36": [2, 0.2878962764516473], "37": [2, 0.30264344345778227], "38": [2, 0.28530600760132074], "39": [2, 0.30454965122044086], "40": [2, 0.3003961108624935], "41": [2, 0.30237080808728933], "42": [2, 0.30502347834408283], "43": [2, 0.30902898125350475], "44": [2, 0.30751912854611874], "45": [2, 0.30462008249014616], "46": [2, 0.3058476373553276], "47": [2, 0.2870430890470743], "48": [2, 0.29086651373654604], "49": [2, 0.30036814138293266], "50": [2, 0.2879161583259702], "51": [2, 0.3054368747398257], "52": [2, 0.30648573115468025], "53": [2, 0.30332715902477503], "54": [2, 0.28531116899102926], "55": [2, 0.30332343000918627], "56": [2, 0.3056990634649992], "57": [2, 0.3036327073350549], "58": [2, 0.28777195513248444], "59": [2, 0.30230515263974667], "60": [2, 0.28706058394163847], "61": [2, 0.3047062046825886], "62": [2, 0.3059410508722067], "63": [2, 0.3040851028636098], "64": [2, 0.2873087730258703], "65": [2, 0.28347600903362036], "66": [2, 0.306724582798779], "67": [2, 0.30630745738744736], "68": [2, 0.3032198762521148], "69": [2, 0.30707667116075754], "70": [2, 0.30556394811719656], "71": [1, 0.28240592312067747]}, {"1": [4, 0.404134021140635], "2": [4, 0.3796100728213787], "3": [4, 0.37007285468280315], "4": [4, 0.38911854941397905], "5": [4, 0.3720440426841378], "6": [4, 0.37920332979410887], "7": [4, 0.3897829242050648], "8": [4, 0.39091199077665806], "9": [4, 0.38929436076432467], "10": [4, 0.3680062033236027], "11": [4, 0.3911994183436036], "12": [4, 0.36865049321204424], "13": [4, 0.37357556726783514], "14": [4, 0.38843259029090405], "15": [4, 0.36975710559636354], "16": [4, 0.3742634439840913], "17": [4, 0.370361533947289], "18": [4, 0.3687049336731434], "19": [4, 0.3713135654106736], "20": [4, 0.3676233207806945], "21": [4, 0.3698339769616723], "22": [4, 0.3663278706371784], "23": [4, 0.36865120381116867], "24": [4, 0.36834602896124125], "25": [4, 0.3728519370779395], "26": [4, 0.36720674484968185], "27": [4, 0.3706772858276963], "28": [4, 0.36536991130560637], "29": [4, 0.373424356803298], "30": [4, 0.3894442254677415], "31": [4, 0.3708190508186817], "32": [4, 0.36788875702768564], "33": [4, 0.37615166045725346], "34": [4, 0.3742853235453367], "35": [4, 0.3705695690587163], "36": [4, 0.37026300374418497], "37": [4, 0.3719777250662446], "38": [4, 0.3906119344756007], "39": [4, 0.3744792975485325], "40": [4, 0.367905386723578], "41": [4, 0.3731015073135495], "42": [4, 0.3745267214253545], "43": [4, 0.376330160535872], "44": [4, 0.3731954488903284], "45": [4, 0.3817291185259819], "46": [4, 0.3713856926187873], "47": [4, 0.36939639784395695], "48": [4, 0.3721896056085825], "49": [4, 0.3721071667969227], "50": [4, 0.3685679407790303], "51": [4, 0.37008542474359274], "52": [4, 0.37317828740924597], "53": [4, 0.37092121690511703], "54": [4, 0.3676326163113117], "55": [4, 0.3695374047383666], "56": [4, 0.3725427994504571], "57": [4, 0.37138656713068485], "58": [4, 0.3682316346094012], "59": [4, 0.37425808515399694], "60": [4, 0.3702229531481862], "61": [4, 0.37082044687122107], "62": [4, 0.37049480341374874], "63": [4, 0.3741224408149719], "64": [4, 0.37576084211468697], "65": [4, 0.36744331289082766], "66": [4, 0.37292098719626665], "67": [4, 0.3741617649793625], "68": [4, 0.3742635352537036], "69": [4, 0.36959447152912617], "70": [4, 0.3877524062991142], "71": [1, 0.2597374767065048]}], "tbt": [{"1": [1, 127, 0.15677572292547057], "2": [1, 127, 0.1561811871635984], "3": [1, 127, 0.1561070123144726], "4": [1, 127, 0.155950709216766], "5": [1, 127, 0.15586829801478724], "6": [1, 127, 0.1561060698160271], "7": [1, 127, 0.1558894264093769], "8": [1, 127, 0.15639383631839057], "9": [1, 127, 0.15622599685461971], "10": [1, 127, 0.156102797947824], "11": [1, 127, 0.15596223240498247], "12": [1, 127, 0.1560272954727017], "13": [1, 127, 0.15592051355358888], "14": [1, 127, 0.15599509019873978], "15": [1, 127, 0.15590722553109324], "16": [1, 127, 0.15611318946178035], "17": [1, 127, 0.15589241665883327], "18": [1, 127, 0.15592431452301309], "19": [1, 127, 0.15596312079871968], "20": [1, 127, 0.1561796509946777], "21": [1, 127, 0.15597041735176262], "22": [1, 127, 0.15645100057535755], "23": [1, 127, 0.15619594281113994], "24": [1, 127, 0.15593667314424525], "25": [1, 127, 0.15555052369774328], "26": [1, 127, 0.15550702093829086], "27": [1, 127, 0.15539239524445664], "28": [1, 127, 0.1556104005967069], "29": [1, 127, 0.15559033283186474], "30": [1, 127, 0.15555575705595373], "31": [1, 127, 0.15556815774069996], "32": [1, 127, 0.1556935424469118], "33": [1, 127, 0.15569032394275892], "34": [1, 127, 0.15588883825350464], "35": [1, 127, 0.15555665368492913], "36": [1, 127, 0.1557032452294911],