{"l17w1.0sml64": [{"batch_size": 1, "mean_ttft": 148433.21192181774, "std_ttft": 965.2810864308193, "mean_tbt": 90062.15689496862, "std_tbt": 100.21104735692042}, {"batch_size": 2, "mean_ttft": 180720.78172117472, "std_ttft": 16220.187491321574, "mean_tbt": 138142.23918292776, "std_tbt": 98.6538613256001}, {"batch_size": 4, "mean_ttft": 172253.5353567865, "std_ttft": 9847.14796616483, "mean_tbt": 138457.37072020315, "std_tbt": 179.2061548896141}]}