{"l18w1.0sml64": [{"batch_size": 1, "mean_ttft": 155122.72599670623, "std_ttft": 1465.7508822900327, "mean_tbt": 93015.40232561773, "std_tbt": 574.6072242736562}, {"batch_size": 2, "mean_ttft": 173812.7443732487, "std_ttft": 13469.85228185281, "mean_tbt": 144134.4068212382, "std_tbt": 152.71279162996947}, {"batch_size": 4, "mean_ttft": 180728.2947210802, "std_ttft": 9560.649930827518, "mean_tbt": 144610.89313898666, "std_tbt": 87.85923866805317}]}