{"l20w1.0sml64": [{"batch_size": 1, "mean_ttft": 172381.74722426466, "std_ttft": 2040.6474050453596, "mean_tbt": 105108.57772942398, "std_tbt": 860.8789340261851}, {"batch_size": 2, "mean_ttft": 196139.42073451148, "std_ttft": 15564.631202111228, "mean_tbt": 161757.35191306125, "std_tbt": 179.69200344500422}, {"batch_size": 4, "mean_ttft": 197492.9409308566, "std_ttft": 4972.109006093402, "mean_tbt": 162310.32497661436, "std_tbt": 192.4079331763423}]}