{"ttft": [{"1": [1, 0.30464896000921726], "2": [1, 0.2656338242813945], "3": [1, 0.26612279936671257], "4": [1, 0.2655603550374508], "5": [1, 0.2654507262632251], "6": [1, 0.2649861294776201], "7": [1, 0.26634934451431036], "8": [1, 0.26564212143421173], "9": [1, 0.26632312405854464], "10": [1, 0.2672634022310376], "11": [1, 0.26352796517312527], "12": [1, 0.26702419482171535], "13": [1, 0.2670744536444545], "14": [1, 0.26789604406803846], "15": [1, 0.2653981316834688], "16": [1, 0.26536093186587095], "17": [1, 0.26603368390351534], "18": [1, 0.26598197408020496], "19": [1, 0.26446522027254105], "20": [1, 0.26424126233905554], "21": [1, 0.26428130362182856], "22": [1, 0.2650191141292453], "23": [1, 0.26655499543994665], "24": [1, 0.2661151047796011], "25": [1, 0.2656225897371769], "26": [1, 0.26547742169350386], "27": [1, 0.26693609543144703], "28": [1, 0.266989323310554], "29": [1, 0.26702924352139235], "30": [1, 0.26855085510760546], "31": [1, 0.2653059223666787], "32": [1, 0.2630385085940361], "33": [1, 0.2683422463014722], "34": [1, 0.2662267507985234], "35": [1, 0.2649977542459965], "36": [1, 0.2649474050849676], "37": [1, 0.26413186360150576], "38": [1, 0.2648485256358981], "39": [1, 0.26588216330856085], "40": [1, 0.26722545735538006], "41": [1, 0.2634370010346174], "42": [1, 0.26531772036105394], "43": [1, 0.2668348615989089], "44": [1, 0.2640863936394453], "45": [1, 0.2657942632213235], "46": [1, 0.2662842469289899], "47": [1, 0.26761677116155624], "48": [1, 0.2672011675313115], "49": [1, 0.264383708126843], "50": [1, 0.27122240979224443], "51": [1, 0.266538854688406], "52": [1, 0.26437516789883375], "53": [1, 0.26764312013983727], "54": [1, 0.2685592984780669], "55": [1, 0.26832641288638115], "56": [1, 0.2666317019611597], "57": [1, 0.26525324769318104], "58": [1, 0.26703040581196547], "59": [1, 0.26472814194858074], "60": [1, 0.26535767409950495], "61": [1, 0.2682778723537922], "62": [1, 0.26360202487558126], "63": [1, 0.26648355182260275], "64": [1, 0.26943337824195623], "65": [1, 0.2674491498619318], "66": [1, 0.26809952314943075], "67": [1, 0.26651488058269024], "68": [1, 0.26535465382039547], "69": [1, 0.26333670504391193], "70": [1, 0.2669069832190871], "71": [1, 0.26314182579517365]}, {"1": [2, 0.31792293675243855], "2": [2, 0.32241983525455], "3": [2, 0.33350146748125553], "4": [2, 0.28521085251122713], "5": [2, 0.28714990988373756], "6": [2, 0.33138730097562075], "7": [2, 0.29471115209162235], "8": [2, 0.3008391913026571], "9": [2, 0.29011831525713205], "10": [2, 0.3249717243015766], "11": [2, 0.34081109147518873], "12": [2, 0.29256107471883297], "13": [2, 0.2960971063002944], "14": [2, 0.29079913161695004], "15": [2, 0.306589069776237], "16": [2, 0.28981440234929323], "17": [2, 0.28504844661802053], "18": [2, 0.3159632608294487], "19": [2, 0.34113378915935755], "20": [2, 0.3100435584783554], "21": [2, 0.28557814098894596], "22": [2, 0.2889547925442457], "23": [2, 0.29796069767326117], "24": [2, 0.34148701559752226], "25": [2, 0.33891133591532707], "26": [2, 0.2922617429867387], "27": [2, 0.2956121936440468], "28": [2, 0.28635821025818586], "29": [2, 0.34196025040000677], "30": [2, 0.3417256725952029], "31": [2, 0.2913272827863693], "32": [2, 0.32241734489798546], "33": [2, 0.34211885649710894], "34": [2, 0.3434871416538954], "35": [2, 0.34214222710579634], "36": [2, 0.34198081865906715], "37": [2, 0.3221341082826257], "38": [2, 0.33648678101599216], "39": [2, 0.3375083710998297], "40": [2, 0.3010101616382599], "41": [2, 0.3386369477957487], "42": [2, 0.34061551466584206], "43": [2, 0.3387293163686991], "44": [2, 0.34831309597939253], "45": [2, 0.3120648832991719], "46": [2, 0.3040486266836524], "47": [2, 0.28828933648765087], "48": [2, 0.3019787101075053], "49": [2, 0.33509359788149595], "50": [2, 0.33981011528521776], "51": [2, 0.3112059663981199], "52": [2, 0.2867234265431762], "53": [2, 0.2932817507535219], "54": [2, 0.28606585320085287], "55": [2, 0.3295691516250372], "56": [2, 0.33389269281178713], "57": [2, 0.28944077529013157], "58": [2, 0.34293044824153185], "59": [2, 0.28822783939540386], "60": [2, 0.3415625439956784], "61": [2, 0.3312864415347576], "62": [2, 0.2885436052456498], "63": [2, 0.3434725133702159], "64": [2, 0.2912243437021971], "65": [2, 0.34186059050261974], "66": [2, 0.3320375233888626], "67": [2, 0.30248712189495564], "68": [2, 0.3383135078474879], "69": [2, 0.3419748963788152], "70": [2, 0.29139243997633457], "71": [1, 0.31396929919719696]}], "tbt": [{"1": [1, 255, 0.1568887840846882], "2": [1, 255, 0.1563994698080362], "3": [1, 255, 0.15633046293594674], "4": [1, 255, 0.156489394415243], "5": [1, 255, 0.1563189322786296], "6": [1, 255, 0.1562394507521508], "7": [1, 255, 0.1563856904668843], "8": [1, 255, 0.15658160160642629], "9": [1, 255, 0.1566931279120492], "10": [1, 255, 0.1564610984870324], "11": [1, 255, 0.15634330976023977], "12": [1, 255, 0.15635720546192983], "13": [1, 255, 0.15643585289591083], "14": [1, 255, 0.15650533098435285], "15": [1, 255, 0.15649567632844635], "16": [1, 255, 0.15655600165984795], "17": [1, 255, 0.15625912907588133], "18": [1, 255, 0.15628788026378435], "19": [1, 255, 0.15628275243455872], "20": [1, 255, 0.1563060725838238], "21": [1, 255, 0.1562479203019072], "22": [1, 255, 0.1560592922984677], "23": [1, 255, 0.15621321270717126], "24": [1, 255, 0.15622240726781242], "25": [1, 255, 0.15625899554978984], "26": [1, 255, 0.15630043170177468], "27": [1, 255, 0.15630513012190075], "28": [1, 255, 0.15629018636822117], "29": [1, 255, 0.15618103303964817], "30": [1, 255, 0.1564515787268094], "31": [1, 255, 0.1562982049204555], "32": [1, 255, 0.15632719432606418], "33": [1, 255, 0.15623697807245396], "34": [1, 255, 0.15625012083819098], "35": [1, 255, 0.15641738077735198], "36": [1, 255, 0.15634255815735634], "37": [1, 255, 0.15630447339339584], "38": [1, 255, 0.15636697496634488], "39": [1, 255, 0.1562996243437131], "40": [1, 255, 0.15635471518936694], "41": [1, 255, 0.15632267599815833], "42": [1, 255, 0.15642206480397897], "43": [1, 255, 0.1561939517985664], "44": [1, 255, 0.15585944483093186], "45": [1, 255, 0.15590371247015747], "46": [1, 255, 0.1558645444027349], "47": [1, 255, 0.15594410903970984], "48": [1, 255, 0.156009317813989], "49": [1, 255, 0.15595787369518305], "50": [1, 255, 0.15614451495382717], "51": [1, 255, 0.15605154931180032], "52": [1, 255, 0.15629221944540156], "53": [1, 255, 0.15603400017773988], "54": [1, 255, 0.1562364690626661], "55": [1, 255, 0.15631083710959146], "56": [1, 255, 0.1563115814152886], "57": [1, 255, 0.15632494910455802], "58": [1, 255, 0.1563931876647414], "59": [1, 255, 0.15630755425595186], "60": [1, 255, 0.15644075637865884], "61": [1, 255, 0.15634889104129637], "62": [1, 255, 0.15638000026491342], "63": [1, 255, 0.1562834841582705], "64": [1, 255, 0.15638025419823096], "65": [1, 255, 0.15625302440979902], "66": [1, 255, 0.15628723066081018], "67": [1, 255, 0.15611712662320512], "68": [1, 255, 0.1562041222428282], "69": [1, 255, 0.15626176843310105], "70": [1, 255, 0.15610947570233952]}, {"1": [2, 255, 0.24551624999034638], "2": [2, 255, 0.24460194440302896], "3": [2, 255, 0.24448099363156978], "4": [2, 255, 0.2443733891362653], "5": [2, 255, 0.24456823819189094], "6": [2, 255, 0.24428816235752082], "7": [2, 255, 0.2444800778419948], "8": [2, 255, 0.2442012975211529], "9": [2, 255, 0.24427352807320216], "10": [2, 255, 0.24410172853545814], "11": [2, 255, 0.244238625532564], "12": [2, 255, 0.24361990736980063], "13": [2, 255, 0.244213109711806], "14": [2, 255, 0.24424258484779035], "15": [2, 255, 0.24418175438163328], "16": [2, 255, 0.24402227517509578], "17": [2, 255, 0.24445454848236314], "18": [2, 255, 0.24350841994598216], "19": [2, 255, 0.24358541044753557], "20": [2, 255, 0.24431532111164986], "21": [2, 255, 0.24433001166246102], "22": [2, 255, 0.24413593172588768], "23": [2, 255, 0.2447410173312414], "24": [2, 255, 0.2440185437526773], "25": [2, 255, 0.2444177949435863], "26": [2, 255, 0.24431713122290138],