{
    "l28w1.0sml128": [
        {
            "batch_size": 1,
            "mean_ttft": 239512.9470154643,
            "std_ttft": 1356.3432661715651,
            "mean_tbt": 140186.8218269548,
            "std_tbt": 549.9998914729682
        },
        {
            "batch_size": 2,
            "mean_ttft": 282097.98238757584,
            "std_ttft": 20441.20932362019,
            "mean_tbt": 219586.9283439807,
            "std_tbt": 155.92514594688893
        },
        {
            "batch_size": 4,
            "mean_ttft": 344708.90344431,
            "std_ttft": 7394.081489426915,
            "mean_tbt": 220879.20533740704,
            "std_tbt": 146.95332609502407
        }
    ]
}