{
    "l22w1.0sml128": [
        {
            "batch_size": 1,
            "mean_ttft": 195170.1339127289,
            "std_ttft": 2174.296555590656,
            "mean_tbt": 114705.61756555614,
            "std_tbt": 459.2432768898522
        },
        {
            "batch_size": 2,
            "mean_ttft": 231720.6515620152,
            "std_ttft": 15622.258797188428,
            "mean_tbt": 177383.1977526412,
            "std_tbt": 194.26574086380398
        },
        {
            "batch_size": 4,
            "mean_ttft": 277153.15622174076,
            "std_ttft": 6790.872646562359,
            "mean_tbt": 178250.69947180405,
            "std_tbt": 121.33658078902081
        }
    ]
}