{
    "l29w1.0sml128mnt256": [
        {
            "batch_size": 1,
            "mean_ttft": 253137.4611519277,
            "std_ttft": 1441.110266271236,
            "mean_tbt": 149859.40412811787,
            "std_tbt": 227.0745026945726
        },
        {
            "batch_size": 2,
            "mean_ttft": 291572.61563465,
            "std_ttft": 18415.259053074347,
            "mean_tbt": 231831.73371179437,
            "std_tbt": 366.16117267379093
        }
    ]
}