{"ttft": [{"1": [1, 0.2524598501622677], "2": [1, 0.2232570555061102], "3": [1, 0.22363440971821547], "4": [1, 0.2260839818045497], "5": [1, 0.22394854482263327], "6": [1, 0.22562406491488218], "7": [1, 0.22598084062337875], "8": [1, 0.22686141915619373], "9": [1, 0.22632219456136227], "10": [1, 0.22387386206537485], "11": [1, 0.22534590400755405], "12": [1, 0.22628885228186846], "13": [1, 0.22620193287730217], "14": [1, 0.22397928684949875], "15": [1, 0.22705217264592648], "16": [1, 0.2272716574370861], "17": [1, 0.2259208122268319], "18": [1, 0.23862536437809467], "19": [1, 0.2269222605973482], "20": [1, 0.22706343792378902], "21": [1, 0.22615254577249289], "22": [1, 0.22652309201657772], "23": [1, 0.22330782748758793], "24": [1, 0.2243720144033432], "25": [1, 0.22494208812713623], "26": [1, 0.22482818830758333], "27": [1, 0.22520936373621225], "28": [1, 0.22416216507554054], "29": [1, 0.22506065387278795], "30": [1, 0.22342445142567158], "31": [1, 0.22698277048766613], "32": [1, 0.2263466054573655], "33": [1, 0.2271025087684393], "34": [1, 0.2267611501738429], "35": [1, 0.2277718186378479], "36": [1, 0.224333256483078], "37": [1, 0.22609534580260515], "38": [1, 0.2243074169382453], "39": [1, 0.22389461006969213], "40": [1, 0.22443983424454927], "41": [1, 0.22834438737481833], "42": [1, 0.22520349267870188], "43": [1, 0.2244881810620427], "44": [1, 0.2264992780983448], "45": [1, 0.22436894197016954], "46": [1, 0.22676366288214922], "47": [1, 0.2258395329117775], "48": [1, 0.22571295406669378], "49": [1, 0.22794418781995773], "50": [1, 0.2261226186528802], "51": [1, 0.22720670606940985]}, {"1": [2, 0.27177321445196867], "2": [2, 0.2538874391466379], "3": [2, 0.26428940799087286], "4": [2, 0.23860583268105984], "5": [2, 0.2438788916915655], "6": [2, 0.2425448363646865], "7": [2, 0.25887850765138865], "8": [2, 0.23859331011772156], "9": [2, 0.25789555720984936], "10": [2, 0.23677029088139534], "11": [2, 0.23683632910251617], "12": [2, 0.2531608399003744], "13": [2, 0.2381973322480917], "14": [2, 0.24388391617685556], "15": [2, 0.2531219385564327], "16": [2, 0.23798285145312548], "17": [2, 0.25709500070661306], "18": [2, 0.2392780752852559], "19": [2, 0.25482930708676577], "20": [2, 0.2611921513453126], "21": [2, 0.23629709891974926], "22": [2, 0.2543599586933851], "23": [2, 0.2367658130824566], "24": [2, 0.25522603932768106], "25": [2, 0.23625909630209208], "26": [2, 0.2573751835152507], "27": [2, 0.25344495847821236], "28": [2, 0.25589375756680965], "29": [2, 0.2543486151844263], "30": [2, 0.2547221090644598], "31": [2, 0.23959587328135967], "32": [2, 0.23815146833658218], "33": [2, 0.23993756715208292], "34": [2, 0.23711307998746634], "35": [2, 0.2553816381841898], "36": [2, 0.23916968517005444], "37": [2, 0.2532405713573098], "38": [2, 0.23906901385635138], "39": [2, 0.2541571883484721], "40": [2, 0.2367386193946004], "41": [2, 0.2372496733441949], "42": [2, 0.23851334769278765], "43": [2, 0.25549498200416565], "44": [2, 0.23882720433175564], "45": [2, 0.2554553495720029], "46": [2, 0.25493892654776573], "47": [2, 0.25499245524406433], "48": [2, 0.25756354443728924], "49": [2, 0.2551357913762331], "50": [2, 0.2555732959881425], "51": [1, 0.2268161978572607]}, {"1": [4, 0.2827745210379362], "2": [4, 0.2763301841914654], "3": [4, 0.25239118095487356], "4": [4, 0.2724502785131335], "5": [4, 0.25638293381780386], "6": [4, 0.2557520307600498], "7": [4, 0.2602992467582226], "8": [4, 0.2529518809169531], "9": [4, 0.25480728037655354], "10": [4, 0.2736109411343932], "11": [4, 0.25598945561796427], "12": [4, 0.25687710382044315], "13": [4, 0.2560721021145582], "14": [4, 0.2522764755412936], "15": [4, 0.2514667958021164], "16": [4, 0.25425131153315306], "17": [4, 0.24974195379763842], "18": [4, 0.2556116748601198], "19": [4, 0.27268165722489357], "20": [4, 0.2527899369597435], "21": [4, 0.27162827644497156], "22": [4, 0.2581617124378681], "23": [4, 0.26927537377923727], "24": [4, 0.25390248093754053], "25": [4, 0.25726664159446955], "26": [4, 0.25482671055942774], "27": [4, 0.2564400192350149], "28": [4, 0.2544947415590286], "29": [4, 0.25747984647750854], "30": [4, 0.2527958517894149], "31": [4, 0.25506056379526854], "32": [4, 0.25430224370211363], "33": [4, 0.27176981046795845], "34": [4, 0.2722830316051841], "35": [4, 0.25377404782921076], "36": [4, 0.27477897331118584], "37": [4, 0.2606371361762285], "38": [4, 0.2524401107802987], "39": [4, 0.2719482248649001], "40": [4, 0.2588875750079751], "41": [4, 0.25155410915613174], "42": [4, 0.2721145795658231], "43": [4, 0.25340899731963873], "44": [4, 0.2516773669049144], "45": [4, 0.2713797679170966], "46": [4, 0.2537771621719003], "47": [4, 0.2531930487602949], "48": [4, 0.2729656873270869], "49": [4, 0.2512075314298272], "50": [4, 0.2503353003412485], "51": [1, 0.2241222755983472]}], "tbt": [{"1": [1, 127, 0.13741743995067407], "2": [1, 127, 0.13820096214602548], "3": [1, 127, 0.13701452264987576], "4": [1, 127, 0.13698553544740508], "5": [1, 127, 0.13698535824678545], "6": [1, 127, 0.13702179234856227], "7": [1, 127, 0.13710802250109086], "8": [1, 127, 0.13718706604797304], "9": [1, 127, 0.13755313023983493], "10": [1, 127, 0.1375808806679263], "11": [1, 127, 0.1379202212258352], "12": [1, 127, 0.13746125721116], "13": [1, 127, 0.13763232474897322], "14": [1, 127, 0.137953915361931], "15": [1, 127, 0.13761932677112695], "16": [1, 127, 0.13752209332837598], "17": [1, 127, 0.13766490759724004], "18": [1, 127, 0.13754466440763294], "19": [1, 127, 0.13719947234265448], "20": [1, 127, 0.13722179431878911], "21": [1, 127, 0.1372401802690597], "22": [1, 127, 0.1371432339303254], "23": [1, 127, 0.13709042898899926], "24": [1, 127, 0.13708424995704663], "25": [1, 127, 0.13803554575626306], "26": [1, 127, 0.13723759651624076], "27": [1, 127, 0.13736184110029007], "28": [1, 127, 0.1371173106764597], "29": [1, 127, 0.13693460324911153], "30": [1, 127, 0.1369248890779971], "31": [1, 127, 0.13701756563272297], "32": [1, 127, 0.13703715105313719], "33": [1, 127, 0.1370645185903184], "34": [1, 127, 0.13681492597363362], "35": [1, 127, 0.1369186040586022], "36": [1, 127, 0.13692140111362372], "37": [1, 127, 0.13689712162210246], "38": [1, 127, 0.13694171427096438], "39": [1, 127, 0.1377874609068271], "40": [1, 127, 0.13825186040604442], "41": [1, 127, 0.13874784623104053], "42": [1, 127, 0.13766314538093063], "43": [1, 127, 0.1373732290780685], "44": [1, 127, 0.1369646539999627], "45": [1, 127, 0.1373416137492915], "46": [1, 127, 0.1376004026484067], "47": [1, 127, 0.13740845555512923], "48": [1, 127, 0.13732150345160735], "49": [1, 127, 0.13698224404342765], "50": [1, 127, 0.13698751546119844]}, {"1": [2, 127, 0.21376207033098918], "2": [2, 127, 0.21414163905951217], "3": [2, 127, 0.2165832099776099], "4": [2, 127, 0.21490179085884037], "5": [2, 127, 0.2143109766766429], "6": [2, 127, 0.21435583636575328], "7": [2, 127, 0.2137431559174901], "8": [2, 127, 0.21355371202129547], "9": [2, 127, 0.2137144192774582], "10": [2, 127, 0.2143785614505645], "11": [2, 127, 0.21406132706594982], "12": [2, 127, 0.21360713772945047], "13": [2, 127, 0.21360123299032918], "14": [2, 127, 0.21346941412844528], "15": [2, 127, 0.2135384977450521], "16": [2, 127, 0.21345347527590558], "17": [2, 127, 0.21350050915589952], "18": [2, 127, 0.21392052990978394], "19": [2, 127, 0.21398396399165467], "20": [2, 127, 0.2139446854987365], "21": [2, 127, 0.21368233768606748], "22": [2, 127, 0.21354588693169158], "23": [2, 127, 0.21356698782659891], "24": [2, 127, 0.21353413422012657], "25": [2, 127, 0.21350697647252187], "26": [2, 127, 0.2133958736199915], "27": [2, 127, 0.21346831212450904], "28": [2, 127, 0.2135297210931074], "29": [2, 127, 0.21339089677881773], "30": [2, 127, 0.21353496452720147], "31": [2, 127, 0.213553285702887], "32": [2, 127, 0.21365295114420998], "33": [2, 127, 0.213670778777597], "34": [2, 127, 0.21420635456057985], "35": [2, 127, 0.2140984697942072], "36": [2, 127, 0.2135917866367876], "37": [2, 127, 0.21355802150751194],