{"ttft": [{"1": [1, 0.31221621483564377], "2": [1, 0.15521261282265186], "3": [1, 0.14476579893380404], "4": [1, 0.14475540909916162], "5": [1, 0.14389574993401766], "6": [1, 0.14233085978776217], "7": [1, 0.14330750610679388], "8": [1, 0.14421710651367903], "9": [1, 0.14225326012820005], "10": [1, 0.14250818639993668], "11": [1, 0.1422156896442175], "12": [1, 0.14432088565081358], "13": [1, 0.14793730340898037], "14": [1, 0.1444513937458396], "15": [1, 0.14343054685741663], "16": [1, 0.14120893273502588], "17": [1, 0.14457865338772535], "18": [1, 0.14864004589617252], "19": [1, 0.14372976403683424], "20": [1, 0.14365740586072206], "21": [1, 0.14614708628505468], "22": [1, 0.1447074543684721], "23": [1, 0.14361262694001198], "24": [1, 0.1429219152778387], "25": [1, 0.1487626051530242], "26": [1, 0.14473680313676596], "27": [1, 0.14488512184470892], "28": [1, 0.14617529697716236], "29": [1, 0.14306757412850857], "30": [1, 0.14447707775980234], "31": [1, 0.1417016014456749], "32": [1, 0.14293838571757078], "33": [1, 0.1448530526831746], "34": [1, 0.1411195769906044], "35": [1, 0.1471120659261942], "36": [1, 0.14394791424274445], "37": [1, 0.1423996826633811], "38": [1, 0.14147889334708452], "39": [1, 0.14806424640119076], "40": [1, 0.14530305843800306], "41": [1, 0.15390110667794943], "42": [1, 0.1487937280908227], "43": [1, 0.1495555192232132], "44": [1, 0.14547182712703943], "45": [1, 0.1452189814299345], "46": [1, 0.14587740413844585], "47": [1, 0.14495544508099556], "48": [1, 0.14270726218819618], "49": [1, 0.1425732532516122], "50": [1, 0.14589598402380943], "51": [1, 0.14367638994008303], "52": [1, 0.14830870646983385], "53": [1, 0.1429365100339055], "54": [1, 0.14259033370763063], "55": [1, 0.14356019161641598], "56": [1, 0.15433789417147636], "57": [1, 0.14373259991407394], "58": [1, 0.14645713940262794], "59": [1, 0.1442776955664158], "60": [1, 0.1442260444164276], "61": [1, 0.14833744708448648], "62": [1, 0.14568529836833477], "63": [1, 0.1420180220156908], "64": [1, 0.1464715600013733], "65": [1, 0.15942154545336962], "66": [1, 0.14342116564512253], "67": [1, 0.14369824435561895], "68": [1, 0.14437109418213367], "69": [1, 0.1408244576305151], "70": [1, 0.14523317478597164], "71": [1, 0.1416462380439043]}, {"1": [2, 0.1945906300097704], "2": [2, 0.15783220622688532], "3": [2, 0.16725793480873108], "4": [2, 0.16095757856965065], "5": [2, 0.15174464881420135], "6": [2, 0.15604025777429342], "7": [2, 0.1625972306355834], "8": [2, 0.15980286337435246], "9": [2, 0.16027839947491884], "10": [2, 0.1575919408351183], "11": [2, 0.15558350458741188], "12": [2, 0.18573410715907812], "13": [2, 0.15648631379008293], "14": [2, 0.1557583138346672], "15": [2, 0.15579275228083134], "16": [2, 0.15784589853137732], "17": [2, 0.15294007677584887], "18": [2, 0.15582349244505167], "19": [2, 0.15579331293702126], "20": [2, 0.1555868461728096], "21": [2, 0.15687059983611107], "22": [2, 0.15704025980085135], "23": [2, 0.15483995620161295], "24": [2, 0.1532586645334959], "25": [2, 0.1881859190762043], "26": [2, 0.16220018826425076], "27": [2, 0.15487436577677727], "28": [2, 0.15385216753929853], "29": [2, 0.15192746091634035], "30": [2, 0.15480476710945368], "31": [2, 0.16724218055605888], "32": [2, 0.15760478470474482], "33": [2, 0.15321684628725052], "34": [2, 0.19260731898248196], "35": [2, 0.15363695193082094], "36": [2, 0.15667670592665672], "37": [2, 0.16156998835504055], "38": [2, 0.1564486688002944], "39": [2, 0.1641933862119913], "40": [2, 0.15598128456622362], "41": [2, 0.16645654011517763], "42": [2, 0.1911162380129099], "43": [2, 0.1622060826048255], "44": [2, 0.1601748364046216], "45": [2, 0.15835906751453876], "46": [2, 0.1967149218544364], "47": [2, 0.15806105267256498], "48": [2, 0.1936976993456483], "49": [2, 0.15359047707170248], "50": [2, 0.1651862384751439], "51": [2, 0.16806823574006557], "52": [2, 0.15744355134665966], "53": [2, 0.16326944157481194], "54": [2, 0.1742578325793147], "55": [2, 0.15840758942067623], "56": [2, 0.18360908143222332], "57": [2, 0.15766408946365118], "58": [2, 0.1614400753751397], "59": [2, 0.1598779745399952], "60": [2, 0.15766536071896553], "61": [2, 0.17560299672186375], "62": [2, 0.16172337252646685], "63": [2, 0.156294715590775], "64": [2, 0.15725914482027292], "65": [2, 0.16357131954282522], "66": [2, 0.15944807045161724], "67": [2, 0.1624266942963004], "68": [2, 0.18287927098572254], "69": [2, 0.1961996629834175], "70": [2, 0.1531501356512308], "71": [1, 0.15592029225081205]}, {"1": [4, 0.23618916049599648], "2": [4, 0.20541807543486357], "3": [4, 0.2030726419761777], "4": [4, 0.20194593630731106], "5": [4, 0.2031832030043006], "6": [4, 0.20200368575751781], "7": [4, 0.2023320123553276], "8": [4, 0.22126713767647743], "9": [4, 0.20689937379211187], "10": [4, 0.20116758160293102], "11": [4, 0.2016600053757429], "12": [4, 0.203023049980402], "13": [4, 0.20109831169247627], "14": [4, 0.20323446579277515], "15": [4, 0.2022274388000369], "16": [4, 0.20364127214998007], "17": [4, 0.2003165315836668], "18": [4, 0.20196749176830053], "19": [4, 0.20483979769051075], "20": [4, 0.203141987323761], "21": [4, 0.20177503302693367], "22": [4, 0.20206187944859266], "23": [4, 0.20714734960347414], "24": [4, 0.20091731380671263], "25": [4, 0.2007064949721098], "26": [4, 0.20535767078399658], "27": [4, 0.20177437365055084], "28": [4, 0.20171486400067806], "29": [4, 0.20071077533066273], "30": [4, 0.20131863001734018], "31": [4, 0.20057377871125937], "32": [4, 0.20336116664111614], "33": [4, 0.20370976068079472], "34": [4, 0.20455683209002018], "35": [4, 0.20215123984962702], "36": [4, 0.20268002338707447], "37": [4, 0.20302161946892738], "38": [4, 0.2051959941163659], "39": [4, 0.2023908868432045], "40": [4, 0.20428479369729757], "41": [4, 0.20358610339462757], "42": [4, 0.19966083765029907], "43": [4, 0.20469302870333195], "44": [4, 0.20538726169615984], "45": [4, 0.20316225662827492], "46": [4, 0.20340421423316002], "47": [4, 0.20054272655397654], "48": [4, 0.20171258319169283], "49": [4, 0.2033637845888734], "50": [4, 0.20217324793338776], "51": [4, 0.200319348834455], "52": [4, 0.2029498592019081], "53": [4, 0.2007174650207162], "54": [4, 0.21774571482092142], "55": [4, 0.20566318556666374], "56": [4, 0.20243255514651537], "57": [4, 0.2009189110249281], "58": [4, 0.20246002450585365], "59": [4, 0.20141275506466627], "60": [4, 0.22525088675320148], "61": [4, 0.20552942715585232], "62": [4, 0.20036922674626112], "63": [4, 0.20128761790692806], "64": [4, 0.20309463515877724], "65": [4, 0.20568234473466873], "66": [4, 0.2044689580798149], "67": [4, 0.20912531483918428], "68": [4, 0.2005879133939743], "69": [4, 0.20555709581822157], "70": [4, 0.20210357569158077], "71": [1, 0.14205093774944544]}], "tbt": [{"1": [1, 255, 0.08418712522469315], "2": [1, 255, 0.08422356091951039], "3": [1, 255, 0.08318091307346727], "4": [1, 255, 0.08319666654455896], "5": [1, 255, 0.08343429087715991], "6": [1, 255, 0.0830741182882704], "7": [1, 255, 0.08285834969697045], "8": [1, 255, 0.08299232550403651], "9": [1, 255, 0.08291313077012698], "10": [1, 255, 0.0828849165207323], "11": [1, 255, 0.08314189062472067], "12": [1, 255, 0.0833026830545243], "13": [1, 255, 0.08484604112876981], "14": [1, 255, 0.08354719104062693], "15": [1, 255, 0.08317142525213021], "16": [1, 255, 0.0832080787303401], "17": [1, 255, 0.08428389348966234], "18": [1, 255, 0.08449719886058102], "19": [1, 255, 0.08320847060166153], "20": [1, 255, 0.0839722357507722], "21": [1, 255, 0.08351665851751379], "22": [1, 255, 0.08317732354078222], "23": [1, 255, 0.0832032013830601], "24": [1, 255, 0.0844293265146952], "25": [1, 255, 0.08483566653129516], "26": [1, 255, 0.08413892130130061], "27": [1, 255, 0.08340688108594395], "28": [1, 255, 0.08367366648699139], "29": [1, 255, 0.08376174291194069], "30": [1, 255, 0.08350084656301666], "31": [1, 255, 0.08329057690194425], "32": [1, 255, 0.08334228247404099], "33": [1, 255, 0.08315301570018717], "34": [1, 255, 0.08433305382290307],