{"ttft": [{"1": [1, 0.3577101705595851], "2": [1, 0.19878964684903622], "3": [1, 0.19745663180947304], "4": [1, 0.19568663369864225], "5": [1, 0.20586980413645506], "6": [1, 0.2004829877987504], "7": [1, 0.19759755209088326], "8": [1, 0.1960954898968339], "9": [1, 0.19730158522725105], "10": [1, 0.19554688595235348], "11": [1, 0.20351569261401892], "12": [1, 0.19800104666501284], "13": [1, 0.19540128763765097], "14": [1, 0.1972136553376913], "15": [1, 0.19438183028250933], "16": [1, 0.19264856074005365], "17": [1, 0.19484271574765444], "18": [1, 0.1966735739260912], "19": [1, 0.1936874482780695], "20": [1, 0.20005735382437706], "21": [1, 0.19748683366924524], "22": [1, 0.19797738920897245], "23": [1, 0.1963111674413085], "24": [1, 0.19466630835086107], "25": [1, 0.19787497073411942], "26": [1, 0.19398862589150667], "27": [1, 0.19525282084941864], "28": [1, 0.19350027199834585], "29": [1, 0.19894771836698055], "30": [1, 0.20779505372047424], "31": [1, 0.1986122028902173], "32": [1, 0.19802003912627697], "33": [1, 0.19886403996497393], "34": [1, 0.1937101911753416], "35": [1, 0.19717963878065348], "36": [1, 0.19523179344832897], "37": [1, 0.1944084418937564], "38": [1, 0.1927403910085559], "39": [1, 0.19673578534275293], "40": [1, 0.1958120157942176], "41": [1, 0.19558733887970448], "42": [1, 0.1940046101808548], "43": [1, 0.19686955772340298], "44": [1, 0.19347080774605274], "45": [1, 0.19463817309588194], "46": [1, 0.19400442019104958], "47": [1, 0.19575144164264202], "48": [1, 0.19355447590351105], "49": [1, 0.19716170337051153], "50": [1, 0.19516199734061956], "51": [1, 0.19572867266833782], "52": [1, 0.1968533182516694], "53": [1, 0.1933995671570301], "54": [1, 0.1931449919939041], "55": [1, 0.1946484548971057], "56": [1, 0.19645416364073753], "57": [1, 0.19468463398516178], "58": [1, 0.1929708644747734], "59": [1, 0.1963865952566266], "60": [1, 0.1943186977878213], "61": [1, 0.19481495115906], "62": [1, 0.1969852764159441], "63": [1, 0.19555058423429728], "64": [1, 0.19548786524683237], "65": [1, 0.19382476527243853], "66": [1, 0.1935826577246189], "67": [1, 0.19391684420406818], "68": [1, 0.19525237753987312], "69": [1, 0.19380447454750538], "70": [1, 0.19572779349982738], "71": [1, 0.19445562828332186]}, {"1": [2, 0.24802475981414318], "2": [2, 0.21677323523908854], "3": [2, 0.21358795370906591], "4": [2, 0.23003648966550827], "5": [2, 0.21463143173605204], "6": [2, 0.22513023857027292], "7": [2, 0.21177986543625593], "8": [2, 0.2120429426431656], "9": [2, 0.22706967685371637], "10": [2, 0.22407109197229147], "11": [2, 0.21268784627318382], "12": [2, 0.22823814395815134], "13": [2, 0.210063386708498], "14": [2, 0.22962397802621126], "15": [2, 0.2251416016370058], "16": [2, 0.2291360618546605], "17": [2, 0.2093768734484911], "18": [2, 0.21273921336978674], "19": [2, 0.21704487409442663], "20": [2, 0.2195805348455906], "21": [2, 0.22747517097741365], "22": [2, 0.21803639270365238], "23": [2, 0.22713927552103996], "24": [2, 0.2116794679313898], "25": [2, 0.21414540894329548], "26": [2, 0.20904156938195229], "27": [2, 0.21413429826498032], "28": [2, 0.2254547169432044], "29": [2, 0.2271128986030817], "30": [2, 0.2188280252739787], "31": [2, 0.22641832567751408], "32": [2, 0.22758618276566267], "33": [2, 0.22481825482100248], "34": [2, 0.2177268099039793], "35": [2, 0.22711024899035692], "36": [2, 0.22866415977478027], "37": [2, 0.22577090468257666], "38": [2, 0.2188617056235671], "39": [2, 0.2270661611109972], "40": [2, 0.21276466827839613], "41": [2, 0.22056854702532291], "42": [2, 0.21533998847007751], "43": [2, 0.21442105900496244], "44": [2, 0.23030587285757065], "45": [2, 0.22107220068573952], "46": [2, 0.2276932941749692], "47": [2, 0.22692281287163496], "48": [2, 0.213044885545969], "49": [2, 0.2147099757567048], "50": [2, 0.21759306266903877], "51": [2, 0.21804987825453281], "52": [2, 0.2168666822835803], "53": [2, 0.23079743888229132], "54": [2, 0.21562211774289608], "55": [2, 0.22787857335060835], "56": [2, 0.21429438143968582], "57": [2, 0.22607840411365032], "58": [2, 0.21513833291828632], "59": [2, 0.2270196145400405], "60": [2, 0.21661701519042253], "61": [2, 0.22869027499109507], "62": [2, 0.21148673631250858], "63": [2, 0.22906013019382954], "64": [2, 0.21639504935592413], "65": [2, 0.22101248521357775], "66": [2, 0.22836980037391186], "67": [2, 0.224233478307724], "68": [2, 0.22622164338827133], "69": [2, 0.2167126154527068], "70": [2, 0.22680667787790298], "71": [1, 0.20540617778897285]}, {"1": [4, 0.3040310852229595], "2": [4, 0.2876327456906438], "3": [4, 0.27625962160527706], "4": [4, 0.28292727284133434], "5": [4, 0.28097338415682316], "6": [4, 0.287228612229228], "7": [4, 0.28780290484428406], "8": [4, 0.2819434143602848], "9": [4, 0.29112077690660954], "10": [4, 0.27732781041413546], "11": [4, 0.2821287726983428], "12": [4, 0.2717357138171792], "13": [4, 0.2729638097807765], "14": [4, 0.29448268935084343], "15": [4, 0.2749889073893428], "16": [4, 0.29217997658997774], "17": [4, 0.27204268239438534], "18": [4, 0.27012327406555414], "19": [4, 0.2718755351379514], "20": [4, 0.2758561475202441], "21": [4, 0.2751770652830601], "22": [4, 0.273382936604321], "23": [4, 0.2726630251854658], "24": [4, 0.27257990650832653], "25": [4, 0.2884856313467026], "26": [4, 0.27613124530762434], "27": [4, 0.27673045732080936], "28": [4, 0.2732776291668415], "29": [4, 0.27176211681216955], "30": [4, 0.28647236432880163], "31": [4, 0.2727374043315649], "32": [4, 0.2787317456677556], "33": [4, 0.2748273303732276], "34": [4, 0.27634147461503744], "35": [4, 0.272578408010304], "36": [4, 0.274796892888844], "37": [4, 0.2727788155898452], "38": [4, 0.2918758736923337], "39": [4, 0.28266082145273685], "40": [4, 0.27064829785376787], "41": [4, 0.27970695216208696], "42": [4, 0.2778302142396569], "43": [4, 0.2729700105264783], "44": [4, 0.2765141297131777], "45": [4, 0.2768857041373849], "46": [4, 0.27794512175023556], "47": [4, 0.2718021450564265], "48": [4, 0.2731296606361866], "49": [4, 0.277515659108758], "50": [4, 0.274778769351542], "51": [4, 0.2763683423399925], "52": [4, 0.28024416603147984], "53": [4, 0.2783780796453357], "54": [4, 0.2923570331186056], "55": [4, 0.2795622358098626], "56": [4, 0.2769980765879154], "57": [4, 0.2727393265813589], "58": [4, 0.2719194069504738], "59": [4, 0.2788983639329672], "60": [4, 0.2751186089590192], "61": [4, 0.27867943700402975], "62": [4, 0.27945719845592976], "63": [4, 0.2775968015193939], "64": [4, 0.27575434278696775], "65": [4, 0.27437660936266184], "66": [4, 0.273254263214767], "67": [4, 0.27588077168911695], "68": [4, 0.2761714980006218], "69": [4, 0.2791665829718113], "70": [4, 0.2859075842425227], "71": [1, 0.19267252925783396]}], "tbt": [{"1": [1, 127, 0.11733893862390142], "2": [1, 127, 0.11585584656870741], "3": [1, 127, 0.11568078962631348], "4": [1, 127, 0.11830256562533341], "5": [1, 127, 0.11723555222622992], "6": [1, 127, 0.11646253159489688], "7": [1, 127, 0.1163981695050799], "8": [1, 127, 0.11590844870170974], "9": [1, 127, 0.11620348057614302], "10": [1, 127, 0.11651074051065004], "11": [1, 127, 0.12219811976689288], "12": [1, 127, 0.1164693322296687], "13": [1, 127, 0.11539149549093068], "14": [1, 127, 0.11561680046885502], "15": [1, 127, 0.11546169462665094], "16": [1, 127, 0.11556244893806188], "17": [1, 127, 0.11584170368008727], "18": [1, 127, 0.11595711664216021], "19": [1, 127, 0.121102612670951], "20": [1, 127, 0.12072382954601932], "21": [1, 127, 0.1166739211102405], "22": [1, 127, 0.11587331922152849], "23": [1, 127, 0.11562556430961438], "24": [1, 127, 0.11635002107396135], "25": [1, 127, 0.12348378466544893], "26": [1, 127, 0.11546981482817902], "27": [1, 127, 0.1157717496142026], "28": [1, 127, 0.11581057244838458], "29": [1, 127, 0.11714316161686746], "30": [1, 127, 0.11888071303585852], "31": [1, 127, 0.11784006467485052], "32": [1, 127, 0.11644625814822246], "33": [1, 127, 0.11565497535185551], "34": [1, 127, 0.11536725532028853], "35": [1, 127, 0.11529137957547828],