{"l31w1.0sml64mnt128": [{"batch_size": 1, "mean_ttft": 256054.04252186418, "std_ttft": 1598.3666688381384, "mean_tbt": 155458.74587619514, "std_tbt": 268.46239410317344}, {"batch_size": 2, "mean_ttft": 280304.9610182643, "std_ttft": 12010.26423451388, "mean_tbt": 244975.71085176364, "std_tbt": 1947.091751592491}, {"batch_size": 4, "mean_ttft": 296047.78995737433, "std_ttft": 9629.14847041536, "mean_tbt": 244154.58357445602, "std_tbt": 170.88511180800467}]}