{
    "l24w1.0sml128mnt256": [
        {
            "batch_size": 1,
            "mean_ttft": 212837.74759620428,
            "std_ttft": 2503.7667230972647,
            "mean_tbt": 125863.5596855014,
            "std_tbt": 500.301158396501
        },
        {
            "batch_size": 2,
            "mean_ttft": 249299.76297542453,
            "std_ttft": 16686.792755454135,
            "mean_tbt": 193550.70453086027,
            "std_tbt": 207.10924694871485
        },
        {
            "batch_size": 4,
            "mean_ttft": 302115.99668487906,
            "std_ttft": 7969.510091059685,
            "mean_tbt": 194507.64056163677,
            "std_tbt": 144.62094722783522
        }
    ]
}