{"l27w1.0sml64mnt128": [{"batch_size": 1, "mean_ttft": 225576.8314935267, "std_ttft": 1331.4744644085085, "mean_tbt": 137273.76042496107, "std_tbt": 438.39938953103075}, {"batch_size": 2, "mean_ttft": 247699.7301913798, "std_ttft": 8583.181097441147, "mean_tbt": 213593.74728616021, "std_tbt": 170.94900634001397}, {"batch_size": 4, "mean_ttft": 259792.23077495894, "std_ttft": 8336.992985260098, "mean_tbt": 213969.36968902705, "std_tbt": 179.6106295162871}]}