{"l28w1.0sml64": [{"batch_size": 1, "mean_ttft": 234080.2825159497, "std_ttft": 1256.11036589458, "mean_tbt": 142494.73331816707, "std_tbt": 268.89487803668345}, {"batch_size": 2, "mean_ttft": 265238.96248804196, "std_ttft": 18437.75868098828, "mean_tbt": 221888.83728223952, "std_tbt": 83.16643478246134}, {"batch_size": 4, "mean_ttft": 266284.0973171923, "std_ttft": 9273.00690209177, "mean_tbt": 222419.63158010584, "std_tbt": 128.89537749919097}]}