{"l22w1.0sml64mnt128": [{"batch_size": 1, "mean_ttft": 188891.59535989165, "std_ttft": 2053.940352904188, "mean_tbt": 114993.94421825024, "std_tbt": 539.1445644120257}, {"batch_size": 2, "mean_ttft": 202825.76406374574, "std_ttft": 6664.755911047341, "mean_tbt": 177636.87441902838, "std_tbt": 695.6989706836529}, {"batch_size": 4, "mean_ttft": 215576.8129043281, "std_ttft": 4641.196647621546, "mean_tbt": 177346.20701682963, "std_tbt": 257.0456441747078}]}