{"ttft": [{"1": [1, 0.22584474366158247], "2": [1, 0.19900790508836508], "3": [1, 0.20049078669399023], "4": [1, 0.19620271679013968], "5": [1, 0.1977990372106433], "6": [1, 0.19798066560178995], "7": [1, 0.19687456730753183], "8": [1, 0.1969820847734809], "9": [1, 0.19507269747555256], "10": [1, 0.1965956473723054], "11": [1, 0.19848316628485918], "12": [1, 0.19437717366963625], "13": [1, 0.1976372255012393], "14": [1, 0.19718055985867977], "15": [1, 0.19710595905780792], "16": [1, 0.19722846802324057], "17": [1, 0.19722414761781693], "18": [1, 0.19785434007644653], "19": [1, 0.19578170403838158], "20": [1, 0.19544363766908646], "21": [1, 0.19683284033089876], "22": [1, 0.19524269923567772], "23": [1, 0.1971428170800209], "24": [1, 0.19743911270052195], "25": [1, 0.19701785501092672], "26": [1, 0.19534211326390505], "27": [1, 0.19645927008241415], "28": [1, 0.197914132848382], "29": [1, 0.19838307704776525], "30": [1, 0.19582571648061275], "31": [1, 0.19479369837790728], "32": [1, 0.19431764353066683], "33": [1, 0.194585588760674], "34": [1, 0.19458068069070578], "35": [1, 0.19610884133726358], "36": [1, 0.1944796796888113], "37": [1, 0.19490017462521791], "38": [1, 0.19567817635834217], "39": [1, 0.19563702587038279], "40": [1, 0.1960203517228365], "41": [1, 0.19851438235491514], "42": [1, 0.19699722900986671], "43": [1, 0.1965355947613716], "44": [1, 0.1961709577590227], "45": [1, 0.19584213104099035], "46": [1, 0.19710057694464922], "47": [1, 0.19593811966478825], "48": [1, 0.1977584296837449], "49": [1, 0.19755673967301846], "50": [1, 0.1987428367137909], "51": [1, 0.19417024869471788], "52": [1, 0.19410177040845156], "53": [1, 0.1949506001546979], "54": [1, 0.19413996953517199], "55": [1, 0.19455613382160664], "56": [1, 0.1942165568470955], "57": [1, 0.19758694805204868], "58": [1, 0.19764747750014067], "59": [1, 0.1958548966795206], "60": [1, 0.19370444118976593], "61": [1, 0.19594672694802284], "62": [1, 0.19596170540899038], "63": [1, 0.19455065112560987], "64": [1, 0.19502025563269854], "65": [1, 0.19724148977547884], "66": [1, 0.19818132743239403], "67": [1, 0.19734127819538116], "68": [1, 0.19449375104159117], "69": [1, 0.19493788573890924], "70": [1, 0.19586108531802893], "71": [1, 0.193064846098423]}, {"1": [2, 0.2396997269243002], "2": [2, 0.20870848465710878], "3": [2, 0.22656673844903708], "4": [2, 0.20642163511365652], "5": [2, 0.20837686210870743], "6": [2, 0.2226713877171278], "7": [2, 0.2043374963104725], "8": [2, 0.22128443233668804], "9": [2, 0.20802297443151474], "10": [2, 0.22096605505794287], "11": [2, 0.20621398463845253], "12": [2, 0.22304400149732828], "13": [2, 0.22110294178128242], "14": [2, 0.22621510177850723], "15": [2, 0.2091153496876359], "16": [2, 0.22064359579235315], "17": [2, 0.22237659618258476], "18": [2, 0.21437388751655817], "19": [2, 0.20799638889729977], "20": [2, 0.22237745393067598], "21": [2, 0.22131777461618185], "22": [2, 0.2054856587201357], "23": [2, 0.20457290671765804], "24": [2, 0.20440854877233505], "25": [2, 0.22195439599454403], "26": [2, 0.2036610273644328], "27": [2, 0.22097501624375582], "28": [2, 0.21860314346849918], "29": [2, 0.22172559704631567], "30": [2, 0.217258607968688], "31": [2, 0.20768048893660307], "32": [2, 0.20395514089614153], "33": [2, 0.20676421839743853], "34": [2, 0.20481984037905931], "35": [2, 0.22150827664881945], "36": [2, 0.21485567279160023], "37": [2, 0.2153842356055975], "38": [2, 0.21369737666100264], "39": [2, 0.20821494981646538], "40": [2, 0.218321630731225], "41": [2, 0.21072091907262802], "42": [2, 0.21498463954776525], "43": [2, 0.2213801136240363], "44": [2, 0.21093875635415316], "45": [2, 0.21239665802568197], "46": [2, 0.20392487663775682], "47": [2, 0.20425742212682962], "48": [2, 0.2077315403148532], "49": [2, 0.2054496267810464], "50": [2, 0.20485691353678703], "51": [2, 0.20669960137456656], "52": [2, 0.2210394348949194], "53": [2, 0.20619003660976887], "54": [2, 0.22001444548368454], "55": [2, 0.22203921247273684], "56": [2, 0.20746825076639652], "57": [2, 0.20341356750577688], "58": [2, 0.20817579049617052], "59": [2, 0.2033916972577572], "60": [2, 0.21086659096181393], "61": [2, 0.22491575684398413], "62": [2, 0.20172461587935686], "63": [2, 0.2056512888520956], "64": [2, 0.20592676475644112], "65": [2, 0.2045277412980795], "66": [2, 0.220943721011281], "67": [2, 0.22233916353434324], "68": [2, 0.2036327812820673], "69": [2, 0.2230511950328946], "70": [2, 0.20075830444693565], "71": [1, 0.20195418037474155]}, {"1": [4, 0.2483546705916524], "2": [4, 0.23225792776793242], "3": [4, 0.23726431746035814], "4": [4, 0.23271912056952715], "5": [4, 0.21896167006343603], "6": [4, 0.23051047511398792], "7": [4, 0.23134327493607998], "8": [4, 0.23578408267349005], "9": [4, 0.22752890828996897], "10": [4, 0.2355501353740692], "11": [4, 0.2347338441759348], "12": [4, 0.22583670634776354], "13": [4, 0.23004816845059395], "14": [4, 0.2206153068691492], "15": [4, 0.21862445026636124], "16": [4, 0.22275738324970007], "17": [4, 0.21698657982051373], "18": [4, 0.2211410803720355], "19": [4, 0.2206379659473896], "20": [4, 0.23954272456467152], "21": [4, 0.23024349380284548], "22": [4, 0.22623144183307886], "23": [4, 0.22761269565671682], "24": [4, 0.2237422876060009], "25": [4, 0.23730363510549068], "26": [4, 0.22177932877093554], "27": [4, 0.2238212153315544], "28": [4, 0.21875515300780535], "29": [4, 0.21874135173857212], "30": [4, 0.22394684329628944], "31": [4, 0.22234116028994322], "32": [4, 0.22055746987462044], "33": [4, 0.2400190094485879], "34": [4, 0.2214662879705429], "35": [4, 0.2224847162142396], "36": [4, 0.2281208522617817], "37": [4, 0.2367333136498928], "38": [4, 0.2186315692961216], "39": [4, 0.23474209569394588], "40": [4, 0.22706125304102898], "41": [4, 0.2208373723551631], "42": [4, 0.22200791910290718], "43": [4, 0.21765493787825108], "44": [4, 0.23875442799180746], "45": [4, 0.23528288584202528], "46": [4, 0.2364797629415989], "47": [4, 0.23803599551320076], "48": [4, 0.22261095978319645], "49": [4, 0.22099278587847948], "50": [4, 0.22163138911128044], "51": [4, 0.22188399638980627], "52": [4, 0.2217443874105811], "53": [4, 0.2215961990877986], "54": [4, 0.22562854271382093], "55": [4, 0.2220176225528121], "56": [4, 0.2259544562548399], "57": [4, 0.22092849388718605], "58": [4, 0.2177981985732913], "59": [4, 0.21949571929872036], "60": [4, 0.22162652388215065], "61": [4, 0.21926403045654297], "62": [4, 0.22064839489758015], "63": [4, 0.22031972836703062], "64": [4, 0.22148058377206326], "65": [4, 0.21806476172059774], "66": [4, 0.22044590394943953], "67": [4, 0.22440426982939243], "68": [4, 0.22349258977919817], "69": [4, 0.22279503755271435], "70": [4, 0.22549195773899555], "71": [1, 0.19560961611568928]}], "tbt": [{"1": [1, 127, 0.12113622748329649], "2": [1, 127, 0.12038400460503937], "3": [1, 127, 0.12026840791575552], "4": [1, 127, 0.12019369925012974], "5": [1, 127, 0.12017593914862927], "6": [1, 127, 0.12016843065003475], "7": [1, 127, 0.12026969847218023], "8": [1, 127, 0.12012270332761402], "9": [1, 127, 0.12026722576674514], "10": [1, 127, 0.11990996764782141], "11": [1, 127, 0.12000116179367219], "12": [1, 127, 0.120380143400311], "13": [1, 127, 0.12054024667545098], "14": [1, 127, 0.12035791165980063], "15": [1, 127, 0.11998725426566648], "16": [1, 127, 0.12018401404534738], "17": [1, 127, 0.12007211900396844], "18": [1, 127, 0.12022439851682251], "19": [1, 127, 0.12012090243575141], "20": [1, 127, 0.1201077879765841], "21": [1, 127, 0.12018620615869056], "22": [1, 127, 0.12015765400852745], "23": [1, 127, 0.12145779010524431], "24": [1, 127, 0.12112828000910639], "25": [1, 127, 0.12104012892676855], "26": [1, 127, 0.12049776103758202], "27": [1, 127, 0.12050490360707045], "28": [1, 127, 0.12101545005186101], "29": [1, 127, 0.1202118654962717], "30": [1, 127, 0.1200689358460739], "31": [1, 127, 0.12005994103731603], "32": [1, 127, 0.12005008900112758], "33": [1, 127, 0.11988123563506942], "34": [1, 127, 0.119816712573112],