{"l18w1.0": [{"batch_size": 1, "mean_ttft": 171449.26469773054, "std_ttft": 1978.1258977268565, "mean_tbt": 93548.34503954792, "std_tbt": 901.156857786699}, {"batch_size": 2, "mean_ttft": 237973.49760101901, "std_ttft": 12289.009088430203, "mean_tbt": 144420.1268148578, "std_tbt": 131.17743466531672}, {"batch_size": 4, "mean_ttft": 348119.95443370607, "std_ttft": 6314.845796285619, "mean_tbt": 147015.57591679244, "std_tbt": 105.66681144706908}]}