{
    "l32w1.0sml128": [
        {
            "batch_size": 1,
            "mean_ttft": 279942.52000417974,
            "std_ttft": 2106.5039437620294,
            "mean_tbt": 165419.49485146598,
            "std_tbt": 294.9049037932445
        },
        {
            "batch_size": 2,
            "mean_ttft": 324700.1511976123,
            "std_ttft": 23055.045704543907,
            "mean_tbt": 256503.30281075824,
            "std_tbt": 108.70766735231467
        },
        {
            "batch_size": 4,
            "mean_ttft": 397416.83697534935,
            "std_ttft": 7118.216282614013,
            "mean_tbt": 258170.86507203075,
            "std_tbt": 269.44092456342304
        }
    ]
}